target_band_hz,cfg_id,order,bw_hz,roi_rms_mean,roi_rms_std,envelope_peak_mean,envelope_peak_std,envelope_median_mean,envelope_median_std,envelope_peak_prominence_ratio_mean,envelope_peak_prominence_ratio_std,envelope_peak_to_second_ratio_mean,envelope_peak_to_second_ratio_std,peak_count_over_35pct_mean,peak_count_over_35pct_std,false_peak_penalty_mean,false_peak_penalty_std,detectability_score_mean,detectability_score_std,peak_index_mean,peak_index_std,peak_time_us_mean,peak_time_us_std,target_energy_mean,target_energy_std,off_energy_mean,off_energy_std,main_off_ratio_mean,main_off_ratio_std,main_off_ratio_db_mean,main_off_ratio_db_std,main_peak_power_mean,main_peak_power_std,secondary_peak_power_mean,secondary_peak_power_std,main_secondary_peak_ratio_mean,main_secondary_peak_ratio_std,main_secondary_peak_ratio_db_mean,main_secondary_peak_ratio_db_std,dominant_freq_hz_mean,dominant_freq_hz_std,dominant_freq_error_hz_mean,dominant_freq_error_hz_std,energy_40k_mean,energy_40k_std,energy_50k_mean,energy_50k_std,energy_60k_mean,energy_60k_std,n_samples
40000.0,iir_o8_bw4000,8,4000.0,53.173030248139995,50.767011212534264,108.33748229414502,102.83567753294187,72.32244332618815,69.91493019544562,1.5203611651273248,0.19950891956667313,7850992203645.985,57565888379203.32,14.391111111111112,13.838763238032195,13.391111111111112,13.838763238032204,-1.0434688084314903,1.8069274964615605,245.6211111111111,70.33259346869696,122.81055555555555,35.16629673434848,212136433.88771614,382293691.83731264,3187.9930958788364,4798.976940375562,214230.2248145248,611517.3383393959,47.68039357970791,5.645218311870836,212136433.88771614,382293691.83731264,3148.0346460205383,4735.650577633449,233715.14494090516,705942.3406946458,95.51088733785058,11.428842383845016,41269.84126984127,0.0,1269.8412698412722,0.0,212136433.88771614,382293691.83731264,3148.0346460205383,4735.650577633449,39.95844985829806,73.6434216652865,4500
40000.0,iir_o7_bw4000,7,4000.0,53.09830724995281,50.68857349865826,108.03310384696466,102.50266975272396,72.32844463885812,69.93081924868328,1.5166816016664477,0.2004388520491851,8300400972967.885,59056913761487.88,14.704666666666666,14.208185235026182,13.704666666666666,14.208185235026178,-1.0687084222465042,1.8562512857684415,245.25688888888888,70.60402249232703,122.62844444444444,35.30201124616352,211663600.84468368,381319301.918067,3174.503051818783,4779.749704077855,223268.72888101303,641415.0616873633,47.7098180058543,5.701537450045226,211663600.84468368,381319301.918067,3134.3585559176036,4716.050796708207,245985.58766721582,748691.9599806687,95.57681031360238,11.561066846184966,41269.84126984127,0.0,1269.8412698412722,0.0,211663600.84468368,381319301.918067,3134.3585559176036,4716.050796708207,40.1444959011792,74.19219238989895,4500
40000.0,iir_o6_bw4000,6,4000.0,52.9941668191577,50.58725428914513,107.58650501340809,102.06115497553103,72.35088792340127,69.95889547019705,1.5106047088840844,0.20103959805885396,8341739778549.086,59077568302374.0,15.12888888888889,14.749303459237026,14.12888888888889,14.749303459237025,-1.1137991289528217,1.9026645068076153,244.7577777777778,70.91785125435125,122.3788888888889,35.458925627175624,210953726.47203937,379942991.922233,3167.7935668053797,4763.517104160225,227539.29920064847,673993.148237274,47.69422863398072,5.720207304701816,210953726.47203937,379942991.922233,3127.3857904841357,4699.634896144933,254901.68133134846,811780.2060363286,95.55337898966498,11.622591590415892,41269.84126984127,0.0,1269.8412698412722,0.0,210953726.47203937,379942991.922233,3127.3857904841357,4699.634896144933,40.40777632124407,74.9657450908346,4500
40000.0,iir_o1_bw7000,1,7000.0,54.7521718747755,51.115780449698455,118.9350560992551,105.6153729731735,71.24328229132928,68.46545791701944,1.7759512692557464,0.37183131077232784,1.1260811774586155,0.13294454226974067,13.858444444444444,12.987220188403416,12.858444444444444,12.987220188403416,-1.1312594485093939,1.319522774248413,217.30377777777778,100.0642711173752,108.65188888888889,50.0321355586876,197154985.38895622,356548876.610888,7736714.359911823,13196650.252954612,32.50079948564399,34.400649717846996,13.147518496402563,4.134458276728531,197154985.38895622,356548876.610888,6895903.150792525,12109510.469388196,39.32635775507646,49.31883805115385,27.382021363391303,8.582828720745773,41269.84126984127,0.0,1269.8412698412722,0.0,197154985.38895622,356548876.610888,6830171.106541386,12118413.068268096,906543.2533704374,1635811.4554675873,4500
40000.0,iir_o5_bw4000,5,4000.0,52.83651201351079,50.44204795004841,106.89349547088203,101.42363409177995,72.38821640606977,70.0015216129116,1.5006564733565917,0.2012791289781221,8951430029283.604,60898698910570.77,15.594,15.49393644886559,14.594,15.493936448865588,-1.152604299668411,1.9919979824755671,244.178,71.16785992174626,122.089,35.58392996087313,209851750.15175048,377909659.5022309,3187.1117790822614,4745.535258880216,236831.24287348756,821777.8410698631,47.53791732039693,5.696031781906341,209851750.15175048,377909659.5022309,3146.2820675677135,4683.1357382288525,285408.3195823043,1136931.6783995512,95.25826993492014,11.646094989033308,41269.84126984127,0.0,1269.8412698412722,0.0,209851750.15175048,377909659.5022309,3146.2820675677135,4683.1357382288525,40.82971151454784,76.13913053291765,4500
40000.0,iir_o8_bw4500,8,4500.0,53.68404337815012,51.157611274296336,110.02639019287281,104.30243953883243,72.36570392984187,70.1723474327743,1.552161123547062,0.2528533903749627,2554733584091.4106,29996419339963.59,15.232444444444445,16.5851870423938,14.232444444444445,16.58518704239381,-1.1690590738478184,1.9034657162435566,243.35844444444444,70.2757133724038,121.67922222222222,35.1378566862019,214923024.81246588,388103131.6266951,3500.4735666766187,5084.933181597809,161135.20562672178,512695.8217523095,47.041664077821956,5.25241349328987,214923024.81246588,388103131.6266951,3460.884440426795,5026.206847802666,173873.02143240097,590219.3189252503,94.21099738559207,10.603111238229424,41269.84126984127,0.0,1269.8412698412722,0.0,214923024.81246588,388103131.6266951,3460.884440426795,5026.206847802666,39.58912624982388,72.2131002542734,4500
40000.0,iir_o6_bw4500,6,4500.0,53.61055482935399,51.10545796149111,109.3178674929672,103.7084747010949,72.64359974508454,70.4265507658468,1.5362053292167375,0.25041841049662195,6337844480691.88,51231353423955.49,15.814444444444444,17.782777487634778,14.814444444444444,17.782777487634778,-1.1906955324807693,2.1169068155004696,242.83488888888888,71.15333851779647,121.41744444444444,35.576669258898235,214207917.21799782,386661528.17352283,3668.4668723188383,5300.074039736008,269229.75798043126,1345388.8548409713,46.75144174562483,5.465389272417146,214207917.21799782,386661528.17352283,3628.5908888946237,5244.867336911663,383811.6958501474,2193068.4202747857,93.68250351233014,11.283450837127356,41269.84126984127,0.0,1269.8412698412722,0.0,214207917.21799782,386661528.17352283,3628.5847057872843,5244.871533680913,39.88216653155352,72.88634461635512,4500
40000.0,iir_o1_bw6500,1,6500.0,53.92716249187339,50.50380582106191,116.028774451787,103.54950952080937,70.61535659487194,68.03145023453663,1.7428406919881767,0.36134054998778553,1.1211230256386846,0.129081124352714,14.443333333333333,13.318274216096185,13.443333333333333,13.318274216096183,-1.1949202188340262,1.35309023753556,221.04155555555556,99.39735863248197,110.52077777777778,49.698679316240984,194839638.38629892,352403065.76891977,6443332.57830886,11034258.399124777,38.94248979127874,41.83646259575332,13.90009909622154,4.161306013612823,194839638.38629892,352403065.76891977,5780409.872808607,10189106.6818627,47.07899898475678,60.82066624634954,28.837932905692934,8.650933092032446,41269.84126984127,0.0,1269.8412698412722,0.0,194839638.38629892,352403065.76891977,5734034.543888016,10196330.511668311,709298.034420844,1278772.1058664909,4500
40000.0,iir_o7_bw4500,7,4500.0,53.65797900640406,51.142607313889734,109.74991251765225,104.07831162900781,72.48481222366372,70.27697173608792,1.5455585057652075,0.2516642920422176,2293517589492.4336,29142726882006.562,15.442666666666666,17.092183728532582,14.442666666666666,17.092183728532586,-1.2015199271527077,1.9291994552230771,243.12,70.36643871066303,121.56,35.18321935533152,214641844.3045625,387528542.62217474,3553.296036478075,5153.3431689983945,184661.23577837562,705174.8723014365,46.95373184676235,5.313905785218223,214641844.3045625,387528542.62217474,3513.616523447654,5095.453077256433,209799.22197736567,874598.6889397558,94.0457277356254,10.776572575600273,41269.84126984127,0.0,1269.8412698412722,0.0,214641844.3045625,387528542.62217474,3513.616523447654,5095.453077256433,39.67951303042131,72.42027003386583,4500
40000.0,iir_o2_bw5500,2,5500.0,54.16571866812587,51.307534362776195,109.21773570389053,101.97299950969791,73.6290411006562,70.71576643579965,1.5316516989864497,0.2905893884224388,14368792586293.781,73306463048073.16,17.729555555555557,19.56588126090148,16.729555555555557,19.56588126090148,-1.2509545039861794,2.5715078093003765,228.43044444444445,95.32973301722379,114.21522222222222,47.664866508611894,209566710.34190825,378388215.9158823,792584.1148772553,1504341.9280173045,481.64165145187826,748.8903124458553,23.918917921019148,4.7392777119991125,209566710.34190825,378388215.9158823,787256.1077838334,1499202.3345546771,538.7361768232124,1017.8539189349617,48.0103230317483,9.751132681533173,41269.84126984127,0.0,1269.8412698412722,0.0,209566710.34190825,378388215.9158823,787256.1058888505,1499202.3355496812,5328.008988404781,9112.007156945598,4500
40000.0,iir_o3_bw5500,3,5500.0,54.52685098684942,51.71471080927502,109.31557880738006,103.14519820878333,74.22652727398328,71.4239438866766,1.515809672988886,0.2908936498443808,13530998956700.201,70553661342115.66,17.61111111111111,20.989277655353952,16.61111111111111,20.989277655353952,-1.254063859210385,2.672917849851622,227.95288888888888,93.18228605013104,113.97644444444444,46.59114302506552,214203219.6987271,386841404.5445854,174621.98190060863,362619.83572950127,2575.984225199774,3655.3286232766186,30.99013846101382,5.104952018370286,214203219.6987271,386841404.5445854,174520.32737645836,362584.4500656009,2591.783573248687,3692.685431162718,62.000185297322965,10.231748080819864,41269.84126984127,0.0,1269.8412698412722,0.0,214203219.6987271,386841404.5445854,174520.32737645836,362584.4500656009,101.65452415028527,171.25464128095567,4500
40000.0,iir_o4_bw4000,4,4000.0,52.57366490783491,50.20494637995876,105.7411349608066,100.40922888957017,72.41592785661874,70.03075506194088,1.4842453408526821,0.2011652500230593,8883753128871.535,60303801428343.97,16.674,17.022067434034792,15.674,17.022067434034803,-1.2651309081499928,2.127743996079883,242.93555555555557,71.5886990661781,121.46777777777778,35.79434953308905,207997177.19542724,374594749.94265765,3451.8034006873954,5296.906050361548,276189.84344866674,1183487.3553941485,46.814230537120196,5.623089216864073,207997177.19542724,374594749.94265765,3410.283364341135,5249.762700198738,406337.5519091824,2001972.0633594028,93.85871323273629,11.740834090061218,41269.84126984127,0.0,1269.8412698412722,0.0,207997177.19542724,374594749.94265765,3410.2368515709354,5249.792061777129,41.5665491164597,77.92011164185375,4500
40000.0,iir_o5_bw4500,5,4500.0,53.52732427202601,51.0326011107202,108.6423893323909,103.12075075841076,72.85669566962927,70.63508451159657,1.5227029162236034,0.2486999939725726,7454425749678.585,55800412918764.82,16.589111111111112,19.03232043811383,15.58911111111111,19.03232043811383,-1.265999017097922,2.2528714228170212,241.83444444444444,72.6804484005781,120.91722222222222,36.34022420028905,213486312.34786984,385250683.3629559,4018.8476062381374,6003.160479357808,344373.55503569875,1874064.6257740797,46.24360352592716,5.671370203327462,213486312.34786984,385250683.3629559,3978.786141458523,5958.35962710089,524323.5867308134,3094449.3780649146,92.68527864384323,11.792670470805247,41269.84126984127,0.0,1269.8412698412722,0.0,213486312.34786984,385250683.3629559,3978.536049761946,5958.524149983017,40.31155647619157,73.87083618315921,4500
40000.0,iir_o1_bw6000,1,6000.0,53.00865272702459,49.80706412231243,112.93420729446515,101.42201668884226,69.9312568128867,67.50808325679918,1.7068007433800643,0.35227460385631976,1.115093936157107,0.125577620904188,15.251555555555555,13.902873635862687,14.251555555555555,13.902873635862687,-1.2816430554464833,1.4114404772625968,222.04066666666668,99.47071928964372,111.02033333333334,49.73535964482186,191941596.26356065,347217331.87832576,5232454.452861987,8998780.872597188,47.74656900706775,52.0882379053899,14.74888186257515,4.191871647028637,191941596.26356065,347217331.87832576,4723278.62908925,8359351.144016199,57.71464968753782,76.89804367913186,30.488810622009442,8.726885868211937,41269.84126984127,0.0,1269.8412698412722,0.0,191941596.26356065,347217331.87832576,4691953.38964715,8364839.173128975,540501.0632148354,973607.184432268,4500
40000.0,iir_o8_bw6500,8,6500.0,56.39929757202801,53.05178316113771,114.61868111334344,107.15643266637872,75.29850974130048,71.5597105159759,1.5861301470600009,0.3576730873044065,10901308921320.547,67090244368355.32,17.239555555555555,19.931655615052044,16.239555555555555,19.931655615052044,-1.2988397352956214,2.4250729538629967,211.756,105.86255341318244,105.878,52.93127670659122,217452709.64602527,393172553.2445739,61446.89960712886,120189.93832640516,13345.637212066165,44984.44109955644,35.325525117321114,5.596796632176284,217452709.64602527,393172553.2445739,61395.8804339782,120151.90531050229,13983.873628386318,48692.59933431694,70.68732796376364,11.271370764140915,41269.84126984127,0.0,1269.8412698412722,0.0,217452709.64602527,393172553.2445739,61395.8804339782,120151.90531050229,51.01917315065195,87.92849123874689,4500
40000.0,iir_o2_bw7000,2,7000.0,56.56069556766833,52.95714443063259,117.4241372528405,106.48028351193047,74.52374805497581,70.85975742941086,1.6503419875722034,0.31572293079154823,737480797657.5369,18688177569413.867,15.726888888888888,17.275093022958398,14.726888888888888,17.2750930229584,-1.3078025908160016,1.7926960450959768,213.7931111111111,102.1941311936311,106.89655555555555,51.09706559681555,214120446.8040305,386767446.6436981,3195847.267887274,5844155.420870625,112.4761064127213,173.9210600118007,17.790193527580357,4.544136048185389,214120446.8040305,386767446.6436981,3162745.171026416,5809451.70686356,127.50872999361215,236.74907855371202,35.80290459195068,9.412564692809445,41269.84126984127,0.0,1269.8412698412722,0.0,214120446.8040305,386767446.6436981,3162744.763240814,5809451.928830276,33102.50464645976,56871.40063914653,4500
40000.0,iir_o1_bw5500,1,5500.0,51.978456047130976,49.00689504268543,109.57052323923094,99.11017648979171,69.12326648066276,66.89280462058163,1.669130789320681,0.342813860826373,1.1159605434032653,0.1276972254884508,15.483555555555556,14.257887255520485,14.483555555555556,14.257887255520487,-1.3099681739297613,1.4466467858891086,222.69555555555556,99.60142943625854,111.34777777777778,49.80071471812927,188313723.13924566,340731633.31496435,4122705.6006429577,7122761.967480077,60.15636269563747,66.67499431294925,15.711109061897707,4.227277028467672,188313723.13924566,340731633.31496435,3743477.2122237147,6654046.130415978,72.74541193659347,99.97889689852417,32.36925201695069,8.812193658474698,41269.84126984127,0.0,1269.8412698412722,0.0,188313723.13924566,340731633.31496435,3723326.189140903,6657950.732134882,399379.4115020549,718788.9690772189,4500
40000.0,iir_o2_bw6000,2,6000.0,54.996732735421496,51.90212299526131,111.88050148552774,103.4273206661331,73.80081660522353,70.62536430576968,1.5720923443724735,0.30511161919500646,9319520483830.906,63361384758779.73,17.25177777777778,18.40032794300861,16.25177777777778,18.400327943008612,-1.317604483442256,2.259801835185023,224.5628888888889,97.85653796867672,112.28144444444445,48.92826898433836,211588781.61635572,382111696.050314,1354298.940146589,2532499.9219179894,276.4947489514988,432.84004348966374,21.57402493706612,4.659356154088575,211588781.61635572,382111696.050314,1343922.551494103,2522123.891850399,311.6954063493018,596.0976188369183,43.33469214163355,9.612184965748236,41269.84126984127,0.0,1269.8412698412722,0.0,211588781.61635572,382111696.050314,1343922.4889870114,2522123.9251545127,10376.451159577651,17765.30549060238,4500
40000.0,iir_o8_bw6000,8,6000.0,55.40523276608985,52.37040351535458,112.24230916728565,105.50960763623397,74.52511237380375,71.66311783022792,1.5658386146216925,0.35890015793819546,6212576264930.218,49588794149183.555,17.586444444444446,21.12749521971241,16.586444444444446,21.12749521971241,-1.3239765658648213,2.528526533820379,218.41422222222224,102.29492019589,109.20711111111112,51.147460097945,216913846.51514184,392298867.4776682,17730.804953009614,32959.04185466076,26549.6828634364,57865.106097827425,40.33136550430959,5.120700890152578,216913846.51514184,392298867.4776682,17686.087895873185,32927.891220604695,27817.780940886038,63843.65074210529,80.73544920104422,10.353088096254357,41269.84126984127,0.0,1269.8412698412722,0.0,216913846.51514184,392298867.4776682,17686.087895873185,32927.891220604695,44.7170571364303,77.73980980620462,4500
40000.0,iir_o4_bw5000,4,5000.0,53.96101149361486,51.35593144422377,108.47625236635498,103.09930407261328,73.91810520783851,71.80518479660304,1.507585980884693,0.28062362644023436,6689387430656.885,48972048529239.8,17.08222222222222,19.772070720299414,16.08222222222222,19.772070720299414,-1.3242247256511268,2.3264239233099038,228.82533333333333,88.45686372305957,114.41266666666667,44.228431861529785,214350163.4868223,387095385.0726036,15773.467320502781,35351.346767456576,35234.59760594595,67974.54209906538,41.27928399214756,5.6673266497506765,214350163.4868223,387095385.0726036,15731.221378468255,35343.008107313006,39107.611274115,89990.65705246721,82.69483699678216,11.566939232424925,41269.84126984127,0.0,1269.8412698412722,0.0,214350163.4868223,387095385.0726036,15731.211774844023,35343.01238138421,42.255545658757335,75.60341790271713,4500
40000.0,iir_o7_bw6000,7,6000.0,55.383056642884476,52.35939135844295,112.04357031522747,105.3848646196803,74.55048929559214,71.61865018915184,1.560951766658383,0.3526847217528791,6417697396626.363,49644319262200.414,17.744222222222223,21.419240486798106,16.744222222222223,21.4192404867981,-1.3293170524518236,2.5743733067802985,218.366,102.24338273324183,109.183,51.121691366620915,216902087.94413203,392252416.16164505,23313.88398139924,45787.116807364895,57511.498880908184,268227.52481945045,39.51542300740269,5.987643855906841,216902087.94413203,392252416.16164505,23269.650348916177,45760.31513875465,85220.45579313395,450089.0235335723,79.18552022165956,12.434618692457352,41269.84126984127,0.0,1269.8412698412722,0.0,216902087.94413203,392252416.16164505,23268.616875780248,45760.8351859102,45.267105618992176,78.97184202914754,4500
40000.0,iir_o4_bw4500,4,4500.0,53.37538597477498,50.89263204386474,107.61311578377345,102.27214966511288,73.1239059361216,70.89394770432736,1.5030135297887575,0.24578131240072768,8374388140806.944,58488062718767.57,17.335333333333335,20.176873936056538,16.335333333333335,20.17687393605655,-1.3332582862741373,2.3869769436704185,239.62488888888888,75.05228645291415,119.81244444444444,37.526143226457066,212172376.1838229,382759744.21852094,5974.076294547263,11632.393086867449,70605.36834168242,190978.5681558173,44.46092680266997,4.9523508758523604,212172376.1838229,382759744.21852094,5932.98434310582,11615.334645536901,74309.68351265552,204835.07644411948,89.0464327931703,10.038872710283554,41269.84126984127,0.0,1269.8412698412722,0.0,212172376.1838229,382759744.21852094,5932.98434310582,11615.334645536901,41.09195144144337,75.2884985703158,4500
40000.0,iir_o2_bw6500,2,6500.0,55.79428247881033,52.448640875503756,114.61603297278421,104.90594969714262,74.18427939734302,70.69047236379113,1.6092819634737359,0.306121722965492,4695136568812.255,46446215017839.11,16.56888888888889,17.60846830742137,15.568888888888889,17.60846830742137,-1.3377926258267951,1.9826873646500258,220.50644444444444,98.28443376584991,110.25322222222222,49.142216882924956,213046734.74728772,384794648.82280093,2147789.1899770736,3967910.422228002,170.86338449379122,266.433772753161,19.546108256996177,4.5965593829540845,213046734.74728772,384794648.82280093,2128763.6284607206,3948372.1580266994,193.25437886669062,365.5246538931584,39.29507727639685,9.502242110573034,41269.84126984127,0.0,1269.8412698412722,0.0,213046734.74728772,384794648.82280093,2128763.4446589886,3948372.2571115373,19025.74531808486,32626.764714564746,4500
40000.0,iir_o7_bw6500,7,6500.0,56.37385593060838,53.034092796389785,114.46427136682455,107.00021364179516,75.29522397729842,71.55066615902706,1.582706421276495,0.3518730536497064,8736487471095.426,62143657525275.75,17.222666666666665,19.790955116497155,16.222666666666665,19.790955116497155,-1.346228533771259,2.3176333514330607,212.00755555555557,104.34368569284764,106.00377777777778,52.17184284642382,217435140.07919344,393131206.97656083,79839.49247582308,160343.6389863405,5896.431353584346,11743.263630610632,34.109227942625296,5.068792148150628,217435140.07919344,393131206.97656083,79788.19520673598,160310.3987012934,5948.872149049469,11959.471817916165,68.2369104457464,10.162112219268554,41269.84126984127,0.0,1269.8412698412722,0.0,217435140.07919344,393131206.97656083,79788.19520673598,160310.3987012934,51.29726908709433,89.13929953982002,4500
40000.0,iir_o5_bw5000,5,5000.0,54.00704124040476,51.41380940158307,109.03261183087247,103.61202294927328,73.69486018866525,71.70183645945383,1.5217045021940399,0.28820399897894794,3964846972979.0947,35558504595003.82,17.088,20.06494873137728,16.088,20.064948731377285,-1.348074227367547,2.281809008993219,232.59622222222222,82.50482326862327,116.29811111111111,41.252411634311635,215182142.81634164,388778783.2541195,7029.846152086562,13035.767242206439,53119.2549256637,109320.60738364604,43.86102204558,4.867062859367037,215182142.81634164,388778783.2541195,6988.673893210915,13014.743592048862,54980.60159752891,114112.9068555808,87.83398662960427,9.84545322498128,41269.84126984127,0.0,1269.8412698412722,0.0,215182142.81634164,388778783.2541195,6988.673893210915,13014.743592048862,41.17225887564774,74.33961933181487,4500
40000.0,iir_o6_bw6000,6,6000.0,55.36905762913379,52.35074209532962,111.83382151736124,105.2192390039271,74.58567969924009,71.56741708982592,1.555670514443594,0.34551902744853674,6408246204479.833,49412014658638.016,18.00711111111111,21.67382203389358,17.00711111111111,21.67382203389358,-1.3516078314165576,2.6073272905036626,218.71977777777778,102.20083349317048,109.35988888888889,51.10041674658524,216865051.6924288,392138559.60244745,34887.40186354648,72264.44072314036,20116.937377614304,57822.49304108638,37.849608865483454,5.633014432942376,216865051.6924288,392138559.60244745,34841.303837940606,72242.84693610732,21443.98422668699,65269.91459968788,75.76116547240112,11.384956544907055,41269.84126984127,0.0,1269.8412698412722,0.0,216865051.6924288,392138559.60244745,34841.303837940606,72242.84693610732,46.098025605881205,80.99959363723573,4500
40000.0,iir_o3_bw6000,3,6000.0,55.28843637936062,52.24024047167342,111.24652332181803,104.06170372848698,74.58622832305846,71.2452424796832,1.5429237342535793,0.30925947256159586,3595241045056.6943,36369837285909.53,17.40288888888889,20.547953565799773,16.40288888888889,20.547953565799776,-1.3554209761429847,2.376689273172667,223.99444444444444,96.05462954077213,111.99722222222222,48.02731477038606,215405378.44145164,389117345.33457726,401629.4106905862,805648.9283680955,1002.7884102506548,1330.1605423758467,27.251539910203412,4.823679906535709,215405378.44145164,389117345.33457726,401417.69930632546,805533.0468418703,1007.7614646010948,1342.6988401921897,54.51828073139188,9.66412574526506,41269.84126984127,0.0,1269.8412698412722,0.0,215405378.44145164,389117345.33457726,401417.69930632546,805533.0468418703,211.71138426075453,355.93664008946297,4500
40000.0,iir_o3_bw5000,3,5000.0,53.8128533316013,51.19300871525044,107.62231336259288,102.1853134855044,73.95512711812881,71.60318029599279,1.4920394904835992,0.2675199806653579,9500550133655.236,60284655977596.17,17.803333333333335,20.719364222623508,16.803333333333335,20.719364222623508,-1.3642334219439232,2.4873466240893487,229.18133333333333,89.41549102928424,114.59066666666666,44.70774551464212,212387145.594511,383376968.4513024,67106.09264247723,146060.47604906073,11203.321205738133,30889.92349769483,35.42710665224473,5.88545318696931,212387145.594511,383376968.4513024,67046.50694918042,146050.7968093141,11845.849840861927,34775.531611881874,70.91600132469945,11.884305590045413,41269.84126984127,0.0,1269.8412698412722,0.0,212387145.594511,383376968.4513024,67046.41228772784,146050.84008387182,59.68035474938254,99.28273522068851,4500
40000.0,iir_o3_bw6500,3,6500.0,56.096790381563025,52.78353652220965,113.62211611484224,105.33978240815388,74.94363671531619,71.17890079260465,1.5734572740599395,0.30327947151137846,2840707493494.3203,36570064995879.18,16.487111111111112,18.467444622333687,15.487111111111112,18.467444622333687,-1.3650745949212382,1.986765832056745,214.3248888888889,100.34949485956339,107.16244444444445,50.174747429781696,216252978.494599,390701810.11003137,823522.2808439857,1610251.0818359975,479.4066152030626,681.2893175659614,24.06851779999017,4.717132538100554,216252978.494599,390701810.11003137,823047.1325731737,1609917.5816265026,482.81762941394976,693.516431278162,48.15321388181449,9.455129503987466,41269.84126984127,0.0,1269.8412698412722,0.0,216252978.494599,390701810.11003137,823047.1325731737,1609917.5816265026,475.14827081203225,789.4100644008771,4500
40000.0,iir_o6_bw7000,6,7000.0,57.286711591313654,53.679081707241224,116.62331317319496,108.45576229635378,75.9120176577772,71.50288000971106,1.5955586345376844,0.32920438862057266,10133657628119.246,69770515738864.71,17.394222222222222,18.329021328062833,16.394222222222222,18.329021328062833,-1.3651689381867689,2.1884124746013787,206.75533333333334,103.38695650029702,103.37766666666667,51.69347825014851,217842410.86890692,393785290.2139204,332896.57152751146,673263.2475250671,1069.9285035149924,1226.6276812121669,27.95192892887927,4.562272335767279,217842410.86890692,393785290.2139204,332836.95414891996,673231.8258764695,1071.0890932122786,1228.9183455970515,55.908036115746704,9.128634161117903,41269.84126984127,0.0,1269.8412698412722,0.0,217842410.86890692,393785290.2139204,332836.95414891996,673231.8258764695,59.61737859149047,107.20381472777999,4500
40000.0,iir_o6_bw6500,6,6500.0,56.33367972199157,53.0060028551664,114.2338633081192,106.77219919328091,75.28271406958689,71.52206408041613,1.578039214613376,0.3433557743312545,8038682026506.489,60247035262242.29,17.334444444444443,19.633854828198768,16.334444444444443,19.633854828198768,-1.3749419845133288,2.273450895832321,211.88333333333333,103.55798591068125,105.94166666666666,51.77899295534063,217396797.5827665,393042174.07245874,114713.58172016342,235771.78706871535,3502.148456855006,4740.080078935389,32.59269164186969,4.876273253119998,217396797.5827665,393042174.07245874,114661.63175164815,235743.75636873255,3516.5020401765655,4774.634657806306,65.1979997217082,9.76713887801562,41269.84126984127,0.0,1269.8412698412722,0.0,217396797.5827665,393042174.07245874,114661.63175164815,235743.75636873255,51.9499685152783,91.53417292427616,4500
40000.0,iir_o8_bw5500,8,5500.0,54.49176569454973,51.77295436755811,110.02998073987594,104.35773274830485,74.10966327361017,72.18188875262331,1.541006355773915,0.33182935424547677,5913488484483.8,44002898841037.61,17.69622222222222,20.32071010918623,16.69622222222222,20.320710109186226,-1.3786379127583306,2.3779524928284284,223.18933333333334,94.50800371839976,111.59466666666667,47.25400185919988,216373779.81350353,391399310.6152055,6556.779026017453,10270.484651458617,52087.88776333695,108937.0400919873,44.139173917687536,4.58856530326822,216373779.81350353,391399310.6152055,6515.553453995599,10230.833042954324,53371.19275512645,111834.17211322136,88.37944307336188,9.25940559702379,41269.84126984127,0.0,1269.8412698412722,0.0,216373779.81350353,391399310.6152055,6515.553453995599,10230.833042954324,41.22557202185408,73.48881320593736,4500
40000.0,iir_o6_bw5000,6,5000.0,54.023850184498066,51.44017587489411,109.45424496219238,103.9720472761336,73.51078255576174,71.59591158123938,1.5325645650870456,0.29228524834339425,3003913078206.422,30394862781097.16,17.328444444444443,20.884362654678583,16.328444444444443,20.884362654678583,-1.3791619902179075,2.3299778219442713,235.338,79.14121588661354,117.669,39.57060794330677,215590829.30233905,389666574.1786536,5041.358848535353,7779.027460943135,97819.69285592131,358644.3755963698,45.14726136118302,4.875745623856117,215590829.30233905,389666574.1786536,5000.898152856419,7740.645270887825,103514.04937429911,394162.6529334401,90.40484046196546,9.84450275431585,41269.84126984127,0.0,1269.8412698412722,0.0,215590829.30233905,389666574.1786536,5000.898152856419,7740.645270887825,40.46069567893459,72.95737701652493,4500
40000.0,iir_o7_bw7000,7,7000.0,57.355718950752134,53.73968355745903,116.90549326982776,108.81146947930137,76.00003460479526,71.57553406552091,1.597269155084432,0.33588245924485477,8096908147777.252,62630008931856.55,17.326,18.25918433015991,16.326,18.25918433015991,-1.3859878452693712,2.122581114191137,206.85466666666667,104.03425726246142,103.42733333333334,52.01712863123071,217894780.4199269,393887097.02393913,248541.530349189,496305.4124986427,1402.7061292771753,1622.0480744881072,29.118503367139954,4.536134596341319,217894780.4199269,393887097.02393913,248482.7812345157,496267.2263501308,1404.5579247110752,1625.6172372177143,58.24218913245046,9.077187103748399,41269.84126984127,0.0,1269.8412698412722,0.0,217894780.4199269,393887097.02393913,248482.7812345157,496267.2263501308,58.74911467327091,103.56203019093874,4500
40000.0,iir_o5_bw6000,5,6000.0,55.35907396563272,52.34039257580392,111.61669423194749,104.99798614073113,74.62931222133096,71.49778931078619,1.5498049988076383,0.3363534986913453,6270519013526.561,49075239361456.25,18.303333333333335,21.88922661565544,17.303333333333335,21.889226615655442,-1.3898703355181883,2.62058638980094,219.772,99.49726939705707,109.886,49.748634698528534,216754513.3956647,391859144.8177652,62809.65583181005,134203.15270240037,7676.432175321127,11881.85500548769,35.397984318987376,5.281974600533207,216754513.3956647,391859144.8177652,62762.3144292984,134185.39179415515,7772.626635867637,12161.417007509875,70.8251348014332,10.604372791860152,41269.84126984127,0.0,1269.8412698412722,0.0,216754513.3956647,391859144.8177652,62762.3144292984,134185.39179415515,47.34140251164579,83.87931071951542,4500
40000.0,iir_o4_bw6000,4,6000.0,55.343917576847325,52.31715301748296,111.37626093629919,104.65244275983099,74.67813932384172,71.42591058742167,1.5436948352423523,0.3244804474493578,5930000734392.484,48259104278647.17,18.184444444444445,21.73834025427638,17.184444444444445,21.738340254276373,-1.3960550064206867,2.5767533348335996,221.16977777777777,97.71201669302842,110.58488888888888,48.85600834651421,216429242.51845098,391143865.02956647,141876.5336156639,299806.9215803819,3265.7525707725604,4983.516070524824,31.939909333369467,5.121992630077695,216429242.51845098,391143865.02956647,141825.7642051156,299793.7752274506,3286.573360252541,5058.416761354745,63.894231529676176,10.263818742573433,41269.84126984127,0.0,1269.8412698412722,0.0,216429242.51845098,391143865.02956647,141825.7642051156,299793.7752274506,50.76941054828265,86.84390901983699,4500
40000.0,iir_o7_bw5000,7,5000.0,54.03495769329756,51.458739519962165,109.77190043322277,104.25281253587701,73.36119477208914,71.48361892393758,1.5407195601570878,0.2950775070529206,2042016114990.4004,25005813766981.39,17.348444444444443,21.130494745847578,16.348444444444443,21.13049474584758,-1.3960942314549432,2.313002135603934,235.9508888888889,77.62692271453045,117.97544444444445,38.813461357265226,215817932.91387954,390192389.2291022,4382.00158112656,6381.913106118447,188046.35260153576,919498.757757048,45.89273147231526,5.205918341627108,215817932.91387954,390192389.2291022,4341.966229083001,6333.444652024846,230350.090094815,1237991.5120469474,91.92629156871368,10.628010215987938,41269.84126984127,0.0,1269.8412698412722,0.0,215817932.91387954,390192389.2291022,4341.966229083001,6333.444652024846,40.0353520435593,72.17880857037747,4500
40000.0,iir_o5_bw7000,5,7000.0,57.19794913390061,53.599334428837345,116.35958860680329,108.02054968534641,75.78470756109363,71.40913464557634,1.5951430654950152,0.3208843997769391,10646191416548.018,71364985163193.55,17.790666666666667,18.705939164756302,16.790666666666667,18.705939164756302,-1.3965761581446072,2.239742353628251,206.1228888888889,102.46913569592517,103.06144444444445,51.23456784796259,217749910.31767786,393594700.81017464,491215.5720477153,993769.9789434208,743.65861551365,866.5694946491166,26.346824153013294,4.587719251745217,217749910.31767786,393594700.81017464,491153.56384435284,993745.7397231571,744.2241621431423,867.5129978146463,52.696750430033305,9.178430940118723,41269.84126984127,0.0,1269.8412698412722,0.0,217749910.31767786,393594700.81017464,491153.56384435284,993745.7397231571,62.008203362406995,112.34266381721906,4500
40000.0,iir_o8_bw5000,8,5000.0,54.04947021387704,51.478413985582335,110.04088588975218,104.49511680130769,73.24700339133805,71.40350860547674,1.5471717581962565,0.29706242167375535,1875633605520.38,23472837063580.195,17.338444444444445,21.150712631839504,16.338444444444445,21.150712631839504,-1.3974766294563576,2.3105781500742957,237.0882222222222,76.81564745034557,118.5441111111111,38.40782372517278,215959370.5839135,390533164.5692858,4075.2385307499567,5880.321452471883,229369.20416495475,1126399.6721292385,46.33018324945706,5.3903712292965436,215959370.5839135,390533164.5692858,4035.468760779966,5827.569664976603,299431.31581951416,1637472.56326019,92.81910142766598,11.057487981394832,41269.84126984127,0.0,1269.8412698412722,0.0,215959370.5839135,390533164.5692858,4035.468760779966,5827.569664976603,39.76976996999016,71.721908414583,4500
40000.0,iir_o7_bw5500,7,5500.0,54.52442250737115,51.79277721495282,110.03227097378453,104.32853565690958,74.12499908892987,72.10812984664884,1.5391324437105394,0.3299008222758886,5626850912983.33,43091448925869.31,17.856444444444445,20.413699007274843,16.856444444444445,20.413699007274843,-1.405810014318123,2.3684115083662785,223.34,94.21459687597897,111.67,47.107298437989485,216357080.339144,391304617.5011662,7921.971941873837,13406.77428017551,42165.37462936875,69335.96868015619,43.38324015531917,4.666315104058322,216357080.339144,391304617.5011662,7880.290238483298,13375.45452370528,43733.08060858402,73252.46224370143,86.87418840150104,9.454548922632277,41269.84126984127,0.0,1269.8412698412722,0.0,216357080.339144,391304617.5011662,7880.290238483298,13375.45452370528,41.68170339053766,74.13457164681806,4500
40000.0,iir_o4_bw5500,4,5500.0,54.58274217575355,51.80029478863314,109.61605290359553,103.79178526486847,74.2561823542334,71.68473052273603,1.521856471646515,0.30661931802169434,8160160484121.3955,53672828211181.94,18.261111111111113,21.11089168174173,17.261111111111113,21.11089168174173,-1.4064468118508389,2.516844958370114,227.48533333333333,93.56538119596524,113.74266666666666,46.78269059798262,215595195.2554375,389551661.80485344,48834.53463260672,107761.79382843063,14211.076599224636,33648.77242767733,36.768285056945636,5.805200253635285,215595195.2554375,389551661.80485344,48789.42416619919,107751.83183341313,15136.024313935564,38538.34121531169,73.60274541417137,11.739456149475686,41269.84126984127,0.0,1269.8412698412722,0.0,215595195.2554375,389551661.80485344,48789.42416619919,107751.83183341313,45.11046640753122,78.77007833455696,4500
40000.0,iir_o3_bw7000,3,7000.0,56.911629859753326,53.322808844773476,116.3818912622911,106.91346550245571,75.26047317081597,71.13713923105225,1.6107930327019222,0.3042901459639728,1411855592343.7075,25472417709180.4,16.808222222222224,18.885703973537172,15.808222222222222,18.885703973537172,-1.4118301893720255,1.9754794362603458,206.95666666666668,103.62441643817135,103.47833333333334,51.812208219085676,216874041.69185328,391845767.278953,1524894.434318425,2922574.9161601127,260.8075526285692,405.9868502794027,21.345197068421566,4.677060348167362,216874041.69185328,391845767.278953,1523834.7638341896,2921716.8975405158,263.6795226330275,418.42151595630014,42.71003441475774,9.383066851104067,41269.84126984127,0.0,1269.8412698412722,0.0,216874041.69185328,391845767.278953,1523834.7638341896,2921716.8975405158,1059.6704842352297,1746.0801619826532,4500
40000.0,iir_o5_bw6500,5,6500.0,56.27883742705655,52.96374512644493,113.92547782853487,106.42617901957983,75.24736839036474,71.46117358138454,1.5726397084790178,0.331952489554447,5039526394402.104,46739525347421.6,17.348222222222223,19.718362280365287,16.348222222222223,19.718362280365287,-1.4125839599300476,2.1991265298283458,211.67133333333334,102.56841313795685,105.83566666666667,51.284206568978426,217304995.2992992,392832944.6806205,188353.74710308947,390582.35944829875,2123.876660689736,2749.1362306381907,30.549885403164534,4.83226995488318,217304995.2992992,392832944.6806205,188300.4693981395,390559.8679984791,2130.043799756783,2765.9778623684206,61.108259660091626,9.674678970918563,41269.84126984127,0.0,1269.8412698412722,0.0,217304995.2992992,392832944.6806205,188300.4693981395,390559.8679984791,53.27770494996768,94.98053955713794,4500
40000.0,iir_o4_bw6500,4,6500.0,56.20679343109992,52.89936800186745,113.60944747560784,105.9311396622999,75.15751604556169,71.34281520562458,1.5684588690574786,0.31723957120363183,3680448745352.741,41576193939506.53,17.079777777777778,19.52749447897278,16.079777777777778,19.527494478972777,-1.4141644635748982,2.114652225906388,212.91555555555556,101.1429876902222,106.45777777777778,50.5714938451111,217054841.09912094,392294288.3123932,362763.84379563556,740092.9502610017,1077.4899007180384,1329.5608924868163,27.735977939545798,4.75048841233446,217054841.09912094,392294288.3123932,362701.1155285743,740076.5189517281,1079.0129830036676,1332.4306177154244,55.477180535282855,9.50644963403257,41269.84126984127,0.0,1269.8412698412722,0.0,217054841.09912094,392294288.3123932,362701.1155285743,740076.5189517281,62.728267061298645,106.43761795476729,4500
40000.0,iir_o8_bw7000,8,7000.0,57.41158735181427,53.786894210436046,117.14437327609069,109.0702270028643,76.07853399588498,71.63330920669851,1.5984393842407139,0.33899773249649995,5058763327094.08,49786829093872.984,17.257555555555555,18.439513784742736,16.257555555555555,18.439513784742736,-1.419602946611707,2.044759319061501,206.82866666666666,104.62611478327618,103.41433333333333,52.31305739163808,217930943.4440495,393951408.9756874,200043.01853623945,392285.95957963815,1741.3059085204618,2143.008139050718,29.97733351347388,4.534057030421628,217930943.4440495,393951408.9756874,199984.3688945249,392241.0082272356,1743.9488497675284,2148.214915587773,59.96071340968219,9.073644539170088,41269.84126984127,0.0,1269.8412698412722,0.0,217930943.4440495,393951408.9756874,199984.3688945249,392241.0082272356,58.64964171456318,101.8965600911179,4500
40000.0,iir_o3_bw4500,3,4500.0,53.061921036851025,50.59564999506253,105.98764442999868,100.92891775980254,73.29678457287349,71.0428576419229,1.476270524722513,0.23968906022367384,10004252185354.004,62602276160196.805,18.368222222222222,20.84692063526013,17.368222222222222,20.84692063526013,-1.4215984632948855,2.5079477780631425,236.49555555555557,83.42183582226087,118.24777777777778,41.71091791113044,209447785.24087793,377775051.0141299,23095.528533942394,52851.509542960586,35687.48947217256,90623.8550334739,40.02619459801581,6.211618355851821,209447785.24087793,377775051.0141299,23049.85340210867,52848.63381391637,43881.55384960329,134533.53835438832,80.24077932541205,12.808663662806504,41269.84126984127,0.0,1269.8412698412722,0.0,209447785.24087793,377775051.0141299,23049.791304647624,52848.66050463106,45.73722929477082,78.06104552346763,4500
40000.0,iir_o6_bw5500,6,5500.0,54.55226768305027,51.80723329713693,109.97770439310491,104.25618584736365,74.15403513510367,72.00585505237927,1.5354517204371227,0.32557806422791175,5527322661462.604,42957908924758.25,18.013555555555556,20.509037540297186,17.013555555555556,20.509037540297182,-1.4270566370171107,2.369980273774803,224.60244444444444,94.05084361875358,112.30122222222222,47.02542180937679,216285876.15193957,391088563.95618254,10959.96333493842,20905.75331153065,45205.972540447605,103775.05512935476,42.33673318819389,5.274666123527237,216285876.15193957,391088563.95618254,10917.616417643734,20884.183754682217,51995.409421011675,138750.639212206,84.8224387613186,10.838133988081777,41269.84126984127,0.0,1269.8412698412722,0.0,216285876.15193957,391088563.95618254,10917.596831754836,20884.19399144894,42.3665031835843,75.35644576370844,4500
40000.0,iir_o1_bw5000,1,5000.0,50.81121636545374,48.077799659305676,105.8941153511485,96.53151784342397,68.29858532775565,66.2044039376495,1.6264222245882667,0.32704812040834846,1.1155791243012874,0.1448170830232905,16.692666666666668,15.642368687482902,15.692666666666666,15.642368687482902,-1.4371514907364016,1.5855305952807246,226.37844444444445,100.48076752820158,113.18922222222223,50.24038376410079,183760457.4113617,332601528.56395894,3131787.5420950833,5437784.121802883,78.29807151539116,88.22644895214596,16.808129384571075,4.269225989633929,183760457.4113617,332601528.56395894,2859521.8965090406,5106810.008802457,94.75221049580189,134.21987853613777,34.52205043218926,8.909457007180581,41269.84126984127,0.0,1269.8412698412722,0.0,183760457.4113617,332601528.56395894,2847230.999600525,5109409.137837339,284556.54249455873,511707.59926928586,4500
40000.0,iir_o7_bw3500,7,3500.0,51.91247844865896,49.578358853340845,103.55089852365573,98.07767951052314,72.21008076125555,69.69517033536276,1.4553611515063658,0.1543620267909628,583443297184.5525,14759328087791.162,17.156,16.03141010024317,16.156,16.03141010024317,-1.4430078483533146,1.7278524299895004,244.22688888888888,72.36291213582514,122.11344444444444,36.18145606791257,204262370.84674823,366096982.41589385,2797.1310963123897,4528.6538900619025,439414.3268912449,2030582.3415934544,48.63798227548071,6.173032804352783,204262370.84674823,366096982.41589385,2753.447025332002,4452.875496282922,605352.5020525705,3195137.890716156,97.5219385968055,12.731730373768164,41269.84126984127,0.0,1269.8412698412722,0.0,204262370.84674823,366096982.41589385,2753.445001873626,4452.87674749095,43.68609443876357,82.7207472050594,4500
40000.0,iir_o5_bw5500,5,5500.0,54.57486147063984,51.813731461324245,109.84061930311512,104.10085125058367,74.20797897057112,71.87838813046979,1.5295191259243914,0.31825637085121394,6364724399204.518,46508740154063.49,18.357333333333333,20.98396072457717,17.357333333333333,20.983960724577166,-1.4487360814750878,2.442003729734418,225.65377777777778,94.92679481480174,112.82688888888889,47.46339740740087,216093333.76713863,390618668.9312643,19388.31681356956,41501.25698556529,31803.514590554914,69726.99034744508,40.37230917446615,5.6994635866112535,216093333.76713863,390618668.9312643,19344.905721675415,41487.280290038616,34584.09030522078,81460.5364123553,80.85834413520077,11.601030776794126,41269.84126984127,0.0,1269.8412698412722,0.0,216093333.76713863,390618668.9312643,19344.905721675415,41487.280290038616,43.411091894145585,77.40390088792684,4500
40000.0,iir_o8_bw3500,8,3500.0,52.00161674038874,49.627435691306154,103.77973026373935,98.1444232701437,72.31098301484774,69.78192687398145,1.457407091049337,0.1558281201610725,495821080009.5842,13532879331010.078,17.234444444444446,16.16138643339296,16.234444444444446,16.161386433392963,-1.4517750588795983,1.7369497466286243,243.98111111111112,72.28637602481348,121.99055555555556,36.14318801240674,204715842.3473115,366435943.84723085,2824.3214893890713,4532.36282342534,433006.7791820115,2046320.3914690872,48.56123392297473,6.130846766300205,204715842.3473115,366435943.84723085,2780.4973773273114,4456.63105898656,596836.8517853499,3211398.1666355436,97.36094458852817,12.633290381505322,41269.84126984127,0.0,1269.8412698412722,0.0,204715842.3473115,366435943.84723085,2780.495466567086,4456.632251117208,43.82602282198533,82.81245771882966,4500
40000.0,iir_o4_bw7000,4,7000.0,57.08016147818641,53.48981296537117,116.21839637789739,107.5199238312349,75.60053548110828,71.32405715865448,1.5983309828599346,0.31145068846751894,8112409591679.001,62324516092398.23,18.016444444444446,19.383397817158723,17.016444444444446,19.383397817158723,-1.4527298449856607,2.227597111240211,205.98711111111112,102.75007091591787,102.99355555555556,51.37503545795894,217535619.274963,393150967.6678021,813813.323082767,1617009.199211745,462.66262287124465,578.7976839429843,24.174265371820038,4.620158099838588,217535619.274963,393150967.6678021,813722.6874665243,1616983.7350044758,463.03711309831306,579.4730883866343,48.3516330630557,9.243413460569343,41269.84126984127,0.0,1269.8412698412722,0.0,217535619.274963,393150967.6678021,813722.6874665243,1616983.7350044758,90.63561624258122,155.48211310372128,4500
40000.0,iir_o6_bw3500,6,3500.0,51.77361694054873,49.476654310487525,103.18670620002845,97.85208657697854,72.06714595316113,69.57469409856515,1.4525781771055735,0.1535279118202193,490304022293.67456,13480710083133.74,17.224888888888888,16.020091938910642,16.224888888888888,16.020091938910642,-1.452992869525933,1.719502648209542,244.27911111111112,72.62300452371285,122.13955555555556,36.311502261856425,203499060.91050312,365108163.86520976,2775.4131356261873,4525.306212488222,439393.631533388,1967838.0807986616,48.70075398681273,6.206979837727919,203499060.91050312,365108163.86520976,2731.693314878964,4449.188833360126,603540.9514281218,3098917.697299787,97.65624780714073,12.81493136101031,41269.84126984127,0.0,1269.8412698412722,0.0,203499060.91050312,365108163.86520976,2731.69117975762,4449.190144254772,43.721955868567214,83.02646862087573,4500
40000.0,iir_o5_bw3500,5,3500.0,51.559147122946705,49.29779533069038,102.59880234138154,97.38960567637231,71.86650513694748,69.40233050350564,1.4480973374235617,0.1534909421797055,350226488701.9585,10461767281224.723,17.528222222222222,16.263783394934727,16.528222222222222,16.263783394934727,-1.4735820286224095,1.7724575571142487,244.2231111111111,72.96638204505646,122.11155555555555,36.48319102252823,202218134.78922665,363125896.44119906,2759.7622004106274,4504.11690424371,403188.57910810376,1585879.8238714926,48.71269322036165,6.215329609480333,202218134.78922665,363125896.44119906,2715.7392821284247,4427.458459941188,546520.7752505073,2536987.038377717,97.69885702013563,12.868024282472573,41269.84126984127,0.0,1269.8412698412722,0.0,202218134.78922665,363125896.44119906,2715.738216684788,4427.459113433819,44.023983725839585,83.94084235563174,4500
40000.0,iir_o2_bw5000,2,5000.0,53.27652837691061,50.63467197529688,106.57880771406666,100.39923660713593,73.20404982222757,70.62402366176207,1.4947326976120974,0.25730095231996286,9875938217046.217,62742926191002.17,19.055555555555557,21.76664062150078,18.055555555555557,21.76664062150078,-1.4876936309806117,2.578303712306688,231.7008888888889,92.78998913739268,115.85044444444445,46.39499456869634,206694798.40354463,373103487.6824559,424954.64494376344,822113.0332008959,917.1887619537283,1392.2138542395383,26.635658276919305,4.851889523124456,206694798.40354463,373103487.6824559,422403.12117295584,819775.472731252,1006.3172444877001,1781.2576550559752,53.428586023264415,9.939252200253359,41269.84126984127,0.0,1269.8412698412722,0.0,206694798.40354463,373103487.6824559,422403.12117295584,819775.472731252,2551.52377080765,4365.1346851909375,4500
40000.0,iir_o2_bw4500,2,4500.0,52.26525164918233,49.82072137490629,103.76570798933452,98.45890754012525,72.65074702492623,70.3760375230179,1.460564506252608,0.2294047113081235,6791232428336.079,47750676620790.39,19.215777777777777,22.55531581615566,18.215777777777777,22.55531581615566,-1.532382363836034,2.6020017401710023,232.0688888888889,91.48781420324308,116.03444444444445,45.74390710162154,202520417.32942563,365442171.58736503,205477.18005877922,407787.149560087,1975.0138843681407,2926.154780969086,29.795961883699384,5.040415308460725,202520417.32942563,365442171.58736503,204348.41116263726,406832.32192856906,2107.896680269466,3380.8535261223965,59.734042330663286,10.265812793253852,41269.84126984127,0.0,1269.8412698412722,0.0,202520417.32942563,365442171.58736503,204348.41116263726,406832.32192856906,1128.7688961419321,1939.3673204990287,4500
40000.0,iir_o4_bw3500,4,3500.0,51.21443516749088,48.99484193821774,101.60024897526542,96.53769969467074,71.57046982180306,69.13983904647067,1.4398675837319017,0.1545989767285942,274407504248.1026,8558340921202.335,18.19688888888889,16.993059501623165,17.19688888888889,16.99305950162316,-1.538865585765355,1.8530994903322453,243.7242222222222,73.39792006506214,121.8621111111111,36.69896003253107,200028183.96390274,359517441.51868916,2756.499359227924,4383.332540472046,260468.47046934333,661486.406487393,48.38122598196242,5.857492419864596,200028183.96390274,359517441.51868916,2711.7868257214036,4308.240209715007,321400.4346745287,947045.3473135929,97.02898160623378,12.12182415576816,41269.84126984127,0.0,1269.8412698412722,0.0,200028183.96390274,359517441.51868916,2711.7867722464725,4308.240243301784,44.71258698145155,85.6696177494534,4500
40000.0,iir_o3_bw4000,3,4000.0,52.08459083681775,49.76033984090024,103.73719397561919,98.7115680514701,72.36005468324451,70.02231296353645,1.4577845497723545,0.20060613030726765,3693995139745.681,38575649130012.805,18.75711111111111,20.033565534941,17.75711111111111,20.033565534941,-1.5633403096624596,2.2259542085237087,241.42355555555557,76.22989162831198,120.71177777777778,38.11494581415599,204467027.7416972,368383568.8983943,7844.458874168377,17549.48287738289,72664.60963831386,215900.90821579695,43.67701812871722,5.465327986594357,204467027.7416972,368383568.8983943,7801.664321147561,17544.011060542518,88599.59902617859,316804.55065628706,87.53866058607908,11.25781563726837,41269.84126984127,0.0,1269.8412698412722,0.0,204467027.7416972,368383568.8983943,7801.535202540629,17544.066977613384,42.923671627748305,77.86829706829619,4500
40000.0,iir_o1_bw4500,1,4500.0,49.47094780319236,46.9845024275544,101.84219532359892,93.60299857737849,67.29699246007375,65.33201466958973,1.5805705204358536,0.3066755320064555,1.1197729230695137,0.1877304687676313,18.18422222222222,16.661024841938154,17.18422222222222,16.661024841938158,-1.5927389583662284,1.6888198075485121,228.47066666666666,100.07875441658214,114.23533333333333,50.03937720829107,178019809.61687928,322367412.8889691,2274918.3174594725,3971792.377080927,106.00552466529774,121.56262292215506,18.06679379503837,4.3204003985454715,178019809.61687928,322367412.8889691,2087938.6219656037,3748344.3833891065,128.3829032548686,187.14861647639336,37.001026817293244,9.02327203911242,41269.84126984127,0.0,1269.8412698412722,0.0,178019809.61687928,322367412.8889691,2080840.628042829,3749963.7593467524,194077.68941664367,348722.9969831979,4500
40000.0,iir_o3_bw3500,3,3500.0,50.60530022240301,48.44939923057561,99.75536511898406,94.93795652282286,71.0820503967004,68.73076744785256,1.4234879884586933,0.15801845345164078,143000253257.56992,6008558512257.519,19.490444444444446,18.422703294864817,18.490444444444446,18.422703294864817,-1.6976816945825541,1.9472284470270054,242.61066666666667,74.6259545572206,121.30533333333334,37.3129772786103,195980700.77367574,352683056.48029023,3495.229362486319,6115.2195979313765,75434.13654320833,134992.95897588044,46.18130426755986,4.283083354705775,195980700.77367574,352683056.48029023,3449.7323678928674,6080.802524449532,78652.61347176589,147812.5459273034,92.50147000897606,8.669218643204085,41269.84126984127,0.0,1269.8412698412722,0.0,195980700.77367574,352683056.48029023,3449.7323678928674,6080.802524449532,45.496994593452165,86.46023646931269,4500
40000.0,iir_o1_bw4000,1,4000.0,47.905910976101936,45.677695334086614,97.28759327020326,90.18612321405155,66.0912332009994,64.2460293535953,1.5291381273949785,0.2730645639084408,1.1200335484153177,0.20247813339540005,20.09888888888889,17.44228086261232,19.09888888888889,17.44228086261232,-1.7918518888072104,1.7683833823716724,233.6468888888889,99.59342990124493,116.82344444444445,49.796714950622466,170738962.49495354,309413069.5055485,1562965.2904822822,2745817.0665243184,150.65341473987309,176.1671715119993,19.521602904971363,4.385206488411214,170738962.49495354,309413069.5055485,1441409.0350312914,2603047.9664294235,182.54323145089464,273.15108381638777,39.87527727299287,9.161535423707763,41269.84126984127,0.0,1269.8412698412722,0.0,170738962.49495354,309413069.5055485,1437494.6637406787,2604001.4461518135,125470.62674160367,225279.6885818321,4500
40000.0,iir_o2_bw4000,2,4000.0,51.01410054589147,48.75915140054451,100.47097044996306,95.78732438230202,71.63533049920605,69.46220681750812,1.4280021078123148,0.19906276698251987,569692139911.8888,14587288993372.988,21.287555555555556,22.685289043539008,20.287555555555556,22.685289043539008,-1.865419882919402,2.383551779404645,237.46622222222223,87.79159821923693,118.73311111111111,43.895799109618466,196343745.1324663,354164533.00891656,87942.29802286313,180673.82009896167,5393.319003832379,9033.747561124212,33.509853640701415,5.448911125226661,196343745.1324663,354164533.00891656,87481.57561445699,180333.3868621414,5661.856236693713,9745.258940091517,67.15846074025494,11.05126824246011,41269.84126984127,0.0,1269.8412698412722,0.0,196343745.1324663,354164533.00891656,87481.57561445699,180333.3868621414,460.7224084061509,803.3273754844128,4500
40000.0,iir_o8_bw3000,8,3000.0,49.52909261193068,47.53818805004423,95.68523881087881,91.22107091305021,70.56284317644318,68.20010895277953,1.3732367165788846,0.10343952381461592,350511815498.63586,4543487418543.67,21.974,17.972206679654203,20.974,17.972206679654203,-1.9436376754984235,1.9530307019330164,240.39222222222222,84.2866497496671,120.19611111111111,42.14332487483355,191169102.12610695,343301148.1161161,2528.316750882506,4597.428342448908,841847.0007380359,4159309.1088970765,49.60939131325883,6.3362608262037785,191169102.12610695,343301148.1161161,2477.665472433088,4503.026157664639,1159392.4934478311,6123942.032108665,99.51111477054208,13.103144150243489,41269.84126984127,0.0,1269.8412698412722,0.0,191169102.12610695,343301148.1161161,2477.6592303307802,4503.029588026143,50.65752055172569,97.35192972301371,4500
40000.0,iir_o7_bw3000,7,3000.0,49.471796226997554,47.440757847981395,95.5707005012587,90.97356455603013,70.48346077813775,68.0930435585517,1.3736728932338378,0.10448322189979949,375294588559.1238,4690541699602.601,22.446,18.574647569752717,21.446,18.574647569752713,-1.9846949590133365,2.0219832937339244,240.34666666666666,83.55983810226289,120.17333333333333,41.77991905113144,190176952.11695227,341048256.51027244,2568.3575850021216,4691.4750293778625,793562.255046123,3985464.448699984,49.53503667974295,6.235163584801029,190176952.11695227,341048256.51027244,2516.8394513864223,4594.755230747807,1085387.5107746066,5833268.239841599,99.35582300233615,12.886394098666463,41269.84126984127,0.0,1269.8412698412722,0.0,190176952.11695227,341048256.51027244,2516.835590132106,4594.757343067713,51.5219948700154,99.59124716678468,4500
40000.0,iir_o6_bw3000,6,3000.0,49.38148502774845,47.334285814253185,95.40399699454457,90.75224326132127,70.35295391177391,67.96584750926658,1.3740750708308944,0.1058481900899779,438580131117.6118,5054651825734.789,22.96622222222222,19.016896043681882,21.96622222222222,19.01689604368188,-2.0286772280735486,2.0841590031914703,240.36644444444445,82.80866568746711,120.18322222222223,41.404332843733556,189146961.04006693,339050260.0575886,2599.024299967441,4761.931397633988,752460.8430481373,3870824.5725445254,49.46948968057684,6.14869921331882,189146961.04006693,339050260.0575886,2546.8387367649357,4663.561765742017,1019553.0457660349,5610050.877818704,99.21926431231871,12.69854238732019,41269.84126984127,0.0,1269.8412698412722,0.0,189146961.04006693,339050260.0575886,2546.8375572547366,4663.562409068137,52.18674271270424,101.24606734377463,4500
40000.0,iir_o1_bw3500,1,3500.0,46.041022192221384,44.08780971500889,92.10285390545121,86.11710445386714,64.38798026669694,62.793889544396286,1.4778241803387506,0.23320371074462468,1.1933406673500622,0.6375715532000854,22.706666666666667,18.4400339530429,21.706666666666667,18.4400339530429,-2.055942835680011,1.875160834034041,239.45466666666667,99.33634387072539,119.72733333333333,49.66817193536269,161442658.419402,292912111.28270364,1000468.9969820576,1770418.4609848668,227.63200054435023,272.481739776093,21.218236587717026,4.471291518651962,161442658.419402,292912111.28270364,926717.8702490033,1685322.439355003,275.90050500583015,422.99255802777947,43.236835194599,9.340059894384531,41269.84126984127,0.0,1269.8412698412722,0.0,161442658.419402,292912111.28270364,924625.8841907744,1685861.2329027837,75843.11279128313,136086.2281170413,4500
40000.0,iir_o5_bw3000,5,3000.0,49.217885201661524,47.1828870140304,95.09948612752727,90.4750876958347,70.13481983078853,67.80066615454425,1.3740882476798846,0.10776624889111559,460552596455.7279,5155398400300.478,23.371111111111112,19.369686679084086,22.371111111111112,19.369686679084086,-2.064658168660501,2.127417371512454,240.71244444444446,81.61165271505168,120.35622222222223,40.80582635752584,187861806.17439812,336901176.5507041,2617.862410016899,4795.823514918701,720043.3466175158,3830576.374741571,49.40461782139921,6.076658296917692,187861806.17439812,336901176.5507041,2565.2341024707553,4696.512937763317,960826.082140398,5470205.863842068,99.08352457919237,12.532501309400045,41269.84126984127,0.0,1269.8412698412722,0.0,187861806.17439812,336901176.5507041,2565.233993329201,4696.512997388968,52.62841668769773,102.30122136707003,4500
40000.0,iir_o2_bw3500,2,3500.0,49.34520534712114,47.29451606999513,96.22588825378226,91.92738036149757,69.93633320756047,67.80685360940714,1.3963126415234406,0.165539232484805,8688916098.91435,582870211337.2162,23.119777777777777,22.587511965068703,22.119777777777777,22.587511965068703,-2.0859529424754646,2.323396572416036,241.446,85.36775026096683,120.723,42.683875130483415,187137021.04738516,337490418.12217945,32764.601358179727,70169.58149519817,31073.53607486688,94105.98072881011,37.94841595567222,6.517738034502073,187137021.04738516,337490418.12217945,32585.249541899317,70063.70956950219,40700.976590947146,138094.4207493399,76.17439799061809,13.547337082497066,41269.84126984127,0.0,1269.8412698412722,0.0,187137021.04738516,337490418.12217945,32583.001485028915,70064.73858757225,181.5998731508099,328.321271360889,4500
40000.0,iir_o4_bw3000,4,3000.0,48.909593935317126,46.91739959631366,94.49420636908,89.97633179848476,69.72512735240608,67.47285981945258,1.3732728529727167,0.11079468455016162,472129548007.23193,5165923045491.537,23.877777777777776,19.872167475687437,22.877777777777776,19.872167475687437,-2.1109265924572402,2.184682995039967,241.2788888888889,80.20527813205965,120.63944444444445,40.10263906602982,185854980.72604284,333716450.2112224,2618.4781950221354,4734.300856433668,575892.658852148,3052474.9150849064,49.229937655027584,5.876356701911522,185854980.72604284,333716450.2112224,2565.5726791954344,4634.922185211915,761471.312146169,4589504.477889554,98.71887761567403,12.080789206623896,41269.84126984127,0.0,1269.8412698412722,0.0,185854980.72604284,333716450.2112224,2565.572593737402,4634.922232525436,52.90560128473377,102.89197247486076,4500
40000.0,iir_o3_bw3000,3,3000.0,48.30786798416422,46.390090773822976,93.21375388477804,88.89223571144831,68.93830938863428,66.80951067746471,1.3700032413084198,0.1166658996591048,517009179308.16156,5353070119976.908,24.794888888888888,21.079521545661507,23.794888888888888,21.079521545661507,-2.1967502184625785,2.314236385695446,241.70066666666668,78.94315510365367,120.85033333333334,39.47157755182683,182045220.00545684,327502390.9823502,2630.4765949854514,4351.639585375782,216304.68055376282,754644.9995337897,48.23865609987331,4.975767490778092,182045220.00545684,327502390.9823502,2577.6495067547507,4260.770306455256,296087.3115556615,1272012.8834318486,96.74561137735124,10.392672057199363,41269.84126984127,0.0,1269.8412698412722,0.0,182045220.00545684,327502390.9823502,2577.6454165264395,4260.772779872733,52.831178459011674,102.41527403468929,4500
40000.0,iir_o2_bw3000,2,3000.0,47.02527532748155,45.22611409971226,90.32021658667372,86.43307980414441,67.34549700858301,65.4328001589965,1.3584844106682352,0.13027013233831947,494566673709.5584,5096032978000.31,26.585555555555555,23.34100285156398,25.585555555555555,23.34100285156398,-2.387165843684218,2.522708857682888,240.89133333333334,83.64996802702568,120.44566666666667,41.82498401351284,173518508.7966605,313090744.18257797,10899.33300991245,23516.36454833745,39310.63802115711,65480.20258512056,41.895149314336955,5.738618606367957,173518508.7966605,313090744.18257797,10814.465058737986,23479.596417150606,42288.26089633373,71385.12794649042,84.0218773052773,11.738508926149585,41269.84126984127,0.0,1269.8412698412722,0.0,173518508.7966605,313090744.18257797,10814.465058737986,23479.596417150606,84.86795117446616,160.75298309856632,4500
40000.0,iir_o1_bw3000,1,3000.0,43.766485784442835,42.11569526947272,86.06159409805421,81.18110763075626,62.04935626767101,60.719147748328844,1.425418516119017,0.19214795602954127,1.2615383665040574,0.9237780759782663,26.573777777777778,21.313765934490362,25.573777777777778,21.313765934490362,-2.4480936268479403,2.172126582434706,239.7908888888889,99.39270164977535,119.89544444444445,49.69635082488767,149496463.2584854,271765181.4937303,583912.9633106014,1042458.8532610133,372.70719841334255,460.3582075582524,23.219851360728956,4.592949484227392,149496463.2584854,271765181.4937303,543021.5548284176,996138.2641019424,451.93601949740054,709.4059654255824,47.21320228185667,9.588875293241815,41269.84126984127,0.0,1269.8412698412722,0.0,149496463.2584854,271765181.4937303,541897.7933720427,996440.7417931913,42015.16993855885,75355.4193058354,4500
40000.0,iir_o1_bw2500,1,2500.0,40.92026122681869,39.61803153579309,78.84896811408714,75.0661438365512,58.73083776407501,57.56369483591701,1.3711257327557473,0.15582628059458462,38635249992.71925,1295581665608.6604,32.19577777777778,25.105629348383026,31.195777777777778,25.105629348383022,-3.0079610770939227,2.5720803739610623,238.7231111111111,101.44795565998025,119.36155555555555,50.723977829990126,134076519.10821517,244544709.19185457,300740.70066825976,543082.4049198059,682.6963600539718,885.5338386667629,25.619515895132356,4.779854576557044,134076519.10821517,244544709.19185457,280692.05792830087,520806.94713083963,829.378613848009,1337.2520589936994,51.99379549982415,9.972759054872899,41269.84126984127,0.0,1269.8412698412722,0.0,134076519.10821517,244544709.19185457,280059.91701537604,520982.2003315961,20680.78365288377,37095.28018644508,4500
40000.0,iir_o2_bw2500,2,2500.0,43.77301190730912,42.31316378835558,82.03335864270372,78.76485057198546,63.531947219849606,61.97366999414503,1.3068643875022812,0.09863448791008236,164729830849.60968,2681410608775.405,35.63488888888889,27.634546779228444,34.63488888888889,27.634546779228444,-3.341469614393025,2.8705806297916427,239.00333333333333,88.4560448557758,119.50166666666667,44.2280224278879,153877018.2362336,278306264.0395398,4206.493553656459,7563.991689906739,51007.07302192639,69710.6281069491,44.8159988887964,4.250810370220728,153877018.2362336,278306264.0395398,4142.394882440433,7506.693235758121,52948.382207309376,73962.77459423296,89.81424571078794,8.622673003276363,41269.84126984127,0.0,1269.8412698412722,0.0,153877018.2362336,278306264.0395398,4142.394882440433,7506.693235758121,64.0986712160247,123.64231838971851,4500
40000.0,iir_o3_bw2500,3,2500.0,44.88825529401065,43.33588832985229,83.71558613406154,80.24554020726048,65.34352546176757,63.71589811627977,1.2977815512695976,0.08511947315883886,458144611293.2238,4621406363323.348,37.22911111111111,27.349274901141985,36.22911111111111,27.349274901141985,-3.4697759601129894,2.9248873188798274,238.82844444444444,88.13473938792438,119.41422222222222,44.06736969396219,160767224.16505265,289963046.4846852,2876.00220504614,5367.671049752311,165901.22688552274,345754.20143056073,48.6123194303444,4.6143197095495845,160767224.16505265,289963046.4846852,2810.8737746118313,5243.298836135038,181777.5836382083,435911.04074833647,97.4646794539444,9.399573963459801,41269.84126984127,0.0,1269.8412698412722,0.0,160767224.16505265,289963046.4846852,2810.8736545003608,5243.298900338442,65.12855054577871,125.97030893135867,4500
40000.0,iir_o4_bw2500,4,2500.0,45.425139965680394,43.83181457734598,84.42092659944143,80.89100248680842,66.30199884659429,64.695204998457,1.2907737988423025,0.08040975323785955,560448376459.821,5101936630280.491,38.208666666666666,27.617722975664083,37.208666666666666,27.617722975664083,-3.5580638440386534,2.9790833908218515,237.37222222222223,90.29169534597445,118.68611111111112,45.14584767298722,163800279.3562037,295132151.2267233,3006.1726485320996,5792.009240355067,167882.88820126612,388656.97803743463,48.79490604363102,4.499288085528071,163800279.3562037,295132151.2267233,2938.699095757207,5662.077998481404,175389.03302005044,414213.2194885671,97.80688157275947,9.069993864120041,41269.84126984127,0.0,1269.8412698412722,0.0,163800279.3562037,295132151.2267233,2938.699095757207,5662.077998481404,67.47355277489255,130.70391869825363,4500
40000.0,iir_o5_bw2500,5,2500.0,45.758940859598695,44.149118582247844,84.8721497065251,81.35122930232127,66.90540349624737,65.31114217886527,1.2862913696762712,0.07887451721092958,636700662380.0403,5369942113089.261,39.02022222222222,28.178759543186146,38.02022222222222,28.178759543186146,-3.631085513419437,3.05672933841876,235.96911111111112,91.84690711636694,117.98455555555556,45.92345355818345,165410038.7453494,298067634.3372677,3077.1126012480017,5975.974352731787,161197.3216018995,359066.10871848697,48.79054685390498,4.414639273496929,165410038.7453494,298067634.3372677,3008.0595123417916,5842.64767177276,168183.62211601416,382527.04489043425,97.79661600986707,8.892942180639551,41269.84126984127,0.0,1269.8412698412722,0.0,165410038.7453494,298067634.3372677,3008.0595123417916,5842.64767177276,69.05308890621023,133.9496550222351,4500
40000.0,iir_o6_bw2500,6,2500.0,46.02973989766306,44.40633084321916,85.30421382450257,81.83313181249474,67.34542005244187,65.76640134737643,1.2840431246155337,0.07835473400279251,827228969770.6343,6104354786268.256,39.82355555555556,28.630564912183182,38.82355555555556,28.630564912183182,-3.684485875244036,3.157556731412838,235.54111111111112,92.96509488728891,117.77055555555556,46.48254744364446,166343526.56119075,299987774.91945153,3152.335358652352,6151.062044640136,154907.5958576883,323043.26454333635,48.73967492968615,4.378686006859161,166343526.56119075,299987774.91945153,3081.8452847096632,6014.665849498493,161178.02690996524,342583.53279709176,97.6923407571406,8.813800906871846,41269.84126984127,0.0,1269.8412698412722,0.0,166343526.56119075,299987774.91945153,3081.8452847096632,6014.665849498493,70.4900739426889,136.9494193496648,4500
40000.0,iir_o7_bw2500,7,2500.0,46.28892852650421,44.63887287959499,85.78048613924072,82.36055494598263,67.68879821940837,66.09073322278448,1.283458984278285,0.07780465034569585,863800112811.2323,6223426160602.215,40.50644444444445,29.091652630050497,39.50644444444445,29.091652630050497,-3.7482041193651625,3.2126341952195885,235.08733333333333,94.32636033150881,117.54366666666667,47.163180165754405,166854669.88844228,301226779.11207527,3245.539092833568,6355.185689680573,152560.72195971437,300312.98465154634,48.672996245698364,4.427407786400808,166854669.88844228,301226779.11207527,3173.548068053636,6215.632804464649,158390.54544922258,316931.49902961,97.5569036864161,8.907279874358597,41269.84126984127,0.0,1269.8412698412722,0.0,166854669.88844228,301226779.11207527,3173.548068053636,6215.632804464649,71.99102477993135,140.08523344447045,4500
40000.0,iir_o8_bw2500,8,2500.0,46.55925578716767,44.86053018182308,86.32365368207502,82.9348287601816,68.02935409254486,66.33407178146476,1.283122261867144,0.07728322949561492,1029126158903.0698,6766043112696.307,41.49977777777778,29.940650339261026,40.49977777777778,29.94065033926103,-3.82852074560496,3.3384080800833815,234.51288888888888,95.90902725899986,117.25644444444444,47.95451362949993,167063429.25667417,301937032.61465245,3363.7667315921567,6600.981791468913,154446.11448315083,292240.55625381,48.60081599585789,4.5727237854275895,167063429.25667417,301937032.61465245,3290.0977284011137,6457.998896048047,160107.99205468033,306937.55910872587,97.41117467554,9.196956187268075,41269.84126984127,0.0,1269.8412698412722,0.0,167063429.25667417,301937032.61465245,3290.0977284011137,6457.998896048047,73.66900319104323,143.53936247341727,4500
50000.0,iir_o1_bw7000,1,7000.0,30.79197978861569,24.525860346159387,82.97946754268825,66.44550221937418,30.229116874331112,24.840502997154854,2.872385898115782,0.6836083254790607,1.1172913209048003,0.09806242252917148,7.034888888888889,6.305787207826637,6.034888888888889,6.305787207826634,-0.3372240046154162,0.6608528194752055,245.50755555555557,93.52337719069942,122.75377777777778,46.76168859534971,50330012.25271838,86519109.07627212,27107860.714497674,46563903.4071754,2.8061002667521198,1.9036234857430068,3.1526571520267574,3.940014951573969,50330012.25271838,86519109.07627212,22002059.827648446,38652216.581303954,3.6754336662760365,2.726590002256994,8.323494560490863,8.212097029117606,50793.6507936508,0.0,793.6507936507987,0.0,21769124.564698517,38733065.60511445,50330012.25271838,86519109.07627212,5338736.149799159,9454314.30030459,4500
50000.0,iir_o1_bw6500,1,6500.0,29.518539455038457,23.50601214314299,78.68387597050851,62.933842702243425,29.42722029477221,24.37656907907689,2.801082991872686,0.6768171191572088,1.1179389829253734,0.09834167318303658,7.421111111111111,6.7953116305713275,6.421111111111111,6.795311630571327,-0.38188154858143225,0.7100957298484265,245.626,94.80355744908046,122.813,47.40177872454023,49807825.718742654,85502165.97673,21895562.919834234,37513255.00606777,3.424413755814978,2.312561102697922,4.029119245384954,3.923671565020731,49807825.718742654,85502165.97673,17644277.349907916,30913099.675474167,4.4967821614350285,3.273814461083544,10.125383739544647,8.160974617271906,50793.6507936508,0.0,793.6507936507987,0.0,17435738.314137004,30983896.706464946,49807825.718742654,85502165.97673,4459824.605697231,7874288.273337962,4500
50000.0,iir_o1_bw6000,1,6000.0,28.283374722245497,22.54931195979889,74.32375794594931,59.400891827639164,28.848740699861292,24.130463018101477,2.7021507055104106,0.6759103477821675,1.1186694745294619,0.09902794273535183,8.065111111111111,7.9012566131458115,7.065111111111111,7.901256613145806,-0.45499702720800067,0.8202501810884137,244.8082222222222,96.06747218606299,122.4041111111111,48.03373609303149,49153657.8101748,84240719.0074939,17238935.9061408,29454371.34314407,4.276393867957675,2.8768090822063863,5.005286377727999,3.9073083511265465,49153657.8101748,84240719.0074939,13788929.772491492,24087801.904572837,5.632489780971686,4.030124401614296,12.126871454544798,8.115024917768665,50793.6507936508,0.0,793.6507936507987,0.0,13607574.744961262,24147940.59704033,49153657.8101748,84240719.0074939,3631361.161179539,6391442.3166021155,4500
50000.0,iir_o1_bw5500,1,5500.0,27.090222150846355,21.656910500570547,69.91401640185528,55.86019789605596,28.54383254755798,24.086112937693716,2.571452917677594,0.6652211591921767,1.119615039810557,0.0998294949889044,8.866222222222222,9.047667914041115,7.8662222222222224,9.047667914041115,-0.5469869527584598,0.933710432160131,246.21066666666667,98.57302192187922,123.10533333333333,49.28651096093961,48331537.07762,82669927.99253133,13169678.308394253,22437010.45069382,5.485541049834581,3.678720517310293,6.09750981516974,3.890950054928758,48331537.07762,82669927.99253133,10454337.44793713,18204638.48404512,7.249888645971943,5.106688097926533,14.360879022916022,8.073154654986123,50793.6507936508,0.0,793.6507936507987,0.0,10301832.143177714,18253968.539178327,48331537.07762,82669927.99253133,2867846.1652165395,5031090.326575754,4500
50000.0,iir_o1_bw5000,1,5000.0,25.938670539370708,20.824000804162356,65.46286572337586,52.3249769573384,28.48847434392919,24.204402650915934,2.4143213888293276,0.6355939728266112,1.1190502479116282,0.10094413665823773,10.003333333333334,10.159945040131522,9.003333333333334,10.159945040131522,-0.6758617891899156,1.0429719552012005,246.7668888888889,99.267258174855,123.38344444444445,49.6336290874275,47292883.47854907,80703054.52588119,9705775.638364555,16486055.36270044,7.261670298474552,4.858120894014122,7.326002917334673,3.874569499247693,47292883.47854907,80703054.52588119,7646008.712896097,13268358.094519502,9.633202374202948,6.6917054180615745,16.867730211465027,8.033389314302271,50793.6507936508,0.0,793.6507936507987,0.0,7522701.362887649,13307218.721132176,47292883.47854907,80703054.52588119,2183074.275476906,3816830.808404713,4500
50000.0,iir_o2_bw7000,2,7000.0,27.83479439602276,22.249307404127897,69.6257659493664,55.27472015744715,31.293497441240987,27.090281931231278,2.328147086096207,0.6362385627101782,1.1359696437631301,0.13330610841069687,10.743333333333334,12.21814527726889,9.743333333333334,12.21814527726889,-0.7565987641245946,1.2459377183559108,261.2131111111111,111.07142795772153,130.60655555555556,55.53571397886076,54546736.09507171,94182644.02748483,11006871.867614916,17956192.72776391,7.408601565439448,6.041708642384068,7.304743296302897,3.9083725271159535,54546736.09507171,94182644.02748483,8799532.266405523,14815222.30202717,9.823809377774522,8.387862612599669,16.791345384347334,8.09845927862635,50793.6507936508,0.0,793.6507936507987,0.0,8649342.350363392,14858696.4277484,54546736.09507171,94182644.02748483,2357529.5172515223,3863467.9011506015,4500
50000.0,iir_o1_bw4500,1,4500.0,24.82173192325318,20.037619027073323,60.97107738612807,48.80281060832247,28.754290448522895,24.67612062444462,2.229927305595322,0.5858800950974626,1.1159203560053363,0.1020800113673494,11.33911111111111,11.096282099282643,10.33911111111111,11.096282099282643,-0.8287521601248363,1.1340392611337313,247.31955555555555,99.62217184747442,123.65977777777778,49.81108592373721,45971386.959251516,78223076.69641408,6848665.252791938,11596986.408231393,9.978555199920688,6.663809041578894,8.716154036248048,3.858060745536623,45971386.959251516,78223076.69641408,5354907.55815775,9257412.300829927,13.289176877598845,9.1214691963983,19.697084342868294,7.994793867906721,50793.6507936508,0.0,793.6507936507987,0.0,5259731.650338111,9286617.434053563,45971386.959251516,78223076.69641408,1588933.6024538267,2768430.0750537487,4500
50000.0,iir_o2_bw6500,2,6500.0,26.824615929194692,21.613883956207104,64.56608646394002,51.3744041819938,32.60435536384551,28.656251618831753,2.0765388569553838,0.5685869048348666,1.1305849515130235,0.1372008999357011,12.85,13.758803684096772,11.85,13.75880368409677,-0.9953202262634469,1.3972903401839363,260.1737777777778,111.83170533946362,130.0868888888889,55.91585266973181,54369770.8354585,93798070.15914074,6912885.210870485,11175107.491891423,11.884241369113735,10.24847160642102,9.31550651943167,3.926753253445358,54369770.8354585,93798070.15914074,5451564.271650721,9097698.555536369,16.009705169960622,14.66616849968523,20.92587827027137,8.150616758409662,50793.6507936508,0.0,793.6507936507987,0.0,5340230.591626135,9127538.974156642,54369770.8354585,93798070.15914074,1572654.619244351,2552496.9860032336,4500
50000.0,iir_o1_bw4000,1,4000.0,23.722462341592387,19.274067696031274,56.433516483360144,45.28749092139885,29.10635589202223,25.247703778963434,2.04040231514824,0.523369165152129,1.1103986578808451,0.103341781281409,13.790666666666667,12.863162467109584,12.790666666666667,12.863162467109582,-1.0956691620829013,1.3081155553300314,247.89755555555556,99.38865336258736,123.94877777777778,49.69432668129368,44275712.74521912,75071132.7316605,4580888.714405845,7732368.96518061,14.340487623872212,9.563973565711454,10.300495164137471,3.841209813359681,44275712.74521912,75071132.7316605,3556351.396105728,6122475.070157728,19.17154745893131,13.029418054071789,22.911958269866822,7.956105147088646,50793.6507936508,0.0,793.6507936507987,0.0,3486874.710140586,6143238.706334348,44275712.74521912,75071132.7316605,1094014.0042652593,1899445.0617488602,4500
50000.0,iir_o2_bw6000,2,6000.0,26.026126545594135,21.14236279142722,60.060503488054614,48.014523703973275,33.85835482509481,29.949900667006276,1.8639717247424632,0.5204661227204685,1.1217690171664272,0.13474210242856596,14.998,15.5676968623107,13.998,15.567696862310699,-1.2373321030984634,1.5739564208766865,257.54355555555554,110.30481969560434,128.77177777777777,55.15240984780217,54110966.20570105,93251022.30211282,4075423.0557767306,6528477.251255667,20.36986993398064,18.519037785288024,11.602838375032299,3.9572820265660504,54110966.20570105,93251022.30211282,3168115.0441946913,5236819.844447718,27.98707344132523,27.607248591877205,25.624867045306324,8.24095763080688,50793.6507936508,0.0,793.6507936507987,0.0,3090874.387742495,5255736.837370018,54110966.20570105,93251022.30211282,984548.6680342358,1583192.4713591477,4500
50000.0,iir_o3_bw7000,3,7000.0,26.77609742792701,21.618571113839817,62.15718249830827,49.15118783378552,34.22997498617414,30.185887802423895,1.8921908533236411,0.49748414366456695,1.1335657443740643,0.16272449494440666,15.05888888888889,16.404880808661716,14.05888888888889,16.40488080866172,-1.2375035234370984,1.6580166368916416,264.6906666666667,125.52462869484924,132.34533333333334,62.76231434742462,55152597.267517254,95341184.02590923,5338934.324911071,8220388.1842300845,17.542744629652642,23.922603721731818,10.522091169876859,4.150824879523927,55152597.267517254,95341184.02590923,4306548.383700433,6921123.450710543,24.608288177277256,38.936845464930585,23.330766135482886,8.698348387007675,50793.6507936508,0.0,793.6507936507987,0.0,4224293.976538875,6941365.969745632,55152597.267517254,95341184.02590923,1114640.3483721951,1686649.399540949,4500
50000.0,iir_o1_bw3500,1,3500.0,22.609221566532703,18.49571102257703,51.825839427834005,41.750428310711925,29.147785320983093,25.318313502885747,1.8653617533357505,0.45935563682684893,1.1020887253902762,0.10363236479449667,17.13088888888889,15.162246976383434,16.13088888888889,15.162246976383432,-1.451966453622607,1.537198175564044,247.95955555555557,99.17527511577725,123.97977777777778,49.58763755788863,42079338.05338298,71031165.45992994,2864707.220533736,4820145.979060096,21.767404528132698,14.502340720692349,12.121800722260364,3.8236763926701043,42079338.05338298,71031165.45992994,2209881.889460239,3786740.7990053105,29.20299287898422,19.696406635471938,26.59564782982972,7.916112330865532,50793.6507936508,0.0,793.6507936507987,0.0,2162522.1968139573,3800548.0357724894,42079338.05338298,71031165.45992994,702185.0237197788,1214881.3649599361,4500
50000.0,iir_o2_bw5500,2,5500.0,25.400497959753917,20.78575216995269,56.17061168869874,45.20330306907398,34.503723664910844,29.983952020231243,1.698591909054061,0.43522857535942566,1.110059744574892,0.12900604853342296,17.168666666666667,18.152566379111082,16.168666666666667,18.152566379111082,-1.4773835199306258,1.8297058026938513,253.0611111111111,106.82958886365738,126.53055555555555,53.41479443182869,53728293.54045501,92458786.07006665,2235213.088486346,3547854.644736031,37.560424687670256,35.53457399897686,14.201213684856054,3.9981612588169093,53728293.54045501,92458786.07006665,1712618.1197517049,2800184.141296375,52.6604681854717,54.86871167505687,30.941909361026845,8.358874906420379,50793.6507936508,0.0,793.6507936507987,0.0,1662788.2768242233,2811228.1280175447,53728293.54045501,92458786.07006665,572424.8116621224,912464.8533087632,4500
50000.0,iir_o4_bw7000,4,7000.0,26.37587632051281,21.413238666051672,58.37832904940929,46.291780718498316,35.87635923496868,31.70702045791443,1.6897549165749157,0.4112506300978938,1.1302785459794555,0.17226281548758035,17.51377777777778,18.142456617374354,16.51377777777778,18.14245661737435,-1.5097862608437749,1.821058822428549,259.2775555555556,131.68104244731407,129.6387777777778,65.84052122365703,55274818.15983895,95574733.25725636,3205114.212367689,4757870.671886766,37.2069746019718,69.15916154525304,12.938051616793855,4.61184873877811,55274818.15983895,95574733.25725636,2644389.4590482647,4127638.6813751156,47.95132644252613,78.51704378708455,28.05573540950968,9.464169383647583,50793.6507936508,0.0,793.6507936507987,0.0,2604494.0716304686,4137872.48875249,55274818.15983895,95574733.25725636,600620.1407372204,864247.6949029232,4500
50000.0,iir_o3_bw6500,3,6500.0,26.030951392845715,21.201863137587658,57.49140800389372,45.8673289627687,35.7033901926075,31.254140727025955,1.6743855929329994,0.42280498657313725,1.1095843693084722,0.1595240805918228,17.984666666666666,18.983913254018415,16.984666666666666,18.983913254018418,-1.5628248889502507,1.9096160831238067,259.0657777777778,124.67456149339054,129.5328888888889,62.33728074669527,55103127.71256306,95208708.07965684,2687478.758456098,4096206.1643130537,38.209388171329515,58.75675411283577,13.598450232263207,4.333743319375909,55103127.71256306,95208708.07965684,2142129.0321522793,3408857.379810458,52.573459763221585,81.34606761485597,29.589876375012437,9.003907438509907,50793.6507936508,0.0,793.6507936507987,0.0,2090490.5394706065,3420133.0776270567,55103127.71256306,95208708.07965684,596988.2189854917,892613.419906932,4500
50000.0,iir_o8_bw4500,8,4500.0,25.039445486259503,20.677998312939557,52.406224650714655,42.94088401112482,32.67260232673075,28.170434477708117,1.6591931099806252,0.2819175461460474,20826408660.95305,1397077964659.2048,19.75311111111111,23.757259072184752,18.75311111111111,23.757259072184752,-1.6679751033206986,2.4434620374428606,230.2331111111111,66.81039855158794,115.11655555555555,33.40519927579396,55199253.340865165,95357676.82510954,18793.644912995685,28572.356208062087,6469.494616742526,9593.596703757166,35.17033786737491,5.060230711185019,55199253.340865165,95357676.82510954,17385.393516787208,27118.429303773853,7271.124873236571,10182.982617018559,71.31786799466589,10.37878664352537,50793.6507936508,0.0,793.6507936507987,0.0,17314.969518215214,27158.91134462868,55199253.340865165,95357676.82510954,1478.6753947804734,2681.903971876421,4500
50000.0,iir_o7_bw4500,7,4500.0,25.018050974344987,20.66494698204426,52.24289030540935,42.81701381023469,32.75011552258449,28.227857303245074,1.6494036167928625,0.2781601672889819,20750659474.52856,1391996554758.4956,19.886444444444443,23.876166845037588,18.886444444444443,23.876166845037584,-1.6853333624672935,2.4539973955817582,230.22044444444444,66.9785993216045,115.11022222222222,33.48929966080225,55142173.45105035,95217878.52878422,18158.959981432752,27475.01874344548,7201.940409798818,15342.91688246886,35.256260977042714,5.062363364035669,55142173.45105035,95217878.52878422,16720.96472687372,25929.901026973268,8025.241592233426,15889.296435618047,71.52857161449087,10.373588996187818,50793.6507936508,0.0,793.6507936507987,0.0,16642.556909563486,25974.467231225874,55142173.45105035,95217878.52878422,1516.4030718692647,2732.4058693994166,4500
50000.0,iir_o5_bw7000,5,7000.0,26.19749158904735,21.330022559313406,56.36922738467267,44.813924465114404,36.66980635443602,32.02921601912896,1.591630958129509,0.38026677775245415,1.1239520348726049,0.17322507789500166,19.272666666666666,18.563806200361693,18.272666666666666,18.563806200361693,-1.7007317675484823,1.8592251415634495,251.92711111111112,132.18967198001053,125.96355555555556,66.09483599000527,55304676.06474897,95625882.82388808,2288933.3100025547,3348007.0740333884,63.51582445175403,115.28842335440957,14.651591602014097,5.06477469903817,55304676.06474897,95625882.82388808,1932294.1844093786,2980928.7498351703,88.6187760883464,169.17312032999186,31.416674819270536,10.593711519390206,50793.6507936508,0.0,793.6507936507987,0.0,1918275.8310422935,2986631.631883248,55304676.06474897,95625882.82388808,370657.47896026075,525839.5896206236,4500
50000.0,iir_o6_bw4500,6,4500.0,24.986627647966852,20.645984984200442,51.99108361578619,42.62506432489076,32.86473173803267,28.31405468756692,1.6346882566444363,0.272475574528813,1.8934998121426208,1.679460960873805,20.17688888888889,24.078782657576863,19.17688888888889,24.07878265757686,-1.7236284647165605,2.467824527007008,230.172,67.33644393587572,115.086,33.66822196793786,55051164.27873112,95008378.30575405,17398.03245327275,26603.488053325946,14494.10046795292,92410.17554617155,35.447801602336575,5.337958119931824,55051164.27873112,95008378.30575405,15912.411109437804,24957.60956986839,17559.56492897207,117966.40145800059,72.01118318075362,11.014096086497501,50793.6507936508,0.0,793.6507936507987,0.0,15811.190097380486,25012.61595521643,55051164.27873112,95008378.30575405,1586.842355892265,2807.315221434788,4500
50000.0,iir_o8_bw5000,8,5000.0,25.134843270732492,20.72322827578325,52.49664884858605,42.94171804849857,32.82373223376539,28.42057706581021,1.663302646199812,0.31630552538932827,20835990435.59663,1397720729649.9878,20.592222222222222,24.758036576939894,19.592222222222222,24.758036576939894,-1.7635951081004555,2.542786538718392,230.00533333333334,72.62153913719273,115.00266666666667,36.31076956859636,55357942.681834266,95695829.81036946,27325.862345265894,43831.6567238695,3494.491323694711,5379.011446275484,33.070457248906926,4.411041793143538,55357942.681834266,95695829.81036946,25445.098464956045,41321.76446905138,3905.856203614653,5588.044855191839,67.01821963359254,9.132643301840119,50793.6507936508,0.0,793.6507936507987,0.0,25407.809596478233,41341.259215008584,55357942.681834266,95695829.81036946,1918.052748787661,3494.569988813755,4500
50000.0,iir_o7_bw5000,7,5000.0,25.123322532370885,20.71873182290021,52.30162785382425,42.79092162190773,32.955589177394494,28.52075638167363,1.6489823612193892,0.3091678174246388,22839700194.056065,1398577505788.5957,20.75911111111111,24.885346678645888,19.75911111111111,24.885346678645888,-1.7834614565890903,2.5555758376441093,230.22155555555557,72.90877679042818,115.11077777777778,36.45438839521409,55326667.44702585,95626646.07877894,26837.36775723678,45737.22780400415,3529.6470034768677,4466.7756557281145,33.21214487833437,4.434776117360174,55326667.44702585,95626646.07877894,24834.470693745636,43240.10152854524,4090.638913584335,4957.3803566222905,67.44406875321621,9.300584849459629,50793.6507936508,0.0,793.6507936507987,0.0,24751.487750651268,43280.082121693944,55326667.44702585,95626646.07877894,2085.8800065855153,3641.1379749438834,4500
50000.0,iir_o5_bw4500,5,4500.0,24.937369483767103,20.61588139492448,51.57574135357925,42.30761745305508,33.03927389418522,28.444380359968772,1.6112513126327004,0.2629207646224261,1.8067780384656305,1.6381730308581017,20.660666666666668,24.26261647774829,19.660666666666668,24.26261647774829,-1.7835876803576678,2.482069497823367,230.3608888888889,67.86990208406624,115.18044444444445,33.93495104203312,54896403.80510723,94666529.052066,16812.57500426496,27121.180343120875,8777.384696381065,28433.66161224886,35.468004939722384,4.973950857652139,54896403.80510723,94666529.052066,15249.775036955485,25393.809247221932,11515.662684804547,43117.5908940425,72.30518743701488,10.514551482749273,50793.6507936508,0.0,793.6507936507987,0.0,14999.413472646123,25488.476364576163,54896403.80510723,94666529.052066,1813.1615316188365,3048.4835351322504,4500
50000.0,iir_o6_bw5000,6,5000.0,25.10582760762454,20.711042603353597,52.00108313241253,42.557247291678216,33.14043369166324,28.657472415396292,1.6280756609271185,0.29850446220076815,22687049399.08618,1388915499908.3794,20.930444444444444,24.90000999379008,19.930444444444444,24.90000999379008,-1.806603729538138,2.554883265637038,230.44511111111112,73.53749943814468,115.22255555555556,36.76874971907234,55275267.446037374,95511171.33027352,26880.53352715172,49485.1334457832,3729.995448250913,4811.310125608547,33.343496037241586,4.531225099081388,55275267.446037374,95511171.33027352,24606.555102467333,47069.38223745677,4908.11116316295,7219.077546682616,68.08060724474318,9.895937796799148,50793.6507936508,0.0,793.6507936507987,0.0,24392.596997838522,47151.355808111024,55275267.446037374,95511171.33027352,2487.9365293131987,4050.4185117734432,4500
50000.0,iir_o1_bw3000,1,3000.0,21.428738342483253,17.64645343761618,47.09235739596369,38.129696715533925,28.764823708498348,24.875830651083085,1.7065604878387541,0.3925078469756581,1.097603503266426,0.10348036046593,20.488888888888887,16.90361024215213,19.488888888888887,16.90361024215213,-1.808987379525683,1.7083676258778289,247.86288888888888,98.61360402584022,123.93144444444444,49.30680201292011,39207197.81942716,65811269.60590969,1642250.717626484,2754642.628416006,35.3714112829063,23.55580215496337,14.238257035955458,3.8050336245321628,39207197.81942716,65811269.60590969,1260484.3482445187,2148494.9217987745,47.58941660582161,31.9612206193652,30.860130656499027,7.87420618067942,50793.6507936508,0.0,793.6507936507987,0.0,1230843.8657467354,2156959.405456943,39207197.81942716,65811269.60590969,411406.8518797488,709341.8408089211,4500
50000.0,iir_o8_bw4000,8,4000.0,24.799897132034356,20.54116675650593,51.306692843623715,42.22319664120481,33.00303354652863,28.241701189879375,1.5916606460186529,0.2175720237369957,1.6579352825071492,1.8489032254748126,20.814,24.623789982829038,19.814,24.623789982829035,-1.8159366851701944,2.503318240787893,229.20888888888888,64.33326150769855,114.60444444444444,32.166630753849276,54677779.78494086,94109777.42152841,10498.45029555436,16370.611384093958,16456.84229103236,34779.43744800548,37.93829683719002,5.5754972540324115,54677779.78494086,94109777.42152841,9339.82232512305,15149.550980634784,20626.879008281416,49064.47097828383,77.38528177174234,11.490372788620313,50793.6507936508,0.0,793.6507936507987,0.0,9148.641559289714,15219.457926696758,54677779.78494086,94109777.42152841,1349.8087362646456,2409.287362944612,4500
50000.0,iir_o7_bw4000,7,4000.0,24.773208301512597,20.52619659031204,51.17700873673433,42.13096224339805,33.02148643132556,28.263426742061586,1.5870592475891674,0.21723596855330463,1.6477001590094031,1.8425952509841705,21.060666666666666,24.796923310074217,20.060666666666666,24.796923310074217,-1.8421931757053946,2.5203335021173103,229.212,64.49990179033166,114.606,32.24995089516583,54577757.68560791,93918273.50848517,10463.689242019109,16319.63289512914,15048.089937385532,28497.689890587142,37.896332760354,5.463424894119488,54577757.68560791,93918273.50848517,9309.480296865348,15051.659428159612,18479.354601824474,37747.13168951665,77.28879538375953,11.248585898464482,50793.6507936508,0.0,793.6507936507987,0.0,9112.841184246152,15123.912224634605,54577757.68560791,93918273.50848517,1350.8480577729563,2414.6266648933142,4500
50000.0,iir_o2_bw5000,2,5000.0,24.89143022336044,20.4916066941515,52.93497206765636,42.92932539179765,34.42564656246822,29.523209161692666,1.5847865002581831,0.32551478173864434,1.1060859161121188,0.1604608637406648,20.811333333333334,21.23182942125951,19.811333333333334,21.231829421259512,-1.8573307034592794,2.134020182367604,243.48355555555557,102.32999040147483,121.74177777777778,51.164995200737415,53155387.91251183,91291901.7001389,1128917.5362700615,1775054.4946960972,75.03579740970723,72.31230761389126,17.147427512563475,4.046515139331069,53155387.91251183,91291901.7001389,854752.130607092,1377731.9082950447,106.63889720633854,112.72518289643314,36.92298968830939,8.47468755913578,50793.6507936508,0.0,793.6507936507987,0.0,823678.0478386696,1382908.4223962629,53155387.91251183,91291901.7001389,305239.48843139195,482640.79975138174,4500
50000.0,iir_o5_bw5000,5,5000.0,25.078127182409194,20.697088705692458,51.517397020723976,42.17635903280101,33.407187678403034,28.84788791895489,1.5965644025701027,0.2826847855462515,22432523711.629204,1372856941612.099,21.383777777777777,24.93918905804747,20.383777777777777,24.93918905804747,-1.8634580916783663,2.5526763773818417,231.18333333333334,74.5495232586561,115.59166666666667,37.27476162932805,55182204.79811331,95304216.47584197,30139.19276861245,58135.228215196075,3732.261970927818,5523.5582841922105,33.08878294812952,4.693973339571792,55182204.79811331,95304216.47584197,27473.900656884933,55363.344152337966,4801.353025010016,6810.107715921914,67.81840755305119,10.068098577071673,50793.6507936508,0.0,793.6507936507987,0.0,26287.867823180302,55693.90983560602,55182204.79811331,95304216.47584197,3851.3249454321463,5866.180646339615,4500
50000.0,iir_o6_bw7000,6,7000.0,26.10636365210994,21.290207989234904,55.21489325347897,43.962680551377304,37.15250954259311,32.19443145295729,1.536330807422685,0.36169038710425927,1.1187090486209919,0.1780009245048797,20.848444444444443,18.656942232522574,19.848444444444443,18.656942232522574,-1.867545703688204,1.8636103702060858,250.036,131.77289745324316,125.018,65.88644872662158,55312485.37441251,95634108.87019931,1841867.5044491044,2685758.665920557,97.11722022579993,200.34870944647727,15.809110296555398,5.434292786745845,55312485.37441251,95634108.87019931,1591766.737906063,2439725.532196255,136.15418664697597,296.4602509065222,33.59551091768075,11.40850364713382,50793.6507936508,0.0,793.6507936507987,0.0,1585157.5138688397,2442932.0466625164,55312485.37441251,95634108.87019931,256709.99058026474,366658.51827089954,4500
50000.0,iir_o6_bw4000,6,4000.0,24.73282172265298,20.500617729753927,50.978514218388455,41.98149422310897,33.05167605424685,28.29395844083334,1.579751514586445,0.21625424791784886,1.6311081460858674,1.8192819758693943,21.358888888888888,24.92342303697606,20.358888888888888,24.923423036976065,-1.8744877786864345,2.5328151678553255,229.30911111111112,64.72205870116532,114.65455555555556,32.36102935058266,54432341.61949352,93616790.51322596,10399.790672549729,16207.416965247972,13327.076715008208,22022.137585359967,37.82697698060357,5.286350178990602,54432341.61949352,93616790.51322596,9253.932425711802,14884.01071400389,16176.57316009021,28052.250349046193,77.14266994818387,10.897755322205887,50793.6507936508,0.0,793.6507936507987,0.0,9047.350263405591,14959.92632634779,54432341.61949352,93616790.51322596,1352.4404091441395,2416.2405921617983,4500
50000.0,iir_o3_bw6000,3,6000.0,25.532236504916977,20.93318878548044,53.87886366254241,43.39984182818279,35.94711296774331,30.906904817638374,1.5486354502567448,0.3442214029468725,1.1183826250249667,0.19498841152143137,21.016222222222222,22.286710106773736,20.016222222222222,22.286710106773736,-1.88233873167778,2.23644098656936,254.13044444444444,118.2907727556036,127.06522222222222,59.1453863778018,55010641.736806855,94990133.7707827,1217958.3073296957,1840508.1811135963,93.32445175877538,150.4601712603651,17.155708148746676,4.554814294899511,55010641.736806855,94990133.7707827,959295.8458811565,1510650.3604556487,129.26851801366837,208.5243448459089,36.78315609178706,9.424571207000728,50793.6507936508,0.0,793.6507936507987,0.0,929405.7879791668,1516329.3282902578,55010641.736806855,94990133.7707827,288552.51935052866,427412.65754474857,4500
50000.0,iir_o4_bw4500,4,4500.0,24.85389794201729,20.562286726219096,50.8387997742709,41.74088833039353,33.30935508456183,28.64554179558518,1.5718234810200822,0.24572784411340803,1.6348619578854993,1.475178321221024,21.72688888888889,24.762249563253807,20.72688888888889,24.7622495632538,-1.9102606746719737,2.5225001956597493,231.78022222222222,68.85052736810307,115.89011111111111,34.42526368405154,54606224.39145285,94049025.56902923,19731.853118926694,34509.70521439943,5285.449497678502,7348.957885620389,34.776736826708536,4.621956107399648,54606224.39145285,94049025.56902923,17493.448569506912,32189.57992072859,6747.107324248558,8635.739842903227,71.33758905365923,9.800765450806866,50793.6507936508,0.0,793.6507936507987,0.0,16520.61270508463,32431.7291803517,54606224.39145285,94049025.56902923,3211.2404138420643,4949.3179107996075,4500
50000.0,iir_o5_bw4000,5,4000.0,24.66818656218782,20.456677411856507,50.64999048953327,41.72729105460024,33.1033263203227,28.340190219193115,1.5672170887853076,0.21369844850789846,1.625974106832836,1.779465954222446,21.80311111111111,25.066027749798916,20.80311111111111,25.066027749798916,-1.9212145214739995,2.547907787211539,229.53733333333332,65.11532800251993,114.76866666666666,32.557664001259965,54200945.80370951,93129818.07046385,10270.312002411516,16126.64266205619,11604.055337939193,17151.691146884456,37.72900584776733,5.020847968683504,54200945.80370951,93129818.07046385,9150.433083152351,14748.199490252615,14282.296598512054,22345.717107943165,76.9745305127067,10.456365130620744,50793.6507936508,0.0,793.6507936507987,0.0,8908.046371994433,14833.781145481045,54200945.80370951,93129818.07046385,1362.2656304170825,2410.867634821406,4500
50000.0,iir_o8_bw5500,8,5500.0,25.183878767132,20.759204812417874,51.830134752084376,42.39197813091668,33.61727335084949,29.13897193693107,1.6044111527622602,0.31358072670557113,36989689634.729385,1423278313962.619,22.26688888888889,26.586384578449177,21.26688888888889,26.586384578449177,-1.951610668436031,2.7322822634535684,228.0331111111111,86.11174045427317,114.01655555555556,43.05587022713659,55374234.45775217,95729645.91098937,46940.2877356338,107469.45215727735,3033.5649102369966,4384.254608607093,31.733820429916033,5.16421959138141,55374234.45775217,95729645.91098937,43795.108339046674,103834.33383289387,4415.351929334766,7582.794424176524,65.12141536892477,11.542446160948888,50793.6507936508,0.0,793.6507936507987,0.0,43175.28750778623,104013.96297066755,55374234.45775217,95729645.91098937,3765.0002278475595,5904.107397255806,4500
50000.0,iir_o7_bw7000,7,7000.0,26.05510805035133,21.268720042968486,54.52945414620931,43.47413929008432,37.45489454525038,32.298213252955144,1.5031337809169443,0.34713952200848924,1.1174406492382563,0.1653027401561893,21.806,18.818169479418657,20.806,18.818169479418657,-1.96831958221049,1.8780389923692866,250.40555555555557,129.57470815119547,125.20277777777778,64.78735407559773,55314339.89613414,95631759.4655167,1598896.9396454722,2337263.4213773785,135.25680820669945,343.5832858976631,16.545002950386355,5.654657909289144,55314339.89613414,95631759.4655167,1408035.6355157131,2155783.8677507434,177.20059738074355,468.9747339719435,34.83987253502571,11.68237572864784,50793.6507936508,0.0,793.6507936507987,0.0,1404369.7520997203,2157587.6822976843,55314339.89613414,95631759.4655167,194527.18754575195,281495.2569972769,4500
50000.0,iir_o4_bw6500,4,6500.0,25.75841275610562,21.07623800712021,54.20264359269617,43.45090751043016,36.74505864281178,31.72978046372182,1.528003144952395,0.3670784185870327,1.1112370532276197,0.17297173101707447,21.92577777777778,22.079939278782913,20.92577777777778,22.079939278782913,-1.9779414981939154,2.2140005906585887,250.39911111111113,125.75756055069719,125.19955555555556,62.878780275348596,55269366.84256254,95534003.77802663,1366616.971338632,2026319.7034951618,105.85198695637409,195.24886709460023,16.902339653568443,5.019619240971203,55269366.84256254,95534003.77802663,1123761.8250210418,1751497.8452626457,143.6938734275998,272.24812505053524,36.04238237186464,10.311163606069417,50793.6507936508,0.0,793.6507936507987,0.0,1101132.7698579268,1756666.31415401,55269366.84256254,95534003.77802663,265484.20148070523,380704.9527004666,4500
50000.0,iir_o7_bw5500,7,5500.0,25.182301446058354,20.759754615310143,51.603765071226874,42.199693193873266,33.7723242894771,29.249100949455748,1.5879745199814863,0.3046504373550586,40995584806.98601,1429840733276.1316,22.551333333333332,26.473903332895276,21.551333333333332,26.47390333289528,-1.9789908834418621,2.7259987991793837,229.27355555555556,86.76021564971246,114.63677777777778,43.38010782485623,55361661.546675354,95699891.39416347,50385.04198855116,113580.56576158662,2749.3372728399277,3477.831101667544,31.470405550779866,5.1157811428538364,55361661.546675354,95699891.39416347,47090.647554999116,109900.71473243665,3777.958428155793,5388.096832465448,64.58064323195995,11.221783033558408,50793.6507936508,0.0,793.6507936507987,0.0,45747.83744102257,110301.60483697061,55361661.546675354,95699891.39416347,4637.204547528584,6899.165911096091,4500
50000.0,iir_o4_bw5000,4,5000.0,25.032024145445458,20.669754278697745,50.72711032724044,41.53744319004036,33.78940453996482,29.108903663930054,1.549126328902116,0.2616760124567133,6035407268.596355,233719963271.59628,22.69977777777778,25.283576834842982,21.69977777777778,25.283576834842986,-2.0044658961535116,2.587110971265544,232.20111111111112,81.57361944189951,116.10055555555556,40.78680972094975,54991931.46630139,94893928.64949994,50481.30088431008,86586.84211223737,2507.4378036761827,5243.90224686683,31.07424146245911,4.821003410801175,54991931.46630139,94893928.64949994,43402.61005613263,79103.70687177117,3395.6771990789307,8143.180211320792,64.04833921095808,10.040488299617547,50793.6507936508,0.0,793.6507936507987,0.0,40356.062877862394,79657.7644571697,54991931.46630139,94893928.64949994,10125.238006447687,14903.711179785083,4500
50000.0,iir_o4_bw4000,4,4000.0,24.55763421185505,20.37796057855099,50.052655800932726,41.26072284029611,33.19456519863331,28.41417634004609,1.5436965819597668,0.20678842633339195,1.6080841795914702,1.710212833176091,22.66,25.437168122965733,21.66,25.437168122965733,-2.0118049178270208,2.5864443614119037,230.19577777777778,65.82643109607552,115.09788888888889,32.91321554803776,53792648.7741763,92291581.96615402,10520.93997201471,17461.793345520986,9117.527937827686,9475.659373087865,37.39534074271129,4.559238524174188,53792648.7741763,92291581.96615402,9395.169623882124,16030.193014616421,11586.13244194234,12654.144031637576,76.36450599815548,9.684073074776448,50793.6507936508,0.0,793.6507936507987,0.0,8973.408657774675,16154.857964068591,53792648.7741763,92291581.96615402,1547.5313142400355,2597.508957327341,4500
50000.0,iir_o6_bw5500,6,5500.0,25.180551417917563,20.760133030150218,51.2799992847488,41.9168075455939,33.986156167420354,29.39897267216375,1.5653002428408849,0.2934910145508588,36649319455.57796,1406025839708.912,22.994666666666667,26.592793713408245,21.994666666666667,26.592793713408245,-2.0279560965760153,2.7325700498370598,231.20755555555556,87.91594894770611,115.60377777777778,43.95797447385306,55337198.52256441,95644903.36135554,58981.819770923255,124648.71677456748,2232.0641724060283,3005.6440181267453,30.698000553002096,4.935835795672191,55337198.52256441,95644903.36135554,54637.88078442879,120324.91563545783,2928.1635646284667,4180.368940626071,63.03674286437565,10.573820791158923,50793.6507936508,0.0,793.6507936507987,0.0,52244.45341884544,121032.63500299289,55337198.52256441,95644903.36135554,6737.366352077813,9854.805887277464,4500
50000.0,iir_o8_bw7000,8,7000.0,26.024082723490412,21.255951187539157,54.1062012151424,43.189714812221226,37.64791802636309,32.384746107621055,1.4826450216298221,0.3371969583421904,1.1138451738763344,0.16462097749437316,22.40511111111111,18.98239426261657,21.40511111111111,18.98239426261657,-2.0319929186892196,1.894144547996445,250.478,129.33094956266672,125.239,64.66547478133336,55314521.149274565,95627327.39717698,1454445.8557686387,2136827.2747132024,147.14905722373734,414.4306636174149,16.948249619452184,5.588338035073944,55314521.149274565,95627327.39717698,1298403.3300282236,1993886.8729120248,197.29764629955807,606.0741271515144,35.54821973696998,11.61047463075359,50793.6507936508,0.0,793.6507936507987,0.0,1296763.188077515,1994703.4305781177,55314521.149274565,95627327.39717698,157682.66769112353,231053.9367176196,4500
50000.0,iir_o8_bw3500,8,3500.0,24.353876488181616,20.290442731271572,49.09141022377335,40.75170306414308,33.47821856105148,28.42627031212007,1.4848249428892368,0.14472572971691414,1.4231612846591288,1.08836773986253,23.510666666666665,26.09358952103029,22.510666666666665,26.09358952103029,-2.113788513621134,2.6394956984858196,229.02466666666666,62.364519106519396,114.51233333333333,31.182259553259698,53287033.88605636,91090985.50135833,5877.878974441907,9003.92606739153,18544.646963614843,40378.3806579243,39.88291239150063,4.375679571129453,53287033.88605636,91090985.50135833,4897.116787105401,7526.587602851941,23660.01745504852,52354.83839254084,81.56135959433826,8.998774554068142,50793.6507936508,0.0,793.6507936507987,0.0,4654.799756239069,7585.687115861502,53287033.88605636,91090985.50135833,1223.0792182028388,2192.6729529971167,4500
50000.0,iir_o5_bw6500,5,6500.0,25.639627176061637,21.023871370818636,52.59105122638648,42.27059755635812,36.991856631339246,31.738992614480555,1.4669762015965504,0.32849522063322734,1.094479072265061,0.1638931745266165,23.206,22.109700620424135,22.206,22.109700620424135,-2.1178190232654353,2.2136727227357627,248.2368888888889,122.90414413507618,124.11844444444445,61.45207206753809,55316279.3884048,95619816.16729486,873811.8430810178,1296645.267002445,217.439255688756,509.28940010194907,19.13695793178006,5.456648651715349,55316279.3884048,95619816.16729486,742904.8707111372,1163565.5316620476,286.36049205325014,666.8435385404416,40.36375261816735,11.240289468534396,50793.6507936508,0.0,793.6507936507987,0.0,733672.3170894139,1166465.004685103,55316279.3884048,95619816.16729486,140139.52599160388,200797.50807948073,4500
50000.0,iir_o5_bw5500,5,5500.0,25.178940809877442,20.75987637071822,50.821583368305554,41.48899124112215,34.28391050494391,29.59901376899852,1.5345503338445718,0.28042359029273284,50927308154.49032,1439181246766.326,24.014,27.23580938279905,23.014,27.235809382799047,-2.1179286651109113,2.8197587119835146,233.71377777777778,92.28744987408994,116.85688888888889,46.14372493704497,55285978.688016295,95533414.40467963,82974.4082538612,151730.99704574505,1532.10956354754,2757.2674944204937,29.106847645418902,4.788884594125928,55285978.688016295,95533414.40467963,74309.14977297002,143245.28770185486,1981.7657355232338,3798.488716556576,59.89765573957702,9.988763111643774,50793.6507936508,0.0,793.6507936507987,0.0,70171.43179160326,144325.7358505916,55285978.688016295,95533414.40467963,12802.976462257937,18789.72522156395,4500
50000.0,iir_o7_bw3500,7,3500.0,24.314020905398497,20.25289456395726,48.97210688516518,40.629567534598465,33.44037385070488,28.39778097822148,1.4837507457603414,0.14633727118225773,2998662110.9380713,201156369551.07596,23.64488888888889,26.24838412005737,22.64488888888889,26.248384120057366,-2.1231269771871073,2.660441614603043,228.99466666666666,62.62833966420766,114.49733333333333,31.31416983210383,53171181.20080446,90819239.62211934,6076.399204503593,9305.913043842185,18053.056516599234,37009.07623637585,39.779450204843855,4.411591291694738,53171181.20080446,90819239.62211934,5118.7689850547395,7888.713760699431,22967.93759122659,47347.004192943255,81.32054857162933,9.088387489265331,50793.6507936508,0.0,793.6507936507987,0.0,4875.204764534721,7954.909181385619,53171181.20080446,90819239.62211934,1201.1944399688716,2151.6018179458983,4500
50000.0,iir_o8_bw6000,8,6000.0,25.276313021669267,20.8272902457156,50.82035660623764,41.43436010878236,35.062361905428254,30.349042303755994,1.5044272216393884,0.2901243802747031,95388169904.7364,1568938052413.361,24.176222222222222,25.569465528439217,23.176222222222222,25.569465528439217,-2.130125500544918,2.69593525188758,237.358,98.25779115902029,118.679,49.12889557951014,55360178.27798686,95679118.59607461,137824.42464056303,273841.1087324827,1052.2788970251725,1739.957552260544,27.26624939212738,4.906891807101116,55360178.27798686,95679118.59607461,128120.54797988107,266736.81300073245,1395.2790891439502,2240.5806445582925,56.15040873352996,10.697819766726868,50793.6507936508,0.0,793.6507936507987,0.0,125707.93480592243,267596.3534137459,55360178.27798686,95679118.59607461,12116.489834640632,17032.5078745134,4500
50000.0,iir_o7_bw6000,7,6000.0,25.28680294786749,20.832010252372537,50.69737965057155,41.29448450061439,35.214882263453816,30.433596054607445,1.4921497520799718,0.28495627610135427,86088734637.9568,898357184862.2866,24.288,26.33188232300521,23.288,26.331882323005207,-2.136076048973745,2.7792265875812268,241.33577777777776,99.20455991366232,120.66788888888888,49.60227995683116,55355334.627644524,95673246.31149974,158175.84821154742,293675.3011026066,845.142383300648,1276.2456109633795,26.5372190102807,4.806768633444452,55355334.627644524,95673246.31149974,144871.29776673525,284233.57247849647,1096.055015853053,1585.9742917928843,54.70656523929504,10.345285690131442,50793.6507936508,0.0,793.6507936507987,0.0,142013.1171515992,285272.6913606203,55355334.627644524,95673246.31149974,16162.731059948252,23263.92632673136,4500
50000.0,iir_o6_bw3500,6,3500.0,24.260946823107325,20.20755199118956,48.81037636446872,40.482005978257014,33.38955744837653,28.36115576558447,1.4819605892511438,0.1481727016271321,2983360344.6531963,200129895863.42947,23.898888888888887,26.357354885838006,22.898888888888887,26.35735488583801,-2.1486956110433524,2.6726606088730187,228.87777777777777,63.16846089312702,114.43888888888888,31.58423044656351,52986977.72319322,90440476.06575379,6293.6379236279,9672.06668476814,17131.79158571987,31383.026832321484,39.65238408638425,4.420155755293281,52986977.72319322,90440476.06575379,5359.1416242067335,8297.3084558705,21726.355189817583,40223.58577524287,81.01664138699788,9.125776240033478,50793.6507936508,0.0,793.6507936507987,0.0,5118.301322594778,8369.100193035167,52986977.72319322,90440476.06575379,1175.3366010331226,2104.3775866876585,4500
50000.0,iir_o3_bw4500,3,4500.0,24.70042591568646,20.453341358804035,49.593360466349445,40.77448404499013,33.682920956490875,28.901113183976165,1.5095901393090736,0.22255803247895004,1.6034027443494883,1.45371924402909,24.025777777777776,25.738451467110824,23.025777777777776,25.738451467110824,-2.1494699640968706,2.6192642019739516,232.16822222222223,80.17419307290663,116.08411111111111,40.087096536453316,53977245.61143996,92773603.32578416,58566.723943607096,90342.463842005,1955.5056912120313,2641.1410278535463,30.331153144690894,4.775679677248786,53977245.61143996,92773603.32578416,46813.777491688576,74971.64196718483,2558.3884248525,3444.0079275476432,62.83021800016863,9.717850558905777,50793.6507936508,0.0,793.6507936507987,0.0,43006.69070760193,75332.02572695035,53977245.61143996,92773603.32578416,15560.033236005178,22847.957933981026,4500
50000.0,iir_o4_bw5500,4,5500.0,25.180090919189606,20.757926790279857,50.5400924647815,41.206524428559334,34.681040203423734,29.83907066630597,1.5027244497213954,0.27015481712670086,22632282813.6004,457427524274.8766,24.310444444444446,25.530727139139458,23.310444444444446,25.530727139139458,-2.164646233801836,2.632890906232711,236.87177777777777,100.93690578742496,118.43588888888888,50.46845289371248,55166663.357464865,95280333.36229376,162440.94574355055,252614.82976186898,777.6909741364198,951.939727887361,26.24186406051543,4.946379678163302,55166663.357464865,95280333.36229376,135690.94618437352,221553.05984376595,1043.9192710271047,1336.9089826256952,54.615857468729324,10.245340466719158,50793.6507936508,0.0,793.6507936507987,0.0,128401.90663804371,222891.43008701893,55166663.357464865,95280333.36229376,34039.039105506796,49267.91234180768,4500
50000.0,iir_o3_bw4000,3,4000.0,24.35064496398027,20.222842939492086,48.87670877019867,40.33467065505586,33.32950907813991,28.505796488978927,1.4975449343711578,0.18998998320084728,1.4896729316699813,1.5402071120281726,24.245333333333335,26.01435457863878,23.245333333333335,26.01435457863878,-2.186235291554292,2.636388926584028,230.40244444444446,69.06267013134085,115.20122222222223,34.531335065670426,52969977.060482964,90675712.65501104,20225.0092406775,33569.38165740427,5404.3387713230395,9291.199028396215,34.645195690796804,4.616379173582648,52969977.060482964,90675712.65501104,16824.576821641356,29638.48016528334,7451.150067726521,13735.182338361163,71.37575467772328,9.680588728945652,50793.6507936508,0.0,793.6507936507987,0.0,15434.675178301404,29799.374835122413,52969977.060482964,90675712.65501104,4790.334062376096,7180.287374472892,4500
50000.0,iir_o5_bw3500,5,3500.0,24.183000132665672,20.144584166170194,48.56433431768136,40.27177366235971,33.32165361949709,28.315857607248244,1.4784079249867754,0.15017620098518505,2961292620.5205026,198649547926.66275,24.254,26.462598121790926,23.254,26.462598121790926,-2.186460445427161,2.683425394666045,228.89377777777779,63.72494731210523,114.44688888888889,31.862473656052615,52688858.457665235,89859934.36731198,6530.521091320077,10144.156367444759,15410.76742101528,22858.05651659173,39.47141448539293,4.346001410472323,52688858.457665235,89859934.36731198,5629.767013930212,8802.96224120758,19355.559996042564,29636.11794123969,80.55939208745319,8.985864067622131,50793.6507936508,0.0,793.6507936507987,0.0,5387.613072468651,8880.597475786108,52688858.457665235,89859934.36731198,1142.9080188514256,2043.945677275841,4500
50000.0,iir_o6_bw6000,6,6000.0,25.30369780608659,20.839677820934334,50.625410463710615,41.1817105515816,35.419151618802886,30.549218923750207,1.4789124608824096,0.28116485411600944,88642720125.54791,913767898222.2448,24.953555555555557,27.189755325227235,23.953555555555557,27.18975532522724,-2.199800162201299,2.8682265015231443,243.47266666666667,102.68170146386633,121.73633333333333,51.340850731933166,55343864.05902207,95654599.93810675,197337.72781840104,336163.53437671304,736.6291426018347,1338.8908135545269,25.559487544341454,4.971943807431931,55343864.05902207,95654599.93810675,176676.27663730085,319625.36057804344,896.3770117490166,1457.8426004817072,52.75075972134881,10.31659400390878,50793.6507936508,0.0,793.6507936507987,0.0,172649.92921638585,321017.661969631,55343864.05902207,95654599.93810675,24687.798602015195,36057.58187856115,4500
50000.0,iir_o5_bw6000,5,6000.0,25.332877454226793,20.85254807992163,50.72395631872993,41.161779670043174,35.680907664901895,30.68753380471766,1.4686331321013595,0.2827879996919072,97770274547.82689,962734356452.9131,25.198444444444444,25.518337522743824,24.198444444444444,25.518337522743824,-2.21843443593367,2.720339969682115,242.384,108.99096749424827,121.192,54.49548374712413,55315973.11823622,95602287.37371747,282873.3513387637,442353.06404345005,499.2191434967989,701.9300656722722,23.988228801498533,5.089345020832375,55315973.11823622,95602287.37371747,244085.02531363483,404604.95357622544,641.7357433322006,909.1678302985105,49.89800964057317,10.494066398891588,50793.6507936508,0.0,793.6507936507987,0.0,237713.25725447154,406447.58058071835,55315973.11823622,95602287.37371747,45160.09408429217,65531.17516499443,4500
50000.0,iir_o2_bw4500,2,4500.0,24.428547365086775,20.20577106462104,50.29049868647634,41.11630376143339,33.78579052417973,28.81304812394607,1.5170040599961505,0.24542235583993263,1.1287810691534967,0.3011770538520783,24.479333333333333,23.025701875883932,23.479333333333333,23.025701875883936,-2.2317641195603044,2.3143652743025607,237.87533333333334,101.20694520278431,118.93766666666667,50.603472601392156,52287278.22605128,89549082.58414459,519177.24508318043,808599.3753298657,163.71567652816316,157.51080700320188,20.47829777789796,4.099346682317244,52287278.22605128,89549082.58414459,390885.26156755287,617759.3162788766,231.5736425715879,239.51214670230414,43.589803041017475,8.531780238631658,50793.6507936508,0.0,793.6507936507987,0.0,372143.98226316116,619632.2692074147,52287278.22605128,89549082.58414459,147033.26282001918,230766.2315176132,4500
50000.0,iir_o4_bw3500,4,3500.0,24.055118874667066,20.042468217789356,48.13245869730982,39.91217966729018,33.22662348652244,28.250935344093218,1.4702367491077108,0.15149839570975612,1.3821880754914995,0.9657524308452184,24.88111111111111,26.598123804485716,23.88111111111111,26.598123804485716,-2.2566981418863197,2.691290090740551,229.13822222222223,64.36204626741079,114.56911111111111,32.181023133705395,52174596.97826329,88882773.28971191,6822.911016776244,10999.434313562486,12905.423697491453,13781.118411944903,39.174190711149954,4.106326824216322,52174596.97826329,88882773.28971191,5989.230742417845,9718.519547236174,15843.42415965374,18307.49775200277,79.76468362950838,8.500376291366402,50793.6507936508,0.0,793.6507936507987,0.0,5712.039883107747,9807.479601321791,52174596.97826329,88882773.28971191,1110.8711336684958,1962.156862210354,4500
50000.0,iir_o8_bw6500,8,6500.0,25.518013669582935,20.971414339177556,51.14116259913337,41.307869791760204,36.785294326806,31.601133062185742,1.4343618957681397,0.29733228390904626,93500704353.02948,952838351526.5271,25.415555555555557,23.66601403481095,24.415555555555557,23.66601403481095,-2.2584148340727097,2.5243742904440865,252.32466666666667,115.08224941428283,126.16233333333334,57.541124707141414,55339984.71752421,95639384.96118315,479906.43197048706,764234.9680986935,513.1473500692139,2801.3677239483427,21.788565169694685,5.282473485363613,55339984.71752421,95639384.96118315,435967.0662731911,731854.0988749791,640.6470521006313,3608.8892367694234,45.195301891415106,11.085073080018697,50793.6507936508,0.0,793.6507936507987,0.0,433894.32450030255,732894.9420415225,55339984.71752421,95639384.96118315,46012.1074701845,67509.8392162979,4500
50000.0,iir_o3_bw5000,3,5000.0,24.95502058778676,20.611378790329404,50.154346727304286,41.033868485394954,34.2549077409822,29.39416991817941,1.5031455183507212,0.25165983787583,1.780036044414089,1.823936961578847,25.352666666666668,26.541488565034076,24.352666666666668,26.541488565034076,-2.2755543514648724,2.7146229941498605,241.02488888888888,96.32837861418602,120.51244444444444,48.16418930709301,54534843.34607945,93954603.92394012,176411.14786343713,264709.0914406569,697.2015591501497,1015.5807357311602,25.680101876866715,4.8423797057778275,54534843.34607945,93954603.92394012,138356.74321396096,213323.2755390787,978.0340930961543,1531.8964704278758,53.810140730304816,10.002348562253587,50793.6507936508,0.0,793.6507936507987,0.0,129519.62379206001,214093.77366658763,54534843.34607945,93954603.92394012,46891.524071377105,68717.29731200817,4500
50000.0,iir_o7_bw6500,7,6500.0,25.54154912674835,20.98166652568772,51.36990075359868,41.454913602824604,36.91072506649081,31.68845412709858,1.4359476408606247,0.30325006997814313,48619147961.18141,694175658423.9778,25.41177777777778,23.25267326371883,24.41177777777778,23.252673263718826,-2.2922105668909274,2.419483282372805,252.4608888888889,117.55326630639848,126.23044444444444,58.77663315319924,55337411.60416073,95643237.87811632,544082.6526290122,843830.6545695063,280.5826430558138,534.7079932479094,21.16823061947273,5.085558387643575,55337411.60416073,95643237.87811632,486618.293896252,797364.300015765,369.5720470463056,718.3218152388325,44.107856351517285,10.744947573743056,50793.6507936508,0.0,793.6507936507987,0.0,484014.18569381017,798656.9038550634,55337411.60416073,95643237.87811632,60068.466935202,88134.43875868243,4500
50000.0,iir_o6_bw6500,6,6500.0,25.577884216749474,20.997236474013885,51.78622768720462,41.723196743360305,37.0191405285083,31.747266994602178,1.4431170971627991,0.3120397954103436,6178713225.964766,239438136474.85843,25.051555555555556,22.74091363484698,24.051555555555556,22.74091363484698,-2.2929589256367726,2.299356489722176,250.82666666666665,119.48778843378362,125.41333333333333,59.74389421689181,55331661.25933671,95641172.27003749,655686.9028147889,990796.9396922322,239.20777617802057,449.13436509894103,20.36901617575495,5.210765058369623,55331661.25933671,95641172.27003749,573206.9937619949,916641.5148759403,332.40383443188057,692.2959727299617,42.71435985764887,11.004722108233825,50793.6507936508,0.0,793.6507936507987,0.0,569468.5344130587,918430.8635885563,55331661.25933671,95641172.27003749,86218.36840173011,125283.13906246294,4500
50000.0,iir_o3_bw5500,3,5500.0,25.202544933674684,20.754047104273415,51.42642267528512,41.77879349754738,35.07804203459488,30.02172030070243,1.5056132652750718,0.2871525742340669,1.1980797221651052,0.5630307451735576,25.134888888888888,25.219750453683844,24.134888888888888,25.219750453683844,-2.2950702689261107,2.540126484114497,246.3028888888889,113.7390353500374,123.15144444444445,56.8695176750187,54841744.6981109,94615485.23385414,491247.0397833218,737016.8208255073,252.91896267421265,407.7521485974384,21.2118792710136,4.771049886813014,54841744.6981109,94615485.23385414,383327.1410475902,596305.1965962902,364.86971950287773,641.184010771521,44.95928675870041,9.925160442140912,50793.6507936508,0.0,793.6507936507987,0.0,367149.7546499286,598752.216583394,54841744.6981109,94615485.23385414,124097.28513339323,182569.85780166785,4500
50000.0,iir_o4_bw6000,4,6000.0,25.390382955877655,20.8766455612649,51.48968038788955,41.668178746416956,35.948116393323026,30.843098310735154,1.4764653230683351,0.29705052105338553,4174060150.8693914,197998201739.46646,25.24888888888889,24.756144517341827,24.24888888888889,24.756144517341827,-2.301696222882895,2.5064333845764626,243.80555555555554,117.048422263101,121.90277777777777,58.5242111315505,55241565.88435161,95453732.9768368,505039.6683007591,754300.1764724348,331.00956004045304,678.4194034450874,21.427944654859306,5.288358959979581,55241565.88435161,95453732.9768368,415120.7882223242,651594.5215519655,454.7712897073272,914.0268530091041,45.173257899102545,10.94945511509731,50793.6507936508,0.0,793.6507936507987,0.0,402814.4204886447,654143.1302344055,55241565.88435161,95453732.9768368,102225.24781211442,146883.64588236227,4500
50000.0,iir_o3_bw3500,3,3500.0,23.81711890878727,19.849361609679455,47.24230428791148,39.177953572471466,33.08751640479903,28.156766982260976,1.4488037185353377,0.14778592645996716,1.3490654037353642,0.9881283674150133,25.90511111111111,26.948934126500163,24.90511111111111,26.948934126500163,-2.366475004796276,2.722194993290305,229.96311111111112,65.76275645848563,114.98155555555556,32.88137822924281,51183992.3692174,87045415.65555637,9062.975562590149,16004.336404801368,8793.546176793136,8304.88005106095,37.76066904801483,3.883565314850282,51183992.3692174,87045415.65555637,7873.51447691747,14555.089039437906,11469.427926749886,12441.963237245316,77.14286835995205,8.287815477981349,50793.6507936508,0.0,793.6507936507987,0.0,7377.955400685839,14649.548044766807,51183992.3692174,87045415.65555637,1685.0201619043107,2688.9141685520444,4500
50000.0,iir_o1_bw2500,1,2500.0,20.095120957856007,16.644307958602788,42.12477247142283,34.31532863460987,27.736834522943813,23.86510863336882,1.5690090728403436,0.3189820089728513,1.0885042969177867,0.10021402431496905,25.966,20.17067538199046,24.966,20.17067538199046,-2.3771823137752808,2.0272729095334516,247.62133333333333,97.88374508063805,123.81066666666666,48.941872540319025,35420800.0066578,59026430.54195706,837788.3330894336,1401171.4469043044,62.73979786864583,41.87103350778991,16.73268058262895,3.785028169066469,35420800.0066578,59026430.54195706,641839.2879091114,1086670.9390773189,84.4651894025669,56.747621797651924,35.860733274912015,7.825097576542929,50793.6507936508,0.0,793.6507936507987,0.0,624661.4936820125,1091107.834736152,35420800.0066578,59026430.54195706,213126.83940742098,366246.4417517346,4500
50000.0,iir_o2_bw4000,2,4000.0,23.931159235410107,19.8704645837411,48.01111535735636,39.54894227065184,33.2553834087155,28.377217105066908,1.4667751933867266,0.19587505947156028,8941836382.80389,346260998486.69867,27.281333333333333,25.64730705534077,26.281333333333333,25.647307055340768,-2.5002397320398844,2.6002207774661157,235.05466666666666,94.90473522991238,117.52733333333333,47.45236761495619,50959480.64508596,86923614.79344802,215075.08598541224,332343.91899530415,393.51547465076834,379.42063532643067,24.22144103500438,4.153048956110418,50959480.64508596,86923614.79344802,162162.07702290386,251084.12951039412,552.7932498197789,578.8462247979498,51.02860463387191,8.58987440456616,50793.6507936508,0.0,793.6507936507987,0.0,152266.66567721084,251770.93557182763,50959480.64508596,86923614.79344802,62808.42030820142,97911.46203922006,4500
50000.0,iir_o2_bw3500,2,3500.0,23.309977090466784,19.418764093755204,45.77369543576622,37.94008706427489,32.700872395514594,27.842883093785527,1.4163388699048227,0.1486933057880222,19808644464.053226,502146791276.6724,28.82422222222222,27.375834420922814,27.82422222222222,27.375834420922818,-2.6614506823896673,2.7755709605481567,234.15733333333333,86.1888767384663,117.07866666666666,43.09443836923315,48920766.93962609,82966118.63654107,80066.2141322587,123893.61335128584,1040.8643756621916,1040.5317213199053,28.35517256845769,4.190782251533111,48920766.93962609,82966118.63654107,61369.935762779874,94258.81723623807,1448.3661878325427,1607.6212503789327,59.16619350187738,8.639823896984552,50793.6507936508,0.0,793.6507936507987,0.0,56778.89637306538,94625.73777489351,48920766.93962609,82966118.63654107,23287.317759193313,36100.6354704978,4500
50000.0,iir_o5_bw3000,5,3000.0,23.38292811998358,19.570585746870254,45.24282871772071,37.8252605349786,33.287435442948784,28.10500319431801,1.3656635984559693,0.08985518987126953,5911819219.509079,280392921106.6817,31.74288888888889,29.50035703554062,30.74288888888889,29.500357035540624,-2.975565506300161,2.9742960735020585,231.99911111111112,64.25271703393078,115.99955555555556,32.12635851696539,49722850.869764395,83813008.58851103,6252.44111496629,10131.131745399305,10147.42172109201,6220.233614006388,39.31585490101655,2.580406226687622,49722850.869764395,83813008.58851103,5444.843299502796,9166.239569355212,12839.234571426832,9541.904898057339,80.26966048302378,5.679599278337912,50793.6507936508,0.0,793.6507936507987,0.0,5393.804268623785,9189.491375846925,49722850.869764395,83813008.58851103,858.6368463425046,1520.8926882498315,4500
50000.0,iir_o4_bw3000,4,3000.0,23.25128331997655,19.45460953294762,44.995453285393936,37.58929627588256,33.05635183856425,27.921370789316285,1.3690975260839016,0.09589656243745617,5858967154.569721,277886157480.471,31.766222222222222,29.327113527570877,30.766222222222222,29.327113527570877,-2.977382009386109,2.9577898651816,231.59177777777776,64.30442555173417,115.79588888888888,32.152212775867085,49175120.190168485,82850561.24169761,6196.630019402719,10093.850767039972,10481.89971082482,6962.961451765319,39.34378228369991,2.7676878574155444,49175120.190168485,82850561.24169761,5438.222417727004,9135.760502151514,13289.017791302802,10617.087937731458,80.30166555311278,6.064456877046441,50793.6507936508,0.0,793.6507936507987,0.0,5370.2288881337045,9163.305183071481,49175120.190168485,82850561.24169761,826.4011312690144,1458.1126817921072,4500
50000.0,iir_o6_bw3000,6,3000.0,23.457621794369334,19.637159650215406,45.361770694461434,37.94295454175497,33.428911223683606,28.219816547113325,1.3625720350279111,0.08601585344074002,5945100870.418194,281971509184.66345,31.801333333333332,29.861093516130786,30.801333333333332,29.86109351613078,-2.9819222677287147,3.009499543915836,232.2228888888889,64.54378934437094,116.11144444444444,32.27189467218547,50028019.59243963,84399750.22748624,6350.726792916577,10373.926429023155,9905.227681595563,5778.3082888026,39.27486444497444,2.4707951848297793,50028019.59243963,84399750.22748624,5515.369677574557,9423.17235635686,12550.12761289617,8956.304323433635,80.2068495746976,5.476137779396192,50793.6507936508,0.0,793.6507936507987,0.0,5473.048720360651,9443.930756217504,50028019.59243963,84399750.22748624,877.6780725559266,1557.5833717864698,4500
50000.0,iir_o7_bw3000,7,3000.0,23.499999454055825,19.674236996471794,45.41221882413258,37.99364222425058,33.517243236067415,28.294198513434505,1.3600827308289938,0.08400106834341949,5967918568.012586,283053812164.88293,31.94488888888889,30.204659883030892,30.94488888888889,30.204659883030892,-2.995539415066302,3.0444543167161346,232.60822222222222,64.86684138874985,116.30411111111111,32.433420694374924,50202831.35709759,84798486.62795472,6477.478502882393,10718.131556428407,9738.559397980342,5534.238821622843,39.230190463155644,2.4227789415168717,50202831.35709759,84798486.62795472,5629.014001838856,9788.452705004976,12349.960156914987,8641.822675636115,80.12087087849926,5.395936983450918,50793.6507936508,0.0,793.6507936507987,0.0,5589.992947781959,9808.19135697596,50202831.35709759,84798486.62795472,887.485555100434,1576.6729595247389,4500
50000.0,iir_o3_bw3000,3,3000.0,23.002853905345557,19.237975497936834,44.43788573939592,37.0792553018291,32.66906786886165,27.619452055030276,1.369838541369636,0.10285102692037468,5774201730.781228,273866306438.79883,32.02422222222222,29.227979876920312,31.02422222222222,29.227979876920312,-3.0034553381376043,2.9480827968015415,230.888,65.69083960899906,115.444,32.84541980449953,48124203.28126811,81047160.80114304,6498.6124014271,11293.303206807566,10481.64308150109,8154.8343163077025,39.13302957818693,3.065120481099507,48124203.28126811,81047160.80114304,5822.3012572634825,10380.407904714535,12846.486062360442,11673.215096296955,79.57905269734778,6.575669433465448,50793.6507936508,0.0,793.6507936507987,0.0,5643.821236489174,10437.22386555436,48124203.28126811,81047160.80114304,854.7911649379254,1449.1377780542996,4500
50000.0,iir_o8_bw3000,8,3000.0,23.522987758940825,19.69243116699478,45.42099495735067,38.00209382792563,33.57435830975258,28.348542178911117,1.3580680034540804,0.08331490032868341,1.1862412608688047,0.4695230737946611,32.154444444444444,30.57352668075511,31.154444444444444,30.573526680755105,-3.0194030764214586,3.0760930278454777,232.90844444444446,65.04259257160237,116.45422222222223,32.521296285801185,50301896.94490136,85093297.10912976,6626.947922077681,11138.206372441742,9634.601153592377,5437.533650004952,39.18696239048836,2.4220624834994675,50301896.94490136,85093297.10912976,5777.968531952365,10235.20039054607,12210.55775494085,8501.003474506047,80.02075728558384,5.404952333547729,50793.6507936508,0.0,793.6507936507987,0.0,5738.003393333784,10255.170866059747,50301896.94490136,85093297.10912976,888.9445287438983,1578.6604265014564,4500
50000.0,iir_o2_bw3000,2,3000.0,22.46313077285168,18.76546365982149,43.12824427258809,35.926993906460325,31.93130868142124,27.04923636517631,1.3601241769665355,0.10917204983050637,27338212137.32501,579505660322.2748,33.11,28.571761099738325,32.11,28.571761099738325,-3.1064268533231396,2.8994054361596886,236.842,76.24783333036433,118.421,38.123916665182165,45806331.632467054,77061085.66998525,27972.000134524544,44816.47399563952,3127.3505030049896,5211.190057479551,32.66929020432722,4.214813724061544,45806331.632467054,77061085.66998525,22424.12825030156,36166.027427803274,4124.7544072329865,7415.009222450225,67.43629767756411,8.560170582063186,50793.6507936508,0.0,793.6507936507987,0.0,20612.269516968325,36430.25517574322,45806331.632467054,77061085.66998525,7359.730617556217,11399.27488081724,4500
50000.0,iir_o2_bw2500,2,2500.0,21.261258402121644,17.793262777934505,39.62233045619294,33.12224494183014,30.698282901135563,25.885225474918368,1.2946257553525997,0.0791969813919875,1.0592836600725555,0.2103717082725625,41.30755555555555,30.314995710139563,40.30755555555555,30.314995710139563,-3.9609361490813315,3.0392637401840603,236.47866666666667,70.99284304423232,118.23933333333333,35.49642152211616,41135820.6452872,68458479.01981592,11136.265790303376,19340.487497647387,7633.391894055696,17902.940217595205,36.29878269944718,3.8786415420734106,41135820.6452872,68458479.01981592,9555.290834182862,17485.10056276826,10849.984856587733,29546.188224340705,74.53325487508617,8.419086923312712,50793.6507936508,0.0,793.6507936507987,0.0,9105.968392350285,17597.736614125442,41135820.6452872,68458479.01981592,2030.2973979530927,3182.7217721144675,4500
50000.0,iir_o3_bw2500,3,2500.0,21.776584668370415,18.25133738710636,40.4024997161582,33.88460026782898,31.646361754841855,26.638937447538858,1.2790930171578894,0.07042953392534705,1.0798327576965818,0.24801413150157156,43.074222222222225,32.56056032778388,42.074222222222225,32.56056032778388,-4.137533765737468,3.265720735438428,235.53555555555556,68.57363220841172,117.76777777777778,34.28681610420586,43144484.439921275,71741190.71135122,6519.424964295859,11328.03522272029,9175.2662086784,6628.060351074576,38.846754964293766,2.504313141630056,43144484.439921275,71741190.71135122,5990.250801902353,10698.079140404187,11409.220443152242,10705.615158474317,79.00298073536918,5.699298597868116,50793.6507936508,0.0,793.6507936507987,0.0,5972.294672529636,10707.285289855829,43144484.439921275,71741190.71135122,547.1302917662231,898.4876826198051,4500
50000.0,iir_o4_bw2500,4,2500.0,22.010206850614274,18.459302957443835,40.664804318788576,34.15303694300834,32.109479481542365,27.025599683116187,1.2673937094658938,0.06361427180289006,1.0935459103323881,0.2666204906375799,44.156666666666666,33.38230045992103,43.156666666666666,33.38230045992103,-4.2460118925784265,3.3487829998395267,237.24244444444443,69.37071554623748,118.62122222222222,34.685357773118746,44050382.598831385,73184027.5014554,6948.5625126170235,12020.316645130943,8329.709463306526,5398.5819678419775,38.586185355977356,2.226970677324998,44050382.598831385,73184027.5014554,6401.125287763184,11359.775286207365,10059.873967763513,8272.578485128162,78.37340080869079,5.055051971091154,50793.6507936508,0.0,793.6507936507987,0.0,6393.304283466874,11363.925349246781,44050382.598831385,73184027.5014554,555.25822915015,935.81561609702,4500
50000.0,iir_o5_bw2500,5,2500.0,22.1290662438104,18.558610671031847,40.76045055111667,34.24173329400342,32.37034514070973,27.23822497949517,1.2594045313444642,0.05945319244116487,1.0891809460447903,0.2571746123112272,45.07933333333333,33.65339417895894,44.07933333333333,33.65339417895894,-4.34029874936633,3.3756813407721715,238.5091111111111,70.09073696581994,119.25455555555556,35.04536848290997,44548296.968886234,73910508.99578851,7264.227099374697,12655.190726565897,7996.304092389488,5009.036581132365,38.44079587881257,2.167284584948302,44548296.968886234,73910508.99578851,6710.508341204706,12000.837829025237,9584.607819632596,7414.581172582958,78.05023858764358,4.928310854200831,50793.6507936508,0.0,793.6507936507987,0.0,6705.02025897546,12003.741828909002,44548296.968886234,73910508.99578851,559.2068403992372,943.377250099728,4500
50000.0,iir_o6_bw2500,6,2500.0,22.196714107297897,18.60410580257907,40.79718161684045,34.25194553135913,32.529043416356124,27.35046054080508,1.2539628859476297,0.05660714136006595,1.0915214197053669,0.26360684431784936,45.827333333333335,33.67622612205111,44.827333333333335,33.676226122051105,-4.415861521779068,3.378594124715621,240.02866666666668,70.03300797037751,120.01433333333334,35.016503985188756,44888730.55986873,74283023.53789937,7469.844526924473,13055.356702426065,7841.945724176889,4879.944630609142,38.35525171122665,2.169878951022206,44888730.55986873,74283023.53789937,6910.98083300526,12407.125000808415,9377.558890359856,7067.403675765725,77.86925006792214,4.937356029291826,50793.6507936508,0.0,793.6507936507987,0.0,6906.968446244853,12409.255720988907,44888730.55986873,74283023.53789937,562.8760806796201,947.2321490081166,4500
50000.0,iir_o7_bw2500,7,2500.0,22.243290254745915,18.623782629203085,40.825602023420366,34.24427724510895,32.6256998565806,27.41026626729159,1.2506620171585268,0.05495865822932439,1.0893531765737363,0.26508497651613905,46.24933333333333,33.42841674399533,45.24933333333333,33.42841674399532,-4.459064222071865,3.354598173342538,241.244,69.67257128915392,120.622,34.83628564457696,45174822.20419196,74458563.88522077,7613.300101391374,13311.780777090078,7790.26023864982,4890.318590005579,38.306150772006575,2.210474991163116,45174822.20419196,74458563.88522077,7045.599398435321,12663.62614213901,9315.429517668503,6944.637946961089,77.77372635923251,5.02505737897998,50793.6507936508,0.0,793.6507936507987,0.0,7042.659176572449,12665.20166118755,45174822.20419196,74458563.88522077,570.6409248189259,957.1629659776617,4500
50000.0,iir_o8_bw2500,8,2500.0,22.285095611488494,18.633749547310185,40.86964775861009,34.2346848016212,32.68368389661803,27.442783383782157,1.2492740602913375,0.054924416687939126,1.0801161439232938,0.26428321251498854,46.321333333333335,33.20939698354465,45.321333333333335,33.20939698354465,-4.468058118395582,3.332774304969895,242.40977777777778,70.91035443610642,121.20488888888889,35.45517721805321,45451463.98470435,74529553.48941743,7734.233342841205,13526.495564986024,7811.95597099861,5021.549661356648,38.279348433663166,2.284318754185116,45451463.98470435,74529553.48941743,7150.346737352702,12868.459551647087,9353.676673143622,6988.401523344053,77.73113264999672,5.1767339208787275,50793.6507936508,0.0,793.6507936507987,0.0,7147.940902538574,12869.734154178612,45451463.98470435,74529553.48941743,586.2924403026309,980.459573698762,4500
60000.0,iir_o1_bw7000,1,7000.0,22.324404247072106,19.898295368466105,57.21369031521202,48.73556636127871,26.923760531305263,25.88092054112821,2.316909392017003,0.5126494870616753,1.1404893271730492,0.15170260665660174,9.964222222222222,7.359519946778302,8.964222222222222,7.3595199467783035,-0.6770070134195214,0.751807650928033,222.8251111111111,99.79019707575013,111.41255555555556,49.895098537875064,40900886.18241139,75527436.85956754,7297364.515956125,11211535.118260866,5.823622732186641,7.563014330646765,5.656825824300688,4.105235898075541,40900886.18241139,75527436.85956754,6209442.451699476,10297714.464491015,7.906458057903104,12.877364629176803,13.126791769498935,8.74523153649219,60317.460317460325,0.0,317.4603174603253,0.0,1341549.2327644215,2393058.103296609,5955815.283191704,10265396.76806752,40900886.18241139,75527436.85956754,4500
60000.0,iir_o1_bw6500,1,6500.0,21.730421541050166,19.507455560588586,54.667480502281464,46.81067266142847,27.081810775856038,26.144172036439038,2.2106542208904507,0.4969034575385299,1.1414859971375753,0.15476750981015308,10.774444444444445,7.855667064343314,9.774444444444445,7.855667064343313,-0.769153651754043,0.7996864839680187,221.27488888888888,98.2556994614008,110.63744444444444,49.1278497307004,40406756.04932375,74593712.76892737,5806033.353261642,8972308.766945293,7.2863767702387765,9.610957344810524,6.600503445517269,4.121976887495202,40406756.04932375,74593712.76892737,4977810.568663419,8293367.342814366,9.84052183784967,16.13558070386197,14.939191389001236,8.805592053946327,60317.460317460325,0.0,317.4603174603253,0.0,1007455.3289080139,1796299.7798026612,4798578.024353628,8275379.108406165,40406756.04932375,74593712.76892737,4500
60000.0,iir_o1_bw6000,1,6000.0,21.145394240241874,19.11796051662542,52.12583525571162,44.90355158932251,27.18063343526999,26.358711902709306,2.104561914706019,0.4744303249536642,1.1432710875927863,0.15699988383439142,11.813555555555556,8.527149913290096,10.813555555555556,8.527149913290096,-0.8844753616776887,0.8660525721815128,220.71,97.0831072154237,110.355,48.54155360771185,39795632.47023785,73440885.68187684,4504647.173153275,7000692.834996294,9.329036244458282,12.5190360684084,7.64160497822053,4.139463492136665,39795632.47023785,73440885.68187684,3889970.4507181263,6508534.658552937,12.535273924589625,20.725804506959168,16.95025321693612,8.863196513007248,60317.460317460325,0.0,317.4603174603253,0.0,738343.560556413,1315816.1533437546,3766303.6125968616,6499273.836915665,39795632.47023785,73440885.68187684,4500
60000.0,iir_o1_bw5500,1,5500.0,20.562192684747384,18.721682337241983,49.57922185041154,43.00014757172089,27.18200312097129,26.47012980331001,2.0027908505682497,0.45114259022140507,1.1403725949540384,0.1560054566911891,13.110888888888889,9.205800263395965,12.110888888888889,9.205800263395965,-1.0264173336021927,0.9331234748052856,221.63755555555556,96.31643993710782,110.81877777777778,48.15821996855391,39035122.74937547,72008906.67652532,3392459.8842410566,5301063.448837277,12.270772869314614,16.796233851686807,8.796139600318746,4.157939822782725,39035122.74937547,72008906.67652532,2950180.701306476,4954186.745199983,16.4025964150649,27.488255295818192,19.189696659662815,8.915067572212582,60317.460317460325,0.0,317.4603174603253,0.0,525915.7276989247,936709.9554923814,2866544.156542132,4950098.105786192,39035122.74937547,72008906.67652532,4500
60000.0,iir_o1_bw5000,1,5000.0,19.969749309497423,18.307149285231237,47.0123955872267,41.08034087306844,27.047929405272264,26.296495910623364,1.9006057340454203,0.41606428635677445,1.1372905321092515,0.15726452446088926,14.510444444444444,9.903541333415978,13.510444444444444,9.903541333415978,-1.179054655471764,1.0001978371258642,223.16644444444444,95.40913214573204,111.58322222222222,47.70456607286602,38081560.09253537,70217178.2500569,2465567.9545019106,3872840.425228566,16.663229799799108,23.358951522165174,10.083766045164257,4.1779036261661275,38081560.09253537,70217178.2500569,2158561.752690849,3636313.0397892096,22.163444910018594,37.908858338344494,21.69789861732838,8.963148928961324,60317.460317460325,0.0,317.4603174603253,0.0,362159.7159254449,644609.7032203318,2103408.238576466,3635067.821274053,38081560.09253537,70217178.2500569,4500
60000.0,iir_o1_bw4500,1,4500.0,19.35141581741067,17.858238667082677,44.40357280070096,39.11947643927937,26.73015177699742,25.900566758876565,1.8049761106793438,0.38086665978649736,1.1306850769468304,0.15921372187497354,16.358666666666668,11.193315488487098,15.358666666666666,11.193315488487096,-1.3769834801766767,1.1275484545083343,224.57644444444443,94.24354566642853,112.28822222222222,47.121772833214266,36875569.360579185,67956688.17464349,1716338.3487308875,2709327.2587737315,23.510619653324042,33.96639282434498,11.529025683740441,4.2003170737246665,36875569.360579185,67956688.17464349,1512173.0456375075,2554306.271248128,31.126655787925745,54.82931534486837,24.524304027501888,9.009351446241208,60317.460317460325,0.0,317.4603174603253,0.0,239434.46637756343,425820.4322639326,1476903.882353324,2554453.1893593,36875569.360579185,67956688.17464349,4500
60000.0,iir_o1_bw4000,1,4000.0,18.682628449549174,17.3522250865669,41.71573512171297,37.07869817380375,26.24024068610308,25.373793964510565,1.7148257294543765,0.3413383928983632,1.1177931178297613,0.15686253384505167,18.41288888888889,12.426595785985915,17.41288888888889,12.426595785985915,-1.5963527449144244,1.2499484866111747,225.62666666666667,92.62557397867423,112.81333333333333,46.31278698933711,35335944.445834115,65079284.185894534,1133012.8898616964,1796835.8866696463,34.760606915284924,52.27849426428286,13.163205840526976,4.22703102521065,35335944.445834115,65079284.185894534,1004025.8927931553,1700081.2378946037,45.88875555948188,84.32026293325677,27.734229237274764,9.061761276262086,60317.460317460325,0.0,317.4603174603253,0.0,150551.4706205198,267467.90003715217,982461.4192411768,1700724.2777225769,35335944.445834115,65079284.185894534,4500
60000.0,iir_o2_bw7000,2,7000.0,21.901261820192936,20.043565541697728,48.62858097721746,42.34202482887664,30.331562156403425,29.487470005765154,1.7487865097062985,0.3491651801911445,1.1433147950908549,0.2748714344232632,18.60333333333333,17.29805494977876,17.60333333333333,17.29805494977876,-1.6084182083767984,1.742640792031211,223.81,113.97659722232893,111.905,56.98829861116447,44775588.17177576,83280687.92069247,2499814.4657691265,4364959.23240126,25.494824648146423,52.4225450921307,10.84002612090367,4.783759169520267,44775588.17177576,83280687.92069247,2486606.2996175303,4358632.889773877,26.57217415936457,58.44695535356558,21.75888102740916,9.65944411713483,60317.460317460325,0.0,317.4603174603253,0.0,13208.166151596113,22517.136950497592,2486606.2996175303,4358632.889773877,44775588.17177576,83280687.92069247,4500
60000.0,iir_o1_bw3500,1,3500.0,17.927501402437006,16.756757608207884,38.8923818358026,34.89963792644415,25.576329365739923,24.69744254630338,1.6277621412563192,0.2990478595510467,1.1056574414986076,0.15178235481576133,20.633777777777777,14.393375289656364,19.633777777777777,14.393375289656364,-1.8323586893856232,1.4459095728774352,226.4111111111111,90.09518002387864,113.20555555555555,45.04759001193932,33351598.615366027,61383769.36164664,699602.6289948814,1114296.5155749377,54.50502016510514,86.73937559117614,15.027298369054899,4.261689666058914,33351598.615366027,61383769.36164664,623192.6764018253,1057510.3701801917,72.00914223583251,140.95584612732338,31.410964875730375,9.1304975563131,60317.460317460325,0.0,317.4603174603253,0.0,88851.87092374424,157634.64915038476,610750.7580711372,1058185.7565699818,33351598.615366027,61383769.36164664,4500
60000.0,iir_o2_bw6500,2,6500.0,21.515692444262257,19.814394701536475,46.64510913745829,41.01828623388408,30.322423254422812,29.124262437884852,1.6577549366612718,0.31554229457225497,1.1292699070590615,0.25535650315597086,21.282444444444444,19.607676921186602,20.282444444444444,19.607676921186602,-1.8906210424235201,1.9702053924643135,222.96266666666668,113.30722469381683,111.48133333333334,56.65361234690842,44615699.87394629,82951603.10164832,1545687.9308892507,2715965.859002049,41.85014040082474,87.5256786873389,12.94303556459996,4.8046192191172326,44615699.87394629,82951603.10164832,1538493.3195996778,2712614.147190856,43.434208629416176,96.43913005524189,25.956592456469803,9.691854068283678,60317.460317460325,0.0,317.4603174603253,0.0,7194.611289572811,12189.757128519494,1538493.3195996778,2712614.147190856,44615699.87394629,82951603.10164832,4500
60000.0,iir_o1_bw3000,1,3000.0,17.033692327960956,16.025004956089255,35.84240376795373,32.49132859751013,24.601773499345047,23.717525218438663,1.5444827075064589,0.2521218532504178,1.0934825550775862,0.1475960478821728,24.149333333333335,16.62504162072577,23.149333333333335,16.62504162072577,-2.1978641728346733,1.668353746694838,224.76844444444444,89.67149887452976,112.38422222222222,44.83574943726488,30772260.56538857,56600044.955981396,396187.6611285863,633560.9101126809,92.29394026069973,159.67439671279288,17.176989154390494,4.311780381301991,30772260.56538857,56600044.955981396,354564.24966394255,602788.9149435104,122.96003973295053,265.4948020112447,35.66738668729906,9.234932361516696,60317.460317460325,0.0,317.4603174603253,0.0,48278.27039040394,85486.38637484662,347909.3907381824,603308.6940383799,30772260.56538857,56600044.955981396,4500
60000.0,iir_o3_bw7000,3,7000.0,21.7418248735109,20.045104036566453,46.02957169411877,40.4135913018258,31.214865311486616,30.000839606490025,1.5957860214042618,0.3109664860863205,1.1372769498369615,0.3085075600557495,25.278,23.63281020445069,24.278,23.63281020445069,-2.299137316009413,2.374439249337342,217.93177777777777,116.47410229296358,108.96588888888888,58.23705114648179,45319923.85757335,84429714.09054895,1186531.8644804403,2166291.6218727776,62.84522902198461,143.00937157776306,14.315910833651873,5.087187469078177,45319923.85757335,84429714.09054895,1186332.069795779,2166201.8518544785,62.90938566727072,143.30182992426222,28.63448834000926,10.177084332340268,60317.460317460325,0.0,317.4603174603253,0.0,199.79468466141145,319.96990657952114,1186332.069795779,2166201.8518544785,45319923.85757335,84429714.09054895,4500
60000.0,iir_o2_bw6000,2,6000.0,21.1836622361735,19.605555781666503,44.88977318901135,39.88411150237638,30.198674005988185,28.899861382011846,1.5925678804412045,0.28653806324365505,1.1113151727101553,0.2069910720451526,25.304666666666666,23.089730462085004,24.304666666666666,23.089730462085004,-2.304408069920384,2.3147304693500637,222.84244444444445,111.16461553815773,111.42122222222223,55.58230776907887,44381981.17492142,82472390.46646936,894483.8822929552,1581193.8642450352,73.5056887982661,157.1911831595398,15.33451746223695,4.8218204710480235,44381981.17492142,82472390.46646936,890725.7258567937,1579480.8830193188,76.0293920214878,171.4467996661767,30.733327180014367,9.718681083287434,60317.460317460325,0.0,317.4603174603253,0.0,3758.156436161436,6313.765666459934,890725.7258567937,1579480.8830193188,44381981.17492142,82472390.46646936,4500
60000.0,iir_o8_bw4500,8,4500.0,20.96403255088139,19.56168059727178,44.22688584545571,40.73154249672383,27.660510100758895,26.707159751806945,1.6506553028802995,0.24219073254430973,1.5052780303147497,1.4188518028456636,26.228666666666665,26.6175973474882,25.228666666666665,26.617597347488203,-2.3568683240825647,2.7039449305860077,219.10022222222221,65.93022674611997,109.55011111111111,32.965113373059985,45516926.37795502,85044243.26284604,3471.6848629493647,5737.58100497422,78897.02793440117,324553.03444580256,41.01413693108964,7.185306429948893,45516926.37795502,85044243.26284604,3455.486816755361,5720.683134094018,93649.27482103881,437700.0056924092,82.16615867969651,14.592286759351127,60317.460317460325,0.0,317.4603174603253,0.0,16.198167468209054,22.994481657749603,3455.486695481156,5720.683207358324,45516926.37795502,85044243.26284604,4500
60000.0,iir_o7_bw4500,7,4500.0,20.94350662251736,19.543868304803663,44.08423577712627,40.58934570478066,27.720731114433775,26.76346058473633,1.642358369660624,0.23959315778703227,1.4823640246712606,1.3754191591788234,26.459555555555557,26.72976750774785,25.459555555555557,26.72976750774785,-2.3828105723229482,2.7137839761021385,218.92333333333335,66.48891524298554,109.46166666666667,33.24445762149277,45457438.14660539,84903742.74040371,3436.944130968658,5713.879003915492,109941.62376127155,538132.8377378619,41.11285197218572,7.304464603585348,45457438.14660539,84903742.74040371,3420.710203629959,5696.90620625784,150948.3300779372,794064.7533642474,82.39549881839227,14.953026817442431,60317.460317460325,0.0,317.4603174603253,0.0,16.285151439991434,23.08259597716169,3420.658979528667,5696.936838883894,45457438.14660539,84903742.74040371,4500
60000.0,iir_o6_bw4500,6,4500.0,20.912895593449463,19.51747437071302,43.87316930587888,40.37869389808984,27.80758234042636,26.847768126533765,1.6303418939682328,0.23566661954019702,1.486885044524886,1.4378571713985642,26.779333333333334,26.89835765182357,25.779333333333334,26.898357651823574,-2.416621892590517,2.7305732844417947,218.79444444444445,67.26102207272048,109.39722222222223,33.63051103636024,45364062.973802604,84683332.88665815,3355.813738125689,5642.529628347098,68897.94829289119,282092.9414985573,41.09431649939175,6.901102232726954,45364062.973802604,84683332.88665815,3339.4041552693893,5625.352088629913,78441.84345770052,368539.7162769601,82.30419902975369,13.961689490808109,60317.460317460325,0.0,317.4603174603253,0.0,16.409600863254035,23.198153014295613,3339.404137262435,5625.352099321195,45364062.973802604,84683332.88665815,4500
60000.0,iir_o8_bw4000,8,4000.0,20.75695575297564,19.397476506087216,43.410328343786986,40.07719118241465,27.73525148574562,26.66607178059359,1.6025720760807565,0.19784773170551007,1.441448410047806,1.1045562344463427,26.789555555555555,27.008949926057287,25.789555555555555,27.008949926057287,-2.4227302129429376,2.7381114771943857,220.8028888888889,64.19515935528865,110.40144444444445,32.097579677644326,45078801.962857604,84064114.49132866,2440.215757898269,3673.9783866457205,314611.9547618809,2666895.369409333,41.9387197851696,6.95624720361584,45078801.962857604,84064114.49132866,2424.4074639000723,3655.2901547613815,411252.51044763456,4180211.6349132108,83.98393814483063,14.074880782019289,60317.460317460325,0.0,317.4603174603253,0.0,15.808979376683425,22.871615524254544,2424.406778521586,3655.2906093421398,45078801.962857604,84064114.49132866,4500
60000.0,iir_o7_bw4000,7,4000.0,20.725152707480483,19.370962356418815,43.28006859077751,39.944904736532806,27.74936889759298,26.686084856134507,1.5976731288432204,0.19626374071748745,1.4308350108956363,1.090836859712708,26.993333333333332,26.966501821583094,25.993333333333332,26.966501821583094,-2.4447612274888555,2.7331089865290212,220.728,64.48114434119584,110.364,32.24057217059792,44967803.05098201,83818355.91271843,2495.0828458291853,3755.8389176494247,257938.40243363773,3277562.902531649,41.77251159745584,6.6944345437714246,44967803.05098201,83818355.91271843,2479.1686566542776,3737.2546515571175,328406.69198963884,4860341.499005265,83.63400152305513,13.483622337354735,60317.460317460325,0.0,317.4603174603253,0.0,15.914198917570586,22.878155310381263,2479.1686469116144,3737.254658021445,44967803.05098201,83818355.91271843,4500
60000.0,iir_o8_bw5000,8,5000.0,21.038029358867604,19.610660700065576,44.153132330750694,40.49798135428684,27.954606530961303,27.091259279237406,1.646527695655088,0.2683881789320711,1.482443058775262,1.4252205730808225,27.147777777777776,27.473120196985846,26.147777777777776,27.473120196985846,-2.452474720708693,2.790765243182484,216.26933333333332,71.43864974566571,108.13466666666666,35.71932487283286,45587250.00665135,85139930.724788,5094.375963647213,9168.107056797126,68623.83466984272,258304.8329998926,40.074251635730676,7.841204555469689,45587250.00665135,85139930.724788,5076.81939640975,9149.770501857052,82070.8521434807,368462.85127137695,80.3055855106713,15.93111720075509,60317.460317460325,0.0,317.4603174603253,0.0,17.557777111247105,24.878665157112458,5076.818186535967,9149.771173110958,45587250.00665135,85139930.724788,4500
60000.0,iir_o5_bw4500,5,4500.0,20.864663298326285,19.475982736490305,43.550581084353446,40.05860622989365,27.93402640114233,26.970943987708445,1.6124256542911755,0.22970392414090007,1.463541452583357,1.3636143262819105,27.259333333333334,27.103501035714487,26.259333333333334,27.103501035714487,-2.4686016632314134,2.7495659150689886,218.60355555555554,68.41661522750847,109.30177777777777,34.208307613754236,45207993.68267394,84320129.31654395,3263.931755760047,5597.843380027289,79627.61125139202,2746016.5743776076,40.98837017398399,6.223291699849476,45207993.68267394,84320129.31654395,3247.3325791604957,5579.88584228763,84200.18666104655,3017932.4534779205,82.0517537709252,12.481966771313818,60317.460317460325,0.0,317.4603174603253,0.0,16.59917659955129,23.352290811184588,3247.3325791604957,5579.88584228763,45207993.68267394,84320129.31654395,4500
60000.0,iir_o6_bw4000,6,4000.0,20.68002738396487,19.332135152993985,43.09437178295584,39.759698850921716,27.769829478362805,26.70911927256746,1.5904667521579592,0.1944215604454831,1.4151941835897424,1.0719353952266273,27.268444444444444,27.025033956485853,26.268444444444444,27.025033956485853,-2.474763683125391,2.7377942011617886,220.69377777777777,64.82656950131721,110.34688888888888,32.413284750658605,44814291.11021778,83472833.6180179,2553.6695582555926,3851.489070252584,183684.5003031649,2537790.126466227,41.599521656910554,6.451615598723198,44814291.11021778,83472833.6180179,2537.6252421226404,3832.937388724581,211256.1920872758,3189629.707428718,83.27820125826312,12.96111601980972,60317.460317460325,0.0,317.4603174603253,0.0,16.044322416878128,22.94521441612334,2537.6252358387146,3832.937392885794,44814291.11021778,83472833.6180179,4500
60000.0,iir_o7_bw5000,7,5000.0,21.030163914161474,19.60543119121379,44.0167441508177,40.36815651633116,28.04520450827565,27.17606098049281,1.636367104849528,0.2643188847660002,1.4833824036738652,1.4103550731648629,27.423333333333332,27.564221319581627,26.423333333333332,27.564221319581627,-2.4806519258570776,2.8003683754126056,216.366,72.20773451172867,108.183,36.10386725586434,45561871.90379042,85077742.44735022,4880.279384639343,8917.751224849615,50370.113364525976,179894.27487985164,40.0345382837155,7.319629021576499,45561871.90379042,85077742.44735022,4862.701396962864,8899.110354207482,55093.2021025514,214024.0923167676,80.18406003435098,14.787056039283058,60317.460317460325,0.0,317.4603174603253,0.0,17.578096832875616,24.878587552353704,4862.701287806468,8899.11041386326,45561871.90379042,85077742.44735022,4500
60000.0,iir_o5_bw4000,5,4000.0,20.611514624269283,19.271831336892355,42.807372889118575,39.47534964983729,27.80344963603568,26.74444331464946,1.5792393423242925,0.1921312539306347,1.4112461526708786,1.0797692199151092,27.602888888888888,27.155481470877856,26.602888888888888,27.155481470877856,-2.5103855658496608,2.7504629077541716,220.58133333333333,65.43533366766198,110.29066666666667,32.71766683383099,44580750.50349326,82947006.20351017,2602.9809379011067,3959.690349139827,72750.42292815619,413652.2143755357,41.38823588579036,6.009849348661317,44580750.50349326,82947006.20351017,2586.7720067523064,3941.027062313861,74137.01488564273,428485.61611798196,82.84591825127279,12.04210035766759,60317.460317460325,0.0,317.4603174603253,0.0,16.20893114880023,23.05890678125687,2586.7720067523064,3941.027062313861,44580750.50349326,82947006.20351017,4500
60000.0,iir_o6_bw5000,6,5000.0,21.017125274182987,19.596219160288427,43.8213089217061,40.18028686829554,28.169956461054326,27.29172645201116,1.62231804090135,0.25845582885514284,1.4693080381763246,1.3259865270345568,27.70777777777778,27.60164479226641,26.70777777777778,27.60164479226641,-2.51137853432019,2.802769691225987,216.20777777777778,73.74735761825028,108.10388888888889,36.87367880912514,45516615.91895893,84970282.81684972,4708.642787364539,8649.496817309908,28261.142343383945,69362.67032368503,39.742576650019835,6.4330117765627,45516615.91895893,84970282.81684972,4691.009634743496,8629.979131094566,28816.556756073216,73278.89208671126,79.55381613055224,12.912786675835257,60317.460317460325,0.0,317.4603174603253,0.0,17.633152621043024,24.88497850844174,4691.009634743496,8629.979131094566,45516615.91895893,84970282.81684972,4500
60000.0,iir_o5_bw5000,5,5000.0,20.993835047772418,19.57838791481524,43.53038413484852,39.89876345555127,28.344622430448258,27.450158216432975,1.6023785004827824,0.2500185802856722,1.4454814513490533,1.2607883323616944,27.984222222222222,27.562138085237336,26.984222222222222,27.562138085237336,-2.543935159890397,2.797045383881536,216.1391111111111,75.65198409550894,108.06955555555555,37.82599204775447,45430361.23420114,84769690.7201062,5007.105709720847,8736.14590341137,73316.55443848534,315504.19620251504,39.6255357992878,6.993884579576017,45430361.23420114,84769690.7201062,4989.346741788842,8714.59063434982,94377.60526585074,454032.1649625913,79.3978874039932,14.303115458676295,60317.460317460325,0.0,317.4603174603253,0.0,17.781284894687694,24.940950193361154,4989.324424826158,8714.60340518028,45430361.23420114,84769690.7201062,4500
60000.0,iir_o4_bw4500,4,4500.0,20.782000130903047,19.404218220797105,43.03330046900654,39.55188116250508,28.120497434654446,27.148054797065377,1.5847382229746292,0.22048678288865184,1.435428614716549,1.2528630523829885,28.000222222222224,27.418958563035098,27.000222222222224,27.418958563035098,-2.5488917281915047,2.7783821379305835,218.53133333333332,70.2447070380346,109.26566666666666,35.1223535190173,44922137.20023373,83671399.99178885,3700.8189498629804,6268.523084779898,58193.64444848191,224894.73504744458,40.727283893789775,6.575760175077816,44922137.20023373,83671399.99178885,3683.832574649203,6248.182679975026,65121.80343150392,287291.77796922467,81.57927494271817,13.332334921642628,60317.460317460325,0.0,317.4603174603253,0.0,16.986607448747,23.648543222036896,3683.832342414233,6248.182816913182,44922137.20023373,83671399.99178885,4500
60000.0,iir_o4_bw4000,4,4000.0,20.49814952603704,19.170686721886472,42.325828881872404,39.001991660797266,27.85998345662771,26.80488889079123,1.5605381467975041,0.1888028300739118,1.390377661822996,1.0143018735324079,28.13511111111111,27.2769169105006,27.13511111111111,27.2769169105006,-2.568014630115329,2.7607567412208076,220.61977777777778,66.61647142668927,110.30988888888889,33.30823571334464,44182865.590058416,82069177.76155998,2685.281668635348,4222.110400595078,33859.78808756607,77271.92043497047,41.17222215943578,5.416781458662258,44182865.590058416,82069177.76155998,2668.8349467396074,4202.8453787834205,34216.450311664776,78017.9200276496,82.4141661015011,10.852615200400377,60317.460317460325,0.0,317.4603174603253,0.0,16.446721895740648,23.206936452785065,2668.8349467396074,4202.8453787834205,44182865.590058416,82069177.76155998,4500
60000.0,iir_o4_bw5000,4,5000.0,20.948009618981768,19.540080738774183,43.0869956374501,39.46864005935953,28.591761059931255,27.664750981468863,1.573523990292263,0.2378861211950245,1.4282719368359864,1.2573364853721316,28.56111111111111,27.57679650297736,27.56111111111111,27.57679650297736,-2.6096067310873132,2.793124934679359,216.09688888888888,78.45779811469694,108.04844444444444,39.22889905734847,45249698.03496929,84358656.63032055,8349.46596012756,14260.893631268951,15765.934866380305,62219.20762513092,37.07965446033123,5.570303168750299,45249698.03496929,84358656.63032055,8331.131604383652,14240.824195252373,18196.54718329162,88731.33508693302,74.24124553346279,11.292717988132615,60317.460317460325,0.0,317.4603174603253,0.0,18.340782844360806,25.43131856008011,8331.1251772832,14240.827950057155,45249698.03496929,84358656.63032055,4500
60000.0,iir_o7_bw3500,7,3500.0,20.25534670086106,18.993537211951192,41.41088939123104,38.29073134435294,27.866857060422554,26.697921669359328,1.512120219965612,0.14336340628613334,19748816006.324177,936664745054.8885,28.88511111111111,27.63359958967312,27.88511111111111,27.63359958967312,-2.651665792176666,2.7979830770894023,223.24044444444445,65.06057129415508,111.62022222222222,32.53028564707754,43594243.55104104,80794385.00047025,2655.859004521012,3760.8521189637268,23154.948643776082,44327.90370967278,40.637491470477244,4.494842808969571,43594243.55104104,80794385.00047025,2638.868056050467,3738.535574359395,23400.06661674161,45270.358913824784,81.33472063649734,8.99681002367971,60317.460317460325,0.0,317.4603174603253,0.0,16.99094847054506,24.55600587185824,2638.868056050467,3738.535574359395,43594243.55104104,80794385.00047025,4500
60000.0,iir_o8_bw3500,8,3500.0,20.28863089934139,19.02728487252102,41.49019680930131,38.37579957872773,27.90289573818035,26.730153317108982,1.51282163210474,0.14205007989171747,1.3513293191956086,0.9107265958517273,28.887555555555554,27.67127994809006,27.887555555555554,27.67127994809006,-2.654424898728765,2.7961993387587754,223.36488888888888,65.28803426162528,111.68244444444444,32.64401713081264,43695685.800928526,81053204.38433796,2679.8845923817926,3777.8850299653873,22780.479546576105,45241.647010626926,40.612326046854804,4.430737390580546,43695685.800928526,81053204.38433796,2662.840453752237,3755.6032990333388,23048.55283241268,46416.70879401987,81.28464160433208,8.870037951818366,60317.460317460325,0.0,317.4603174603253,0.0,17.044138629555516,24.550616428884624,2662.840453752237,3755.6032990333388,43695685.800928526,81053204.38433796,4500
60000.0,iir_o6_bw3500,6,3500.0,20.20622779410943,18.945641615473523,41.2871471852289,38.16416377297083,27.819239742534265,26.65490668414591,1.51067519543943,0.14521650602624142,29566908394.231983,1144879436791.9382,28.93777777777778,27.636788565083044,27.93777777777778,27.636788565083044,-2.6551438476632168,2.800920286241217,223.14266666666666,64.91424474244721,111.57133333333333,32.457122371223605,43429256.76373259,80411334.81377314,2642.684497800778,3757.732764369638,23782.98162495007,45185.32286593002,40.65211597505512,4.5794735920957566,43429256.76373259,80411334.81377314,2625.7644193435544,3735.52701238344,24015.449302235793,45970.04674169434,81.36382823015113,9.165372542313591,60317.460317460325,0.0,317.4603174603253,0.0,16.920078457223905,24.49466246680841,2625.7644193435544,3735.52701238344,43429256.76373259,80411334.81377314,4500
60000.0,iir_o3_bw4500,3,4500.0,20.62099430236643,19.260850983838417,42.177439434691365,38.728410630062356,28.38215369057967,27.382016351519624,1.5421284816598968,0.2080475796769385,1.3797455289981906,1.2285051914056655,28.96622222222222,27.69895344111803,27.96622222222222,27.698953441118032,-2.658263994271897,2.798326295005973,217.14244444444444,76.33964083674455,108.57122222222222,38.169820418372275,44318021.29153811,82356577.62154716,10853.040900816372,19262.537744481564,26882.221014015187,100359.0614021951,36.16454295886992,6.647219534104473,44318021.29153811,82356577.62154716,10833.39535817998,19243.365324349867,36141.6950377422,151410.93452732722,72.50763673143742,13.74855809937569,60317.460317460325,0.0,317.4603174603253,0.0,19.834497656724817,27.406929630091494,10833.206403159647,19243.471412618048,44318021.29153811,82356577.62154716,4500
60000.0,iir_o1_bw2500,1,2500.0,15.924403710738197,15.087556242461662,32.43006270147765,29.71246586674625,23.242881750376053,22.449663413973173,1.465122113628706,0.20968266427226054,1.0839624248639028,0.1482991986227886,28.618222222222222,19.282576611706915,27.618222222222222,19.282576611706915,-2.658477146207337,1.9340896840187136,223.26244444444444,90.85786727405814,111.63122222222222,45.42893363702907,27401838.637280297,50377807.67038376,199716.63178836415,320576.0068269767,173.90714733141417,341.87351327596383,19.691697605847867,4.393486976531441,27401838.637280297,50377807.67038376,179488.32618078965,305606.9065879161,236.28036453506408,587.7345487865165,40.662562319728764,9.407626372693866,60317.460317460325,0.0,317.4603174603253,0.0,23440.38642952295,41387.225889972644,176276.2453588412,305936.10290968954,27401838.637280297,50377807.67038376,4500
60000.0,iir_o3_bw5000,3,5000.0,20.846025981980958,19.446558398045738,42.449262496757605,38.82054191876666,28.927848651560122,27.921327755289365,1.5348294286797395,0.22522124102402555,1.4473432729061806,1.297809347522423,29.020444444444443,27.53998535424619,28.020444444444443,27.53998535424619,-2.660649499296617,2.7864524331050013,215.8471111111111,85.27198852882732,107.92355555555555,42.63599426441366,44815030.573179714,83403146.58834611,32896.60110950215,61242.20627335179,3835.9146716708956,19412.930363800657,30.731996575094417,5.599189845167969,44815030.573179714,83403146.58834611,32872.08637230321,61225.65378227279,4155.144455094889,26407.292939945233,61.49067780047566,11.250699062634796,60317.460317460325,0.0,317.4603174603253,0.0,24.514967660621434,35.33247658261416,32872.08614184153,61225.65390603309,44815030.573179714,83403146.58834611,4500
60000.0,iir_o5_bw3500,5,3500.0,20.12956036323968,18.87290065520401,41.080055609367584,37.95611611261346,27.75370709423526,26.59597924611749,1.5076368906888458,0.14775126334791885,29383317681.496796,1137771107485.109,29.057333333333332,27.629278291209275,28.057333333333332,27.629278291209275,-2.667925314229835,2.800044705920873,222.58311111111112,65.22867586268949,111.29155555555556,32.61433793134474,43156508.48684455,79814287.12145573,2635.7762224313115,3763.055222915868,24458.193089875043,46990.29792046515,40.6549824476599,4.664157654412539,43156508.48684455,79814287.12145573,2618.955532257401,3741.1056090570987,24682.037659832313,47661.61323169275,81.3694023159079,9.334252524621787,60317.460317460325,0.0,317.4603174603253,0.0,16.82069017391058,24.341577488027603,2618.955532257401,3741.1056090570987,43156508.48684455,79814287.12145573,4500
60000.0,iir_o8_bw5500,8,5500.0,21.086327246727027,19.649900383149,43.54183239521223,39.77081222821524,28.678384629355765,27.822487810502803,1.5960793543619964,0.27118594934031304,1.4245299258484174,1.2526717744495752,29.22688888888889,29.345643300440724,28.22688888888889,29.345643300440724,-2.671901818167629,2.977624392565801,214.57577777777777,81.19646684432325,107.28788888888889,40.59823342216163,45559589.823346086,84987818.89761592,7603.938075713961,14756.318408535868,58333.45414177257,272966.96887890715,38.043264122406754,7.309568695944875,45559589.823346086,84987818.89761592,7584.922311444441,14734.474683617098,74474.30851491177,396660.23909675376,76.20498137598796,14.879213715400828,60317.460317460325,0.0,317.4603174603253,0.0,19.02613274054828,27.22413111060375,7584.911942973414,14734.480019806457,45559589.823346086,84987818.89761592,4500
60000.0,iir_o3_bw4000,3,4000.0,20.286683570907645,18.980996443609882,41.4517965313387,38.1609786201426,27.94810615230841,26.901038316639813,1.5277036195066738,0.1838334098560562,1.355949872647733,0.8920476714932831,29.146444444444445,27.577764901085928,28.146444444444445,27.577764901085928,-2.677299253392273,2.7878405430928135,219.6808888888889,70.07201033076427,109.84044444444444,35.036005165382136,43399669.35386712,80414573.7543625,4370.752098472269,7434.450425051859,19629.48526955509,32003.339935049495,39.48744978935231,5.199038642749294,43399669.35386712,80414573.7543625,4353.069394531177,7413.829227016204,20207.61956629761,34373.28418524388,79.05819792607976,10.473190461438044,60317.460317460325,0.0,317.4603174603253,0.0,17.68276348571272,24.41264115821189,4353.069334986556,7413.829261980622,43399669.35386712,80414573.7543625,4500
60000.0,iir_o7_bw5500,7,5500.0,21.088120753074367,19.653603889097226,43.44098176708345,39.673330099908824,28.76709275442161,27.902224316268445,1.587751399134429,0.26689231195613783,1.4252004649838919,1.2729367002852157,29.28488888888889,29.101713130755687,28.28488888888889,29.101713130755687,-2.6797987371007648,2.952142463086742,214.57333333333332,81.99945624592705,107.28666666666666,40.999728122963525,45551516.27001043,84974437.30975015,7915.570595815746,14570.14489529868,31431.780743873496,123445.83383674157,37.61813075231236,6.650467165485508,45551516.27001043,84974437.30975015,7896.524238352476,14547.448257293103,33762.98245123658,144802.30775312037,75.30845523920418,13.410050450900762,60317.460317460325,0.0,317.4603174603253,0.0,19.046357463270535,27.151452239109663,7896.524238352476,14547.448257293103,45551516.27001043,84974437.30975015,4500
60000.0,iir_o2_bw5500,2,5500.0,20.88342937354895,19.400645550269417,43.39628006665809,38.982631374572456,29.703123488165346,28.323420892853754,1.5501457831854957,0.25727475742173933,1.1093485812623165,0.26472064992393757,29.102666666666668,25.622425406418685,28.102666666666668,25.622425406418685,-2.691658944465752,2.5686574130938915,219.05488888888888,105.31023342455941,109.52744444444444,52.65511671227971,44035495.43765404,81764246.34395957,480394.29769046436,853633.2858507956,140.06197050860223,312.69710830586996,18.050860942075506,4.838135838830136,44035495.43765404,81764246.34395957,478520.8899266934,852787.4342114669,144.4898095519246,337.66175509155363,36.16158396258303,9.745200920021334,60317.460317460325,0.0,317.4603174603253,0.0,1873.4077637709627,3109.7806832175565,478520.8899266934,852787.4342114669,44035495.43765404,81764246.34395957,4500
60000.0,iir_o6_bw5500,6,5500.0,21.08889811461887,19.656399565999532,43.30238822364426,39.53677311151525,28.886891879602178,28.00711740688604,1.5765621177004674,0.26110824765765306,1.4388358098297058,1.3942923757990646,29.427777777777777,28.86926455674817,28.427777777777777,28.86926455674817,-2.6978084598308287,2.9266047633477053,214.29644444444443,83.40530090711736,107.14822222222222,41.70265045355868,45533062.81670102,84938121.08748566,9029.620258454039,15496.741125921784,13700.69643020681,48066.65715257415,36.738437656387525,5.6314288884804355,45533062.81670102,84938121.08748566,9010.485648058997,15473.823488467702,14580.693155915702,60851.3940960465,73.53057816024575,11.332974390191094,60317.460317460325,0.0,317.4603174603253,0.0,19.13461039503973,27.115215095681304,9010.485648058997,15473.823488467702,45533062.81670102,84938121.08748566,4500
60000.0,iir_o4_bw3500,4,3500.0,20.000513522265532,18.753284211042434,40.704501789409186,37.58360685960101,27.661719241731312,26.51875540907852,1.5009265580053666,0.15098467376428049,19436879735.264904,921884005372.7891,29.369555555555557,27.665870789828418,28.369555555555557,27.665870789828418,-2.702190040974607,2.800602746483345,222.22666666666666,65.83146255816607,111.11333333333333,32.91573127908303,42679983.608282536,78818362.31483495,2623.5254170493913,3786.3039818602733,23785.595754517508,44191.01134459123,40.64039062865324,4.6267698380585,42679983.608282536,78818362.31483495,2606.8495549476856,3764.7214070329005,23997.029584273645,44825.324904039764,81.34004554061245,9.258270917767474,60317.460317460325,0.0,317.4603174603253,0.0,16.675862101706027,24.045747390671043,2606.8495549476856,3764.7214070329005,42679983.608282536,78818362.31483495,4500
60000.0,iir_o4_bw6000,4,6000.0,21.20928102253964,19.747869375446076,42.81990677634723,38.707647294931895,30.096804709839148,29.03910321004636,1.5132032615660616,0.2517380422595122,1.540610931919602,1.6150686083642776,29.454666666666668,27.259162838529708,28.454666666666668,27.259162838529708,-2.7058883941541647,2.7657454221453555,211.72244444444445,101.0816191960739,105.86122222222222,50.54080959803695,45426910.991136886,84676196.93636222,93144.42795420444,183861.58161125556,1546.961766861628,8505.509862793331,26.469606643761583,5.9556251586056534,45426910.991136886,84676196.93636222,93119.77660337496,183850.3330407088,1568.1735778288285,9215.220761274248,52.94797746905569,11.922017831935811,60317.460317460325,0.0,317.4603174603253,0.0,24.651350829463773,34.847847903102135,93119.77660337496,183850.3330407088,45426910.991136886,84676196.93636222,4500
60000.0,iir_o5_bw5500,5,5500.0,21.086079021404863,19.655429177545994,43.109881778982704,39.33801459206432,29.052686616031412,28.145158464101826,1.561355901686802,0.2533567745570881,1.4649070703660667,1.456676493122508,29.499111111111112,28.63059244649673,28.499111111111112,28.63059244649673,-2.7061725866524036,2.9014689059251935,213.26333333333332,85.35700813360002,106.63166666666666,42.67850406680001,45489892.4502146,84846393.87897155,12897.222256778228,22470.90573320998,7020.046577170231,20079.352695457408,35.1340005541704,4.960187982119848,45489892.4502146,84846393.87897155,12877.791443486856,22451.656338506393,7336.225198572871,25246.21772422399,70.31210519007882,9.971330219300528,60317.460317460325,0.0,317.4603174603253,0.0,19.430813291373116,27.280342658207562,12877.791443486856,22451.656338506393,45489892.4502146,84846393.87897155,4500
60000.0,iir_o4_bw5500,4,5500.0,21.072448897696297,19.642189982991304,42.868933267540676,39.073351222802394,29.282079856812192,28.314657984800238,1.541403150779766,0.24429388147369582,1.415303234426772,1.2795233798965262,29.567555555555554,28.325390223231068,28.567555555555554,28.325390223231068,-2.717205443967706,2.8668850558489725,214.15422222222222,88.75211660446885,107.07711111111111,44.376058302234426,45382060.84372869,84610283.88468607,27740.77601933559,52921.958122586184,6037.3046809716,21566.798944362014,32.13465991722671,5.973705818283476,45382060.84372869,84610283.88468607,27720.17879987894,52908.17134818002,6873.28401597794,30485.631587613447,64.32815800528057,12.082186121655225,60317.460317460325,0.0,317.4603174603253,0.0,20.601952111345504,28.706558606212777,27720.17406722425,52908.17382766429,45382060.84372869,84610283.88468607,4500
60000.0,iir_o4_bw7000,4,7000.0,21.66408671447557,20.034619509064793,44.79266173394968,39.42616162523834,31.617949874211813,30.45747443064382,1.5398499526209533,0.3013532659734549,1.1225118420222604,0.2623412826060595,29.353555555555555,26.830017778455645,28.353555555555555,26.830017778455648,-2.717343615687746,2.693627368850334,214.33,117.06351060240245,107.165,58.53175530120122,45420566.74289427,84635066.08141048,680222.133788009,1297123.968281208,136.91461422515093,328.1746184531741,17.081636222266567,5.523799116872111,45420566.74289427,84635066.08141048,680174.7752595507,1297095.0069136268,136.97064279823508,328.4062887901558,34.164507392543385,11.048581693712745,60317.460317460325,0.0,317.4603174603253,0.0,47.35852845851173,71.72175637421539,680174.7752595507,1297095.0069136268,45420566.74289427,84635066.08141048,4500
60000.0,iir_o3_bw6500,3,6500.0,21.440370425435347,19.86972010298056,44.397483052413484,39.480392670317315,30.994790664005638,29.752982336555327,1.5416551283250315,0.2835363281484034,1.124416243209029,0.3012263257474535,29.369333333333334,26.264390706045592,28.369333333333334,26.26439070604559,-2.7183017723859884,2.635689573309732,216.77555555555554,113.26787611956956,108.38777777777777,56.63393805978478,45287031.50255732,84365857.69665919,574765.7643578051,1066077.6906643948,136.6136205678371,316.9548989746441,17.58071880698373,5.1577058132406,45287031.50255732,84365857.69665919,574664.2674461836,1066033.9040342197,136.74655179488315,317.5133868545495,35.16429213553105,10.318092743014997,60317.460317460325,0.0,317.4603174603253,0.0,101.49691162154842,163.2104030882653,574664.2674461836,1066033.9040342197,45287031.50255732,84365857.69665919,4500
60000.0,iir_o5_bw6000,5,6000.0,21.199855238894582,19.74907486735123,42.73015070812798,38.69954084897751,29.939769852788064,28.963784578769296,1.517382501547856,0.2533792743129826,1.357468549922615,1.2220003712300642,29.505333333333333,26.279969172904835,28.505333333333333,26.279969172904835,-2.720648813112378,2.658830459975939,211.71866666666668,97.26811161542356,105.85933333333334,48.63405580771178,45490696.1419069,84804891.00579001,47296.87359787786,92794.40321092943,4516.4368289767635,26147.774987446697,30.04689547608607,6.24462059473222,45490696.1419069,84804891.00579001,47274.839480868824,92782.6475096787,4944.376923681814,38377.766137686835,60.12595211683108,12.54667713682235,60317.460317460325,0.0,317.4603174603253,0.0,22.03411700902948,30.819561910998427,47274.839480868824,92782.6475096787,45490696.1419069,84804891.00579001,4500
60000.0,iir_o3_bw5500,3,5500.0,21.02682297124779,19.58968757066565,42.665004683552766,38.77323815153631,29.57945319568873,28.476892408319923,1.5209104447568589,0.2387784068467648,1.58955894115775,1.7441654538341287,29.875333333333334,27.73852710936419,28.875333333333334,27.73852710936419,-2.7433702509259943,2.814616861398569,215.6942222222222,94.98665135891957,107.8471111111111,47.49332567945979,45079117.54580954,83949671.08543642,95807.89662306082,181147.42745054365,1107.7819836950111,12946.433805064891,25.711446014592717,5.259947478724328,45079117.54580954,83949671.08543642,95773.49543476877,181130.3552504745,1129.9031495485706,14093.04050624767,51.430101044534794,10.528283829405542,60317.460317460325,0.0,317.4603174603253,0.0,34.401440096494035,52.75334275428436,95773.49518296433,181130.35538364595,45079117.54580954,83949671.08543642,4500
60000.0,iir_o5_bw7000,5,7000.0,21.629569984698982,20.032255543637607,44.1792437184433,38.96393516800936,31.819610333133483,30.762225560726453,1.5166312470094063,0.3029996211925562,1.1511067007256333,0.3452786098159825,29.64688888888889,26.20183387365932,28.64688888888889,26.20183387365932,-2.7475749569423122,2.634152352987571,212.06133333333332,116.8343303169452,106.03066666666666,58.4171651584726,45441190.764137305,84667451.05678244,461017.59855102125,905089.4199167893,285.82872815330285,727.6958661431826,19.213864307130486,6.12624727761067,45441190.764137305,84667451.05678244,460977.15199944365,905063.9518519496,286.10872310847316,729.0252589669359,38.42980649789214,12.254570363702841,60317.460317460325,0.0,317.4603174603253,0.0,40.44655157760429,56.594394697031184,460977.15199944365,905063.9518519496,45441190.764137305,84667451.05678244,4500
60000.0,iir_o5_bw6500,5,6500.0,21.37227827345089,19.873324809818964,43.02656706661552,38.518024776335544,30.93594948051152,29.873772447194703,1.4986499200600545,0.2711503829780903,1.3705735860101191,1.1616104699500576,29.946,26.636296749212594,28.946,26.63629674921259,-2.766018336884643,2.693952376671409,210.56088888888888,108.39230108717705,105.28044444444444,54.19615054358852,45469958.16468777,84736313.90323763,161099.1946268323,321981.40668265114,1402.7165171638776,4619.026141682059,24.395507850817296,6.69870529516932,45469958.16468777,84736313.90323763,161071.48442340322,321969.31651480973,1412.476115229283,4686.207650157656,48.79856729146525,13.40873164873272,60317.460317460325,0.0,317.4603174603253,0.0,27.710203429111697,38.33273596755713,161071.48442340322,321969.31651480973,45469958.16468777,84736313.90323763,4500
60000.0,iir_o3_bw3500,3,3500.0,19.75867793042808,18.534092984003408,39.95951731379943,36.86410316356709,27.52440939593386,26.4166257781336,1.4852047623491675,0.1546031650808227,1.3036650979434077,0.795401995683135,29.924222222222223,27.70166678547407,28.924222222222223,27.70166678547407,-2.766702547182383,2.7958120950632988,221.36466666666666,68.0450842628005,110.68233333333333,34.02254213140025,41756020.55392356,76976663.60247326,2872.9675537837334,4519.840236591599,23738.45982501853,45683.702024033475,40.54030573354203,4.659998760275918,41756020.55392356,76976663.60247326,2856.1667454735516,4498.788868534563,24159.835793505896,47032.84584738958,81.15554699188749,9.355486917211753,60317.460317460325,0.0,317.4603174603253,0.0,16.800808310181882,23.821433778090437,2856.1667454735516,4498.788868534563,41756020.55392356,76976663.60247326,4500
60000.0,iir_o7_bw7000,7,7000.0,21.609293131615058,20.03850394594255,43.648083947815465,38.577724751569406,31.948772983696436,31.013781945837344,1.499879345808964,0.30713937331757746,1.1639958159580976,0.40653806618465216,29.841555555555555,25.95373501475411,28.841555555555555,25.953735014754113,-2.769484048213073,2.6108516936716817,210.57177777777778,115.84863373453808,105.28588888888889,57.92431686726904,45445248.1830382,84660038.74022175,297676.59799521836,590267.1377553855,895.9037174083106,3258.069355700656,21.85834983432038,7.189851833760907,45445248.1830382,84660038.74022175,297641.44059016707,590247.6108419208,899.7164959817723,3299.8429277368054,43.72177235669532,14.386821511183477,60317.460317460325,0.0,317.4603174603253,0.0,35.15740505131346,47.33114780158925,297641.44059016707,590247.6108419208,45445248.1830382,84660038.74022175,4500
60000.0,iir_o6_bw7000,6,7000.0,21.61485261682952,20.034511163623097,43.84662125403521,38.72115415555254,31.906455981105218,30.92526829674269,1.505543024380654,0.3047269132904441,1.14782180498224,0.3628307035067499,29.889777777777777,26.185258777305368,28.889777777777777,26.18525877730537,-2.7747369370236155,2.631862360226541,211.09777777777776,116.20537630253258,105.54888888888888,58.10268815126629,45444980.96929345,84666148.89603983,354684.698144639,704378.6708743966,625.899276815205,3022.423456773514,20.804635293739118,6.807686045894613,45444980.96929345,84666148.89603983,354647.2289789752,704356.3007554463,629.4030150661943,3123.2421343477913,41.612913066907815,13.620398821116213,60317.460317460325,0.0,317.4603174603253,0.0,37.46916566384033,51.024730945395476,354647.2289789752,704356.3007554463,45444980.96929345,84666148.89603983,4500
60000.0,iir_o3_bw6000,3,6000.0,21.212317042273586,19.723537410657375,43.27139228823921,38.96204300480474,30.292656067148066,29.02951210558959,1.518727430474075,0.25383397543992336,1.2743929700456615,0.9725367242026483,30.102444444444444,27.212359469831746,29.102444444444444,27.21235946983174,-2.7837664745754456,2.7435244735200035,214.79222222222222,107.20532916934087,107.39611111111111,53.602664584670435,45217179.74793597,84228300.76028308,249227.41062997197,468584.42684631754,330.52841453813204,785.8008262537403,21.356068132799095,5.200194650049553,45217179.74793597,84228300.76028308,249171.78074201784,468560.42465499585,330.95958496159943,788.2138847715208,42.71588976715096,10.403670470240785,60317.460317460325,0.0,317.4603174603253,0.0,55.62988795413263,88.78085283716807,249171.78074201784,468560.42465499585,45217179.74793597,84228300.76028308,4500
60000.0,iir_o8_bw7000,8,7000.0,21.608074236421047,20.04288386643803,43.525842346220266,38.497514035642226,31.973225552866857,31.065473429901317,1.4968427753645623,0.3097520376552002,1.1703449819546834,0.4408236161607475,30.022666666666666,26.003409457237595,29.022666666666666,26.0034094572376,-2.7877847340347723,2.6169254478222497,209.95,115.92856534403008,104.975,57.96428267201504,45444967.90766951,84654867.19454606,264498.3764947691,519894.784377201,1609.7849090979464,30000.98989281082,22.555444644103673,7.453617758584457,45444967.90766951,84654867.19454606,264465.0117652469,519877.45476219227,1920.1730145787353,50249.145142757174,45.11907480291669,14.924366842576454,60317.460317460325,0.0,317.4603174603253,0.0,33.36473534144484,44.7369306737621,264465.01175942767,519877.45476515364,45444967.90766951,84654867.19454606,4500
60000.0,iir_o6_bw6000,6,6000.0,21.19035798157492,19.74451678031497,42.74629001034332,38.76965581258442,29.828691601537134,28.891141713796912,1.5223515367892886,0.2552127992478288,1.33684574644702,1.1622864756848752,30.25177777777778,26.790435537142486,29.25177777777778,26.79043553714249,-2.796496716110681,2.7115825246109124,212.73533333333333,94.79794938383125,106.36766666666666,47.398974691915626,45511885.38854111,84840327.62791875,30909.33681024064,57503.626569842585,7171.1532328850335,33150.46332363307,31.836314608449797,5.895123838690037,45511885.38854111,84840327.62791875,30888.229350461144,57489.191932760754,7879.313015897945,40837.21393583218,63.729727272367,11.906629091019024,60317.460317460325,0.0,317.4603174603253,0.0,21.10745977949535,29.82593208592575,30888.229350461144,57489.191932760754,45511885.38854111,84840327.62791875,4500
60000.0,iir_o2_bw4000,2,4000.0,19.818530736449507,18.554678845572692,39.92082265988921,36.6932660955774,27.982922216187664,26.920547066295835,1.4786810013628506,0.18626434554962812,1.3715581159662777,0.9207532353600089,30.29888888888889,27.514061124385904,29.29888888888889,27.51406112438591,-2.799187567748119,2.7804137385519856,220.30355555555556,80.28592954572368,110.15177777777778,40.14296477286184,41506555.13852867,76655512.58118036,43670.262398176725,77881.88480384283,3604.8300856153464,24815.430122940073,28.706353020817087,5.429349204660839,41506555.13852867,76655512.58118036,43497.67258012501,77787.47850774036,4073.192067159579,31543.58851354007,57.49273897416291,10.985778789963572,60317.460317460325,0.0,317.4603174603253,0.0,172.59016249000604,264.3842237729097,43497.67223568671,77787.4787003852,41506555.13852867,76655512.58118036,4500
60000.0,iir_o6_bw6500,6,6500.0,21.358256416482714,19.871281429737138,42.79902554896836,38.360124955278685,30.886220036228956,29.882141752458715,1.4945221690420512,0.27040289386193883,1.4550239992902576,1.3092089976472256,30.479777777777777,26.702102131297142,29.479777777777777,26.70210213129714,-2.814062547315249,2.7098499889688976,211.12577777777778,107.36943596299923,105.56288888888889,53.68471798149962,45480600.26202139,84747134.08774151,114039.29444024191,226560.25154528322,3420.740947761791,30433.889995884376,26.30803994170834,7.068898768641939,45480600.26202139,84747134.08774151,114013.75723020568,226549.36036332647,3726.079460923115,42674.906330334474,52.63330656832284,14.174845720674819,60317.460317460325,0.0,317.4603174603253,0.0,25.53722213850854,35.23722364588004,114013.75721810339,226549.36036941851,45480600.26202139,84747134.08774151,4500
60000.0,iir_o4_bw6500,4,6500.0,21.396470748348868,19.87497773904131,43.463272685274426,38.83044813543197,30.979095118214524,29.81694295374958,1.509421013650253,0.27279315757560546,1.2006611876950328,0.6244101089523775,30.347555555555555,26.932829204853302,29.347555555555555,26.932829204853302,-2.814951939482186,2.7114847429526896,212.5,110.83874596067358,106.25,55.41937298033679,45432409.4844301,84668646.42511751,271579.50881732773,529913.7995147784,405.4890229638548,975.6959535407597,21.39542625901219,5.762790548654331,45432409.4844301,84668646.42511751,271546.93231783184,529898.6091953645,405.9510211070185,977.823617111932,42.79362319502198,11.52820505212966,60317.460317460325,0.0,317.4603174603253,0.0,32.576499495853824,47.29225046695352,271546.93231783184,529898.6091953645,45432409.4844301,84668646.42511751,4500
60000.0,iir_o2_bw4500,2,4500.0,20.247214726590922,18.90955573617786,41.06438111832189,37.571294466945275,28.61110720540682,27.46333106756347,1.4978610819124425,0.2105353268286593,4621469313.638333,219191601717.47263,30.812444444444445,28.263862081820974,29.812444444444445,28.26386208182097,-2.8341645458784956,2.873829504099041,220.80622222222223,87.82752884122156,110.40311111111112,43.91376442061078,42722488.23887167,79098268.92785597,106807.96636985819,190733.87823607126,898.997495003188,6359.998693696945,24.659076911650427,5.015240953708872,42722488.23887167,79098268.92785597,106408.5861448041,190540.62818410792,974.9786259469017,8315.3260440939,49.37899981286248,10.10800282999221,60317.460317460325,0.0,317.4603174603253,0.0,399.3805706931789,634.7396052703094,106408.585799165,190540.62837717216,42722488.23887167,79098268.92785597,4500
60000.0,iir_o7_bw6000,7,6000.0,21.182283781770565,19.739090415171482,42.77459229322802,38.83033547616645,29.746839438610845,28.830033765972487,1.526419900753622,0.2565742605383435,1.3741019322895411,1.2949550563142203,30.839111111111112,27.25759626232024,29.839111111111112,27.257596262320252,-2.852930274166972,2.7627047450210505,212.8088888888889,93.48077675242656,106.40444444444445,46.74038837621328,45518695.11371024,84845809.61505455,23956.24191572706,42234.93206771129,5243.989481562307,20484.655227876967,32.48438009152946,5.060491401936958,45518695.11371024,84845809.61505455,23935.55897395433,42217.35472025692,5529.550683430557,24872.288282346024,65.00017154934271,10.173377485545924,60317.460317460325,0.0,317.4603174603253,0.0,20.682941772732065,29.5125457422671,23935.55897395433,42217.35472025692,45518695.11371024,84845809.61505455,4500
60000.0,iir_o2_bw3500,2,3500.0,19.22956743612376,18.05814277754781,38.40811190885076,35.41683112985716,27.262360756318596,26.224953244194854,1.4505307460569652,0.16043123983594193,1.2784666927005404,0.720821091568285,30.749111111111112,27.509919593244383,29.749111111111112,27.509919593244387,-2.856287437716757,2.7723137071866826,219.09511111111112,75.67696889640838,109.54755555555556,37.83848444820419,39635385.016414374,72949257.90754484,16541.516559640793,29462.11333635233,9555.942920276073,45960.034289090996,33.18684221113581,5.808916322140057,39635385.016414374,72949257.90754484,16467.24998709354,29411.888800626974,12004.85495311172,71386.15077042535,66.55225815386245,11.986402343258815,60317.460317460325,0.0,317.4603174603253,0.0,74.49121221417376,109.16792434943426,16467.02534742662,29412.01293963849,39635385.016414374,72949257.90754484,4500
60000.0,iir_o7_bw6500,7,6500.0,21.34967931625542,19.86972495817992,42.675782604000105,38.28913036659344,30.846619707066747,29.87093838563105,1.4925008848418806,0.2697526494155299,1.460633124292701,1.3234728079552194,30.934444444444445,26.79822467567942,29.934444444444445,26.798224675679425,-2.8595510271058218,2.7211348166302405,210.92266666666666,106.84284667147021,105.46133333333333,53.421423335735106,45483859.30955775,84744394.9338948,90995.48494020458,176601.96066025956,2908.7527387548516,20855.996250980115,27.255516111761406,6.641680142600141,45483859.30955775,84744394.9338948,90971.27468991281,176591.17420255145,3147.618644996737,29777.385083093355,54.52861141678969,13.315752347278071,60317.460317460325,0.0,317.4603174603253,0.0,24.210266909722392,33.67724716777535,90971.27467329486,176591.17421111398,45483859.30955775,84744394.9338948,4500
60000.0,iir_o2_bw5000,2,5000.0,20.584663515188012,19.178248116497343,42.155042904478954,38.27769159967185,29.192023925768574,27.895337497371237,1.5176479460414252,0.23088174741437756,1.2107636841002125,0.7756892672072286,30.95777777777778,27.002926326225182,29.95777777777778,27.00292632622519,-2.8750821176366728,2.7163409964341207,220.17422222222223,96.61626745120675,110.08711111111111,48.308133725603376,43514747.34625994,80703631.36715546,237254.6861849926,423137.919160641,300.48437369647786,784.772845904084,21.137229922474795,4.873727163878893,43514747.34625994,80703631.36715546,236367.16863205167,422731.6112490473,309.8554284484644,842.7762046045201,42.33204864835877,9.812916194511601,60317.460317460325,0.0,317.4603174603253,0.0,887.5175529409424,1447.5995976321835,236367.16863205167,422731.6112490473,43514747.34625994,80703631.36715546,4500
60000.0,iir_o8_bw6000,8,6000.0,21.175752195534923,19.734187623271556,42.79947944981921,38.87360438253353,29.687554401322224,28.781218437563655,1.5294727479709975,0.25781667150094956,1.373963787223778,1.3061988583831892,31.13288888888889,27.615950194486402,30.13288888888889,27.615950194486395,-2.882122266764623,2.7995967853190655,213.47511111111112,92.53581539607657,106.73755555555556,46.267907698038286,45520160.76087644,84841448.57488643,20570.358105173087,35305.60660575146,5076.868018993257,13041.536831868847,33.097370186271384,5.056936963078368,45520160.76087644,84841448.57488643,20549.881493425015,35285.557694782765,5334.340726007639,16281.798776537948,66.23584202776549,10.189685489911533,60317.460317460325,0.0,317.4603174603253,0.0,20.476790824107784,29.422674220761365,20549.88131434898,35285.55779906164,45520160.76087644,84841448.57488643,4500
60000.0,iir_o8_bw6500,8,6500.0,21.34416009038628,19.868568229904884,42.60150077898597,38.25216407464613,30.81901923089384,29.85652641817886,1.4912111819076308,0.26936274635186686,1.3296389849763002,1.1080763869883719,31.583555555555556,27.04254624113766,30.583555555555556,27.04254624113766,-2.934135028745957,2.73596854510589,210.22066666666666,106.32212926675231,105.11033333333333,53.16106463337616,45485119.50972049,84739482.35506348,78305.74771705926,147821.6529983016,2381.144852830197,11647.902975948215,27.78850181031815,6.224792088202576,45485119.50972049,84739482.35506348,78282.38474586603,147810.37956247522,2460.1490876981334,13694.145628839347,55.594900511617304,12.477915601525137,60317.460317460325,0.0,317.4603174603253,0.0,23.362971193239453,32.80041628503905,78282.38474586603,147810.37956247522,45485119.50972049,84739482.35506348,4500
60000.0,iir_o3_bw3000,3,3000.0,18.930925734321047,17.826722707338526,37.45750277746094,34.617981367670204,26.87128667668262,25.733612170892744,1.418614109950603,0.12948365612159363,17767999529.282234,842716711317.4554,31.689555555555554,28.001243538857487,30.689555555555554,28.001243538857487,-2.9541174248219737,2.828546630516682,222.4671111111111,69.55757070080116,111.23355555555555,34.77878535040058,38939132.45211979,71255278.45501193,2666.1493600529457,3917.3816639758825,19386.283200623275,43009.59214887824,40.14799099925815,4.120294168838608,38939132.45211979,71255278.45501193,2650.031052555365,3895.2872799138745,19629.231239209545,44303.12459135405,80.35421907725188,8.24804068514492,60317.460317460325,0.0,317.4603174603253,0.0,16.118307497580947,23.671104378958535,2650.031052555365,3895.2872799138745,38939132.45211979,71255278.45501193,4500
60000.0,iir_o4_bw3000,4,3000.0,19.17837754577152,18.046308714646976,37.99943161226839,35.11969101207939,27.189078952973798,25.99371083218717,1.4190152934184388,0.12448805384831076,45216285487.78595,1355915103407.2307,31.751333333333335,28.460025435484052,30.751333333333335,28.46002543548405,-2.9557861102220366,2.8828504314655508,223.44733333333335,68.70876931413035,111.72366666666667,34.354384657065175,39911215.71902507,72992273.41094492,2829.907516499625,4079.807907948895,18792.476628649467,38036.540451023626,39.96908497332271,4.250318101995247,39911215.71902507,72992273.41094492,2813.08875156713,4056.402852525276,18991.438258527178,38949.838253485534,79.99355260622623,8.506255075088566,60317.460317460325,0.0,317.4603174603253,0.0,16.818764932494712,24.907481608644034,2813.08875156713,4056.402852525276,39911215.71902507,72992273.41094492,4500
60000.0,iir_o5_bw3000,5,3000.0,19.308195173521757,18.164187421587943,38.25475247008628,35.363001088256134,27.382284606155594,26.157475612368458,1.4169500414605396,0.12121454726910748,54638048163.95761,1495522064485.2444,31.951333333333334,28.834669642148828,30.951333333333334,28.834669642148835,-2.974931004837633,2.9228020569392434,223.9068888888889,68.7207853609001,111.95344444444444,34.36039268045005,40417007.3537925,73912123.34824459,2963.3381722441513,4271.4879021853585,18079.623652949835,36522.57849679945,39.827316830049966,4.227598283597319,40417007.3537925,73912123.34824459,2945.9609146136177,4247.188207353929,18268.987415382056,37377.487069929346,79.70937011304761,8.461007178675697,60317.460317460325,0.0,317.4603174603253,0.0,17.377257630533737,25.75701606714725,2945.9609146136177,4247.188207353929,40417007.3537925,73912123.34824459,4500
60000.0,iir_o2_bw3000,2,3000.0,18.38909614643632,17.344088333600993,36.17706904892781,33.45917139450029,26.314048858515243,25.29236349079826,1.4072146942339938,0.13682419526603343,1.2631466634576511,0.7568257213290652,32.047333333333334,27.35855506473344,31.047333333333334,27.358555064733444,-2.995849953646646,2.758569613535615,219.99466666666666,73.5167140168213,109.99733333333333,36.75835700841065,36775366.059351526,67405743.16232495,6379.43670168161,11330.393788912063,16190.2228576447,46619.28841078453,37.34276809422287,5.580622529522705,36775366.059351526,67405743.16232495,6344.615157977258,11300.00684918349,18099.446981076635,61281.34993791669,74.87146504022004,11.446938448023044,60317.460317460325,0.0,317.4603174603253,0.0,34.86516082785388,49.48435897675648,6344.571540853757,11300.031048979296,36775366.059351526,67405743.16232495,4500
60000.0,iir_o6_bw3000,6,3000.0,19.382704203011162,18.234364823631598,38.386869965701095,35.49224531601694,27.502480704373255,26.26569265299551,1.414885859755526,0.11932960517276013,54951885321.741005,1504112075186.5813,32.19,29.132323560975124,31.19,29.132323560975127,-3.0000685712275277,2.951633338851216,224.42577777777777,68.66512151771374,112.21288888888888,34.33256075885687,40704902.138218805,74447457.24889073,3054.1666176255435,4405.207840861458,17538.095551950224,35258.946119019005,39.72535540492349,4.201942996181096,40704902.138218805,74447457.24889073,3036.4031455696736,4380.269669477745,17719.354490992217,36066.26634554844,79.50495847059815,8.409564118584484,60317.460317460325,0.0,317.4603174603253,0.0,17.763472055870047,26.342730851976583,3036.4031455696736,4380.269669477745,40704902.138218805,74447457.24889073,4500
60000.0,iir_o7_bw3000,7,3000.0,19.428213678845523,18.278865763355725,38.458298740971834,35.56120286867087,27.579987162636673,26.341461218205115,1.4132237365260354,0.11837356946400518,82639231615.82263,1846255551131.6145,32.40777777777778,29.456719384716457,31.407777777777778,29.45671938471646,-3.0188782150220534,2.991342650277852,224.69688888888888,68.62554111721569,112.34844444444444,34.312770558607845,40877539.45939915,74772911.07360977,3117.005450436488,4501.153418511512,17136.036707575775,33976.56562433485,39.652052274270375,4.187228513629724,40877539.45939915,74772911.07360977,3098.9657080357583,4475.733728151023,17308.89984501265,34730.64610588022,79.35793775098591,8.379779730540454,60317.460317460325,0.0,317.4603174603253,0.0,18.039742400729658,26.777987009440125,3098.9657080357583,4475.733728151023,40877539.45939915,74772911.07360977,4500
60000.0,iir_o8_bw3000,8,3000.0,19.457192022591567,18.308388637579824,38.49548903824564,35.59317754106468,27.630487870480493,26.39639568488162,1.4120100497750103,0.11807141292987859,119576502871.61693,2221825937259.6646,32.62177777777778,29.6987552370668,31.621777777777776,29.698755237066806,-3.0358160651562267,3.02556424234449,224.928,68.80757896711883,112.464,34.403789483559414,40981805.27376154,74971173.4913763,3162.4498474052934,4572.096737012729,16818.325849481505,32710.706833670967,39.59800044250837,4.177662410956813,40981805.27376154,74971173.4913763,3144.2022050807154,4546.30009178946,16982.855780651604,33415.4403350625,79.24946525074624,8.360129870769523,60317.460317460325,0.0,317.4603174603253,0.0,18.24764232457811,27.112409638158546,3144.2022050807154,4546.30009178946,40981805.27376154,74971173.4913763,4500
60000.0,iir_o2_bw2500,2,2500.0,17.175713113520878,16.30992827510748,32.95741933050092,30.590290916585012,24.881496575163982,23.929551143332763,1.3490411774475446,0.12130772529625218,15003850368.327782,449955438088.92017,34.12888888888889,27.481066021026596,33.12888888888889,27.4810660210266,-3.2121393583940945,2.7838120681853344,219.13933333333333,78.42331832200684,109.56966666666666,39.21165916100342,32497972.548423976,59353883.19952734,3016.370105768925,5105.472525481738,27915.286448221243,94932.37323576654,39.78490141630982,5.0260070919331765,32497972.548423976,59353883.19952734,2997.330549706616,5084.03635540763,29484.5996562512,101436.64170981222,79.70633141124122,10.20593869207677,60317.460317460325,0.0,317.4603174603253,0.0,19.03955606230905,27.255141752183924,2997.330549706616,5084.03635540763,32497972.548423976,59353883.19952734,4500
60000.0,iir_o3_bw2500,3,2500.0,17.666859540910593,16.749422850530333,33.79875543089988,31.274205688769516,25.573028871022153,24.505854395494545,1.3415820239224636,0.12219503014398814,24164380191.44486,572736804105.9375,35.20733333333333,28.611443602963583,34.20733333333333,28.61144360296358,-3.3189235681646783,2.9024874236355167,222.382,77.69522062994139,111.191,38.847610314970694,34367136.09066822,62443854.43104869,2458.3415433501605,3617.4207161692984,17748.90230011609,36441.91580195943,39.9315321030814,4.025078256230319,34367136.09066822,62443854.43104869,2444.020952769713,3596.5865572636394,17916.462932990347,37165.62528201329,79.91751640375625,8.052871062560325,60317.460317460325,0.0,317.4603174603253,0.0,14.320590580447385,21.831636520498975,2444.020952769713,3596.5865572636394,34367136.09066822,62443854.43104869,4500
60000.0,iir_o4_bw2500,4,2500.0,17.892638460043703,16.93994316740804,34.12832640241866,31.49823611598814,25.94726467964589,24.82065941222486,1.3349170344967574,0.12546177787329496,21172059409.59213,536515172137.9237,35.92733333333333,29.007488199396793,34.92733333333333,29.00748819939679,-3.3945470548604177,2.938060581738687,223.7902222222222,78.90039183342944,111.8951111111111,39.45019591671472,35205620.61883571,63725877.428038605,2679.9593975618745,3949.9358928796146,16856.956864238346,33234.2299629492,39.69793530799423,4.08020442842462,35205620.61883571,63725877.428038605,2664.7632640658853,3927.686749801358,17006.727089525833,33836.471902723824,79.44890813368539,8.163263469828054,60317.460317460325,0.0,317.4603174603253,0.0,15.19613349598921,23.28357563737886,2664.7632640658853,3927.686749801358,35205620.61883571,63725877.428038605,4500
60000.0,iir_o5_bw2500,5,2500.0,18.013537616836132,17.0340415050425,34.291696617334196,31.579656353883454,26.158687248433722,24.993899957747214,1.3309993417268402,0.12900367983309605,28308891741.65148,865700048245.6387,36.23,29.28874937901424,35.23,29.288749379014238,-3.4277490327214655,2.962355873718741,224.2891111111111,80.09394748511586,112.14455555555556,40.04697374255793,35643590.19397811,64334414.69450958,2815.166597095652,4156.281380378172,16366.964784096624,32735.499835725823,39.55862790550363,4.076735911197555,35643590.19397811,64334414.69450958,2799.4127945817,4133.175869042283,16515.354745910365,33369.12005302816,79.16980514877945,8.156717919071749,60317.460317460325,0.0,317.4603174603253,0.0,15.753802513951426,24.14832366394414,2799.4127945817,4133.175869042283,35643590.19397811,64334414.69450958,4500
60000.0,iir_o6_bw2500,6,2500.0,18.086345605307343,17.084278443521885,34.391430209999406,31.61054148437883,26.285864875911496,25.092493749755995,1.3290361415867187,0.13222632036501422,25160999158.596878,837886957642.5084,36.428222222222225,29.439831368209553,35.428222222222225,29.43983136820955,-3.4500779213113666,2.97365468995805,224.4788888888889,80.67213065118489,112.23944444444444,40.33606532559244,35903497.915300235,64655510.40137948,2899.8448468363727,4285.479524731669,16126.938134697339,32874.94787605222,39.47411686495254,4.077109515046031,35903497.915300235,64655510.40137948,2883.746161165201,4261.86748511125,16277.72781735433,33562.70074070571,79.00056236435641,8.157949794896654,60317.460317460325,0.0,317.4603174603253,0.0,16.09868567117155,24.669006218403975,2883.746161165201,4261.86748511125,35903497.915300235,64655510.40137948,4500
60000.0,iir_o7_bw2500,7,2500.0,18.13483351604526,17.11271502970747,34.463403844592335,31.622231968861534,26.36893079591519,25.150819619735834,1.3281755610319574,0.13484981686381312,10624114544.796167,359965142125.01654,36.501555555555555,29.45392078243407,35.501555555555555,29.45392078243407,-3.4600055541662265,2.970989497102957,224.74911111111112,81.12366800269899,112.37455555555556,40.561834001349496,36078107.91416482,64845464.538649,2956.1190965483283,4371.079711304803,16038.223953448587,33370.46258121843,39.42168534692546,4.0812325187775285,36078107.91416482,64845464.538649,2939.8010314056746,4347.169690018629,16192.75352743718,34095.027530418236,78.89562450222665,8.166758125002119,60317.460317460325,0.0,317.4603174603253,0.0,16.31806514265386,24.987431841494633,2939.8010314056746,4347.169690018629,36078107.91416482,64845464.538649,4500
60000.0,iir_o8_bw2500,8,2500.0,18.170437393467704,17.130153188752637,34.52265422485845,31.625513634420308,26.423247406913763,25.18519949911903,1.3282360089431302,0.13767520543616601,10649275093.618687,360673423696.57294,36.51177777777778,29.455337160842298,35.51177777777778,29.455337160842305,-3.4606982530357833,2.971104176289367,225.10377777777776,81.45768347904536,112.55188888888888,40.72884173952268,36208205.963173024,64971258.243164405,2993.051471277696,4430.52782608285,16032.368636347526,33954.537304203586,39.39070218557781,4.087954147862252,36208205.963173024,64971258.243164405,2976.5927684337285,4406.423921586371,16191.045038277387,34702.94328102923,78.83366474815107,8.180765125201589,60317.460317460325,0.0,317.4603174603253,0.0,16.45870284396699,25.20368193598534,2976.5927684337285,4406.423921586371,36208205.963173024,64971258.243164405,4500
