target_band_hz,cfg_id,order,bw_hz,roi_rms_mean,roi_rms_std,envelope_peak_mean,envelope_peak_std,envelope_median_mean,envelope_median_std,envelope_peak_prominence_ratio_mean,envelope_peak_prominence_ratio_std,envelope_peak_to_second_ratio_mean,envelope_peak_to_second_ratio_std,peak_count_over_35pct_mean,peak_count_over_35pct_std,false_peak_penalty_mean,false_peak_penalty_std,detectability_score_mean,detectability_score_std,peak_index_mean,peak_index_std,peak_time_us_mean,peak_time_us_std,target_energy_mean,target_energy_std,off_energy_mean,off_energy_std,main_off_ratio_mean,main_off_ratio_std,main_off_ratio_db_mean,main_off_ratio_db_std,main_peak_power_mean,main_peak_power_std,secondary_peak_power_mean,secondary_peak_power_std,main_secondary_peak_ratio_mean,main_secondary_peak_ratio_std,main_secondary_peak_ratio_db_mean,main_secondary_peak_ratio_db_std,dominant_freq_hz_mean,dominant_freq_hz_std,dominant_freq_error_hz_mean,dominant_freq_error_hz_std,energy_40k_mean,energy_40k_std,energy_50k_mean,energy_50k_std,energy_60k_mean,energy_60k_std,n_samples
40000.0,iir_o8_bw4000,8,4000.0,34.949934224708834,45.29310383503147,71.03746401447673,91.96932281295294,47.55194490087414,62.186812895111686,1.507999588213411,0.21014441787590982,4735402467322.274,44756025017041.55,16.843733333333333,18.587853968947332,15.843733333333333,18.587853968947332,-1.325315596015613,2.1286784482627614,257.9841333333333,83.2450734110743,128.99206666666666,41.62253670553715,128433379.50862364,313363593.844995,1935.8211881708996,4021.260767478243,190008.21213961375,556776.2151529437,47.3746267941606,6.611004861382962,128433379.50862364,313363593.844995,1911.557483102229,3968.584179378335,207042.75851463896,680369.6736157133,94.89698565750001,13.325633302833442,41269.84126984127,0.0,1269.8412698412722,0.0,128433379.50862364,313363593.844995,1911.557476009828,3968.584182794973,24.263712161071666,60.19603053048218,7500
40000.0,iir_o1_bw7000,1,7000.0,35.96532971482622,45.873657373664436,77.97250281754921,96.12197027787695,46.84559946099469,60.99014658697965,1.738347493349844,0.3586443346789149,1.1271063726988135,0.13856464703509655,15.877466666666667,14.640504254665075,14.877466666666667,14.640504254665077,-1.3380595410376155,1.4802597174034384,226.98586666666668,98.8125055601919,113.49293333333334,49.40625278009595,119364399.32902117,292150475.0126043,4676850.189909598,10887172.032269599,44.9792813827668,73.09525985642362,13.526416386370657,5.424469642967452,119364399.32902117,292150475.0126043,4167700.266234744,9957152.574575964,54.354895816587124,90.30146807688456,28.339750313016154,10.81978677989893,41269.84126984127,0.0,1269.8412698412722,0.0,119364399.32902117,292150475.0126043,4127565.2407179433,9953179.259321537,549284.9491916541,1340533.3767388125,7500
40000.0,iir_o7_bw4000,7,4000.0,34.90101156730271,45.22464692458043,70.83848908031987,91.68088386245972,47.55566718285411,62.19899129296758,1.5042957688404128,0.21005819048416444,5007519707809.379,45926876822479.72,17.07893333333333,18.73488819467514,16.07893333333333,18.734888194675143,-1.3462871314751839,2.1514396046030893,257.80146666666667,83.60065586148384,128.90073333333333,41.80032793074192,128147593.71194808,312575441.4852244,1927.5872797196362,4005.0375671362654,196160.9175201463,581222.7378204919,47.40163152896638,6.638966584385125,128147593.71194808,312575441.4852244,1903.2123018718578,3952.0592554204977,215348.61993036384,716852.8806318907,94.95564807809656,13.392802805400011,41269.84126984127,0.0,1269.8412698412722,0.0,128147593.71194808,312575441.4852244,1903.2122940340532,3952.059259195461,24.37498568558319,60.628082578410684,7500
40000.0,iir_o8_bw4500,8,4500.0,35.28645408482088,45.661712611940814,72.12502914776528,93.31973032312492,47.597154738013735,62.360489391449796,1.5339147128160258,0.24909879975887397,1541091071896.9607,23269227692908.45,16.7592,19.018842697274557,15.7592,19.018842697274554,-1.346449737617368,2.0794125849990617,254.09146666666666,81.41486157006894,127.04573333333333,40.70743078503447,130114511.80801356,318058854.8079394,2125.32402845883,4283.821723531634,157340.90775711616,485255.00714689674,46.837164378149886,6.458651494084288,130114511.80801356,318058854.8079394,2101.2786610085222,4234.51000007359,172468.4384780214,618639.9868250419,93.80936154463352,13.010723114492219,41269.84126984127,0.0,1269.8412698412722,0.0,130114511.80801356,318058854.8079394,2101.2786555157163,4234.510002799601,24.045372943114025,59.08748437467696,7500
40000.0,iir_o7_bw4500,7,4500.0,35.26853580910688,45.64670205827282,71.94252705017566,93.11126121919709,47.67306125000463,62.45725527660802,1.5277493269667304,0.24760242566234913,1384330148312.1648,22602337503130.934,16.960133333333335,19.311564812834064,15.960133333333333,19.311564812834064,-1.374036572400934,2.0954917848019208,253.9424,81.92237658709686,126.9712,40.96118829354843,129944678.80788173,317593655.20973796,2157.384924895497,4342.542693469421,170333.57471269925,618004.687262401,46.74490264693265,6.47360844288594,129944678.80788173,317593655.20973796,2133.2855434775693,4293.809064122702,192701.04747728776,797428.1471454286,93.63029769530952,13.065447457866162,41269.84126984127,0.0,1269.8412698412722,0.0,129944678.80788173,317593655.20973796,2133.285536574732,4293.809067552637,24.099388320765357,59.25373738445518,7500
40000.0,iir_o6_bw4000,6,4000.0,34.83252506996676,45.13479183453732,70.54618157387169,91.28946647093849,47.56927196047261,62.22335503924255,1.4983969661098022,0.20943900305914787,5059608500563.01,45949961280913.94,17.406933333333335,18.974642997233694,16.406933333333335,18.9746429972337,-1.3748137882426041,2.18863358304138,257.6485333333333,84.1476039295345,128.82426666666666,42.07380196476725,127718557.15308532,311455521.45497185,1923.5055618055317,3992.186669542343,197617.1072633644,595259.2441663261,47.384501775069936,6.632516463845388,127718557.15308532,311455521.45497185,1898.9727681616555,3939.0282680824407,220530.23694433423,765179.6406145316,94.92672459414577,13.395577770567886,41269.84126984127,0.0,1269.8412698412722,0.0,127718557.15308532,311455521.45497185,1898.9727645537248,3939.0282698220003,24.532797251807047,61.23720465918054,7500
40000.0,iir_o6_bw4500,6,4500.0,35.236713063636785,45.61229048814908,71.65976022610039,92.77105948136541,47.77411721286058,62.59313832187958,1.519043724026724,0.24570773797716422,3811870680379.7607,39803530963557.27,17.2724,19.69715534361456,16.2724,19.697155343614558,-1.3766560762702489,2.2064357395388328,253.45826666666667,82.50140719580158,126.72913333333334,41.25070359790079,129682586.25649746,316890175.63134253,2227.3271272915663,4468.832206084718,216852.60388158166,1097177.268479889,46.525204614714994,6.4949247644047325,129682586.25649746,316890175.63134253,2203.109776130165,4421.9703190195905,290253.44583634165,1755333.1624684848,93.21070095064998,13.20298545609687,41269.84126984127,0.0,1269.8412698412722,0.0,129682586.25649746,316890175.63134253,2203.106057144746,4421.972113871787,24.22107014682014,59.62743826227253,7500
40000.0,iir_o1_bw6500,1,6500.0,35.42504161734035,45.28776799321866,76.06262482658317,94.11620172506244,46.43965529964014,60.562375657887316,1.7050965249655068,0.34537841366793404,1.1220128359146437,0.13337637712728695,16.344933333333334,14.994076518400247,15.344933333333334,14.99407651840024,-1.3900189808546757,1.5153490106005936,230.06813333333332,97.80050383129684,115.03406666666666,48.90025191564842,117963118.45719925,288749648.140374,3894856.193833864,9098999.342200523,53.9726915575137,88.32544699426016,14.293327660123516,5.421646261428539,117963118.45719925,288749648.140374,3493411.585872243,8374575.2518250495,65.15852327870203,109.58531161274188,29.8235260546132,10.832471504370758,41269.84126984127,0.0,1269.8412698412722,0.0,117963118.45719925,288749648.140374,3465080.7719519837,8372487.771400887,429775.42188188015,1048039.35553897,7500
40000.0,iir_o5_bw4000,5,4000.0,34.72863995111298,45.00437778966918,70.09232947892279,90.71417060588789,47.591498479861116,62.26131953560495,1.4889146186216324,0.20820147644345063,5439221451322.064,47383421310428.53,17.808533333333333,19.34576374796874,16.808533333333333,19.34576374796874,-1.4081594378353568,2.2458508537241837,257.252,84.4868350654306,128.626,42.2434175327153,127052416.60173553,309792579.4445622,1935.2946319176083,3982.8558104543927,195821.9771075777,683831.1574440722,47.2206529625089,6.541905334989425,127052416.60173553,309792579.4445622,1910.508094403968,3930.681467254496,228193.07072305228,938815.4201881997,94.60551727311356,13.243395881764496,41269.84126984127,0.0,1269.8412698412722,0.0,127052416.60173553,309792579.4445622,1910.5080929396986,3930.6814679662957,24.78653897790963,62.16449991831941,7500
40000.0,iir_o5_bw4500,5,4500.0,35.18142890400647,45.54638817866163,71.21959990916028,92.23182404538233,47.90922595587963,62.780978587236135,1.5064282467734675,0.2428750934144036,4484265710845.789,43375107408012.01,17.841866666666668,20.38220101946813,16.841866666666668,20.38220101946813,-1.4320921961028668,2.2878972476601773,252.7392,83.7930014120398,126.3696,41.8965007060199,129246708.65833868,315743000.0593845,2439.714834739679,5036.241947773102,245725.7360488231,1486493.062701968,45.966030878241995,6.428276765357778,129246708.65833868,315743000.0593845,2415.3849900988175,4996.801598907043,355531.301652461,2436638.4730151435,92.0949667432052,13.11502008994472,41269.84126984127,0.0,1269.8412698412722,0.0,129246708.65833868,315743000.0593845,2415.2349350808713,4996.872345214528,24.47989965880752,60.41666483188937,7500
40000.0,iir_o4_bw5000,4,5000.0,35.463045123107214,45.85708741161546,71.09735414493088,92.18856328541432,48.597482801874975,63.7959536678402,1.4879591648314727,0.2625527839746445,4053155503038.4434,38079742180201.92,17.900533333333332,20.31324830719584,16.900533333333332,20.31324830719584,-1.4417278492519625,2.2952402593691144,241.58066666666667,92.92758451800405,120.79033333333334,46.46379225900203,129767518.99737588,317230728.9876014,9545.439773940754,28424.96395668604,34966.2872250595,97248.97196441908,41.16072671730962,6.212893994150007,129767518.99737588,317230728.9876014,9519.773512381744,28413.297688865827,37833.77945223278,116551.93301521387,82.43399630000509,12.579240615273417,41269.84126984127,0.0,1269.8412698412722,0.0,129767518.99737588,317230728.9876014,9519.767608037286,28413.29966626253,25.672165903468937,61.98503556998334,7500
40000.0,iir_o5_bw5000,5,5000.0,35.493961116563675,45.90498312736798,71.46240068211607,92.64984259850769,48.45726240408663,63.67679855342003,1.5014535780805685,0.26994257945958655,2407884691428.2134,27621399187514.04,17.84,20.46096984109611,16.84,20.46096984109611,-1.453635444787364,2.253794786432898,244.18586666666667,89.22385764554205,122.09293333333333,44.61192882277103,130269622.85926016,318595106.8985913,4262.670527292784,10650.923144704884,52113.165883319925,104480.12191068071,43.641748886215375,5.867487277334572,130269622.85926016,318595106.8985913,4237.665725091205,10629.191336427117,53550.72808042912,108398.15048275872,87.38234840191338,11.803908380279731,41269.84126984127,0.0,1269.8412698412722,0.0,130269622.85926016,318595106.8985913,4237.665725091205,10629.191336427117,25.00480220157859,60.89326282028292,7500
40000.0,iir_o1_bw6000,1,6000.0,34.82341258117989,44.62529102163884,74.02673269000533,92.03000479348876,45.99772145519371,60.06196821752452,1.6686949966645,0.3321226777289053,1.1161403646067571,0.12900520211236963,17.048933333333334,15.508051849018363,16.048933333333334,15.508051849018363,-1.4663342100808545,1.5661245127768273,231.8668,97.40514270819297,115.9334,48.702571354096484,116209115.42180479,284495492.35848045,3162787.7906540036,7416869.843931816,66.30231730825189,109.51853786926159,15.15751081427906,5.419743248028899,116209115.42180479,284495492.35848045,2854439.116259719,6867621.303050789,79.96216653217027,136.4497357017144,31.502996601515047,10.846733497713748,41269.84126984127,0.0,1269.8412698412722,0.0,116209115.42180479,284495492.35848045,2835285.943048534,6866678.444255264,327501.8476054693,798009.157515049,7500
40000.0,iir_o6_bw5000,6,5000.0,35.505271841460996,45.92588122707146,71.73513863583682,92.98253842821241,48.340088654042304,63.56528539234236,1.511571744286412,0.2743921180365865,1835219475308.1821,23603709377227.746,17.973333333333333,20.951097394165906,16.973333333333333,20.95109739416591,-1.4682429303087028,2.2876666315475,246.01733333333334,86.92041486723171,123.00866666666667,43.46020743361586,130516051.283394,319309972.48271716,3059.487597973826,6496.162635786954,96273.2424988735,371952.54643756436,44.966326346428126,6.102695158173793,130516051.283394,319309972.48271716,3034.9136853682885,6461.31717587941,102130.3184036885,430219.12377341656,90.04057765609912,12.277745090110647,41269.84126984127,0.0,1269.8412698412722,0.0,130516051.283394,319309972.48271716,3034.913680081014,6461.317178363139,24.573917892812176,59.76902463847771,7500
40000.0,iir_o8_bw5500,8,5500.0,35.811178137032876,46.249603701473774,72.10287404793746,93.36967948471761,48.732801630886726,64.0849172816317,1.51429042596323,0.30266914259869576,3643373900297.681,34235971077815.566,18.309466666666665,20.562579434625675,17.309466666666665,20.562579434625675,-1.469403768631396,2.336358585053896,234.38053333333335,97.6758779740454,117.19026666666667,48.8379389870227,130987787.25916882,320703040.69361275,3977.5425296693893,8559.728515280269,75330.11118086345,770177.3207261963,44.004604790482944,6.1082441429230965,130987787.25916882,320703040.69361275,3952.5064404778723,8523.86667222525,81408.83229870119,981668.2653822412,88.10984805851086,12.293529103146914,41269.84126984127,0.0,1269.8412698412722,0.0,130987787.25916882,320703040.69361275,3952.5064349431013,8523.866674792049,25.036094726287597,60.27930519875841,7500
40000.0,iir_o3_bw5500,3,5500.0,35.83017965922258,46.22061230271384,71.63851084440361,92.40524965751555,48.80274024709344,63.59862779970377,1.4907401958864754,0.26992241801913625,8139889954258.999,55048578123570.47,18.86253333333333,20.830590279228137,17.86253333333333,20.830590279228137,-1.4762103191988662,2.4889758285557715,237.09106666666668,95.1414670899616,118.54553333333334,47.5707335449808,129678777.57480901,317021513.8641038,105485.63787919538,293362.9924001727,5911.810291201341,65329.5071060974,31.581332229274093,5.864041073068174,129678777.57480901,317021513.8641038,105423.70402725447,293322.71133806027,6613.585567236948,87770.50112105932,63.2227015821703,11.769280844405072,41269.84126984127,0.0,1269.8412698412722,0.0,129678777.57480901,317021513.8641038,105423.69553338292,293322.7143909434,61.94234581243989,141.30249525491556,7500
40000.0,iir_o8_bw5000,8,5000.0,35.52122512667685,45.95720765780182,72.10942295401745,93.46339371552754,48.17143057227244,63.37831071772927,1.5247247821583296,0.2796918906920518,1154541675784.5603,18222347493232.31,17.97586666666667,21.11040906357964,16.97586666666667,21.110409063579645,-1.4775998362281986,2.2754534083092026,247.31466666666665,85.07809092688314,123.65733333333333,42.53904546344157,130737998.89556466,320003058.9537944,2473.5559487746687,4959.410951338441,194210.8168025563,926132.9407258916,46.15208188804389,6.544303991696086,130737998.89556466,320003058.9537944,2449.399415725341,4914.3171368075255,242990.76926419133,1340628.9788427786,92.4548758109244,13.27476275678718,41269.84126984127,0.0,1269.8412698412722,0.0,130737998.89556466,320003058.9537944,2449.399411296586,4914.317139015189,24.156537478082363,58.75515424368746,7500
40000.0,iir_o7_bw5000,7,5000.0,35.51238518079412,45.94065054456034,71.93888325327401,93.24061730099966,48.244605444048034,63.45703539204864,1.5190197614061385,0.2774893003962108,1253989629153.1072,19410918759723.58,17.988266666666668,21.10132455041451,16.988266666666668,21.101324550414514,-1.4785302089475414,2.276278299964017,246.49906666666666,85.82139927861115,123.24953333333333,42.91069963930558,130652867.86290261,319731046.3457267,2659.760604369596,5374.683946750165,164899.82662738196,784387.2385510233,45.719956534492866,6.400224153782644,130652867.86290261,319731046.3457267,2635.4436828688927,5332.5967015703945,195779.97946823994,1045585.3828517025,91.57517009666904,12.949496905400185,41269.84126984127,0.0,1269.8412698412722,0.0,130652867.86290261,319731046.3457267,2635.44367656625,5332.596704685639,24.316927803345617,59.131706929133685,7500
40000.0,iir_o4_bw4500,4,4500.0,35.08089402607509,45.421111666061044,70.5474552716555,91.44262974411461,48.07739103754984,63.01536953185732,1.4878586462134786,0.23823628652126322,5047746040935.209,45489005817252.69,18.403333333333332,21.010798399286752,17.403333333333332,21.010798399286752,-1.4816971203503921,2.37288695786016,251.16813333333334,85.4968979580953,125.58406666666667,42.74844897904765,128452849.806018,313711342.0608539,3621.612863668847,9459.708786329244,62441.53784611017,154113.1600634456,44.26759541106483,5.721788444918517,128452849.806018,313711342.0608539,3596.6569305744165,9441.11425549274,64977.11227333484,164772.06603407054,88.64685515521589,11.525405652134198,41269.84126984127,0.0,1269.8412698412722,0.0,128452849.806018,313711342.0608539,3596.6569305744165,9441.11425549274,24.95593309442999,61.576356456405705,7500
40000.0,iir_o8_bw6000,8,6000.0,36.40250613255718,46.849859428547816,73.52256900288029,94.63596473359051,49.002019796310925,63.820872247210225,1.531816442424676,0.3251526851209993,3805698006739.0977,38546910553156.625,18.7076,20.791036639233198,17.7076,20.791036639233198,-1.4886272308186104,2.4064522186406845,227.3272,103.55991354888515,113.6636,51.779956774442574,131314507.13723432,321446955.0941185,10743.971783649773,26925.57074763111,30532.825109248555,109294.16876247006,40.15544637377258,6.321576744299934,131314507.13723432,321446955.0941185,10716.82171648181,26895.85695161231,32007.46696492358,127329.56232319515,80.37496447035707,12.71836873366603,41269.84126984127,0.0,1269.8412698412722,0.0,131314507.13723432,321446955.0941185,10716.82171648181,26895.85695161231,27.15006716796168,63.9457770601626,7500
40000.0,iir_o4_bw4000,4,4000.0,34.55544477733111,44.79029383980204,69.33786234822382,89.78813434112487,47.606135159618475,62.28901038676076,1.4733453197005553,0.2059965316808758,5411491907818.558,46922631911086.445,18.611466666666665,20.08457186961792,17.611466666666665,20.08457186961792,-1.4886676415359348,2.326274306184625,256.2884,84.95176513229858,128.1442,42.47588256614929,125931027.82163787,307072423.9993668,2095.4924549601915,4426.50517246924,200138.01932709725,925087.1670801456,46.4928294450232,6.226464487505235,125931027.82163787,307072423.9993668,2070.287593570254,4385.159460551745,279092.1823387559,1560985.1006914882,93.17230214971386,12.741197233513953,41269.84126984127,0.0,1269.8412698412722,0.0,125931027.82163787,307072423.9993668,2070.259685908135,4385.172020157245,25.232769052056856,63.585858935756725,7500
40000.0,iir_o7_bw5500,7,5500.0,35.83151841574881,46.27045675505762,72.10179011427714,93.35237817017132,48.74323720137144,64.03775606762522,1.5120885716518406,0.30069125256101875,3473719238570.2075,33522234587879.633,18.436133333333334,20.628504366722247,17.436133333333334,20.628504366722247,-1.489097295082931,2.3320960202458174,234.35813333333334,97.50284840920605,117.17906666666667,48.751424204603026,130977926.41117017,320630972.68498486,4804.597780642009,11064.407780773641,53739.04875938897,291368.96892134997,43.20982971333058,6.0471616670570985,130977926.41117017,320630972.68498486,4779.285029155218,11034.723349214273,56344.74439883296,325255.3874280435,86.51674615880232,12.177853145765722,41269.84126984127,0.0,1269.8412698412722,0.0,130977926.41117017,320630972.68498486,4779.285029155218,11034.723349214273,25.31275148679122,60.823987882184134,7500
40000.0,iir_o7_bw6000,7,6000.0,36.38914793783445,46.837028550740484,73.40213135830105,94.50444792840052,49.0185280095222,63.79611514006547,1.5282638634537418,0.32028833059767625,3914248713881.6714,38592945224802.484,18.813066666666668,20.92900361590433,17.813066666666668,20.92900361590433,-1.4962228684788297,2.4269274191695693,227.322,103.44658432628196,113.661,51.72329216314098,131307574.9329603,321411014.8060174,14121.00248859702,37210.18031920018,46076.780735415865,221997.54280509858,39.26520327586861,6.727233944146793,131307574.9329603,321411014.8060174,14094.138854126853,37183.9578700066,63667.42081642382,370552.27660191973,78.64200796532919,13.725256931473616,41269.84126984127,0.0,1269.8412698412722,0.0,131307574.9329603,321411014.8060174,14093.518762984859,37184.18880785286,27.483725612160246,64.93366013112664,7500
40000.0,iir_o3_bw5000,3,5000.0,35.364536202066404,45.71755338782887,70.53429078762004,91.39681687513881,48.61875749615627,63.66821441790988,1.4723767929685365,0.25115530451079293,5723934489743.483,46927251076798.76,18.5736,20.908172323981955,17.5736,20.908172323981955,-1.4984524119355018,2.3885811066619227,241.47146666666666,93.63279766881253,120.73573333333333,46.816398834406264,128581736.94439748,314197557.3632116,40544.56589478773,117719.34355356511,19431.764786612337,115270.5918224842,35.861252585112304,6.400464980819862,128581736.94439748,314197557.3632116,40508.24506284465,117704.26668755985,23271.350621913156,183493.1214624326,71.81335046525852,12.924621093727753,41269.84126984127,0.0,1269.8412698412722,0.0,128581736.94439748,314197557.3632116,40508.18763708446,117704.28631146885,36.37825770327177,82.03517755317006,7500
40000.0,iir_o6_bw5500,6,5500.0,35.84906781681801,46.286497684013284,72.06519954680945,93.2931267041504,48.76196342218981,63.97449358780763,1.5085201249113775,0.2969006381642194,3397839960338.5044,33409011095367.63,18.578666666666667,20.669777700390984,17.578666666666667,20.669777700390984,-1.5106118814494331,2.3256283572579997,234.99573333333333,97.21587853192536,117.49786666666667,48.60793926596268,130935250.22747621,320461379.384868,6642.965912185995,17034.603911120317,43649.05861398535,100651.05181014191,42.07678484894148,6.215678595542203,130935250.22747621,320461379.384868,6617.2497948902455,17012.404077813975,48082.55803574352,124943.88838374715,84.26872372757018,12.598034339771372,41269.84126984127,0.0,1269.8412698412722,0.0,130935250.22747621,320461379.384868,6617.238043356907,17012.408646123826,25.72786882908662,61.826408763243805,7500
40000.0,iir_o6_bw6000,6,6000.0,36.38062472451373,46.82779249264353,73.2743926290781,94.34323632912171,49.04185442015832,63.76867826225651,1.5242418258778978,0.3146338611433497,3897154643463.2812,38409447824188.875,19.001466666666666,21.030166433853683,18.001466666666666,21.030166433853683,-1.5153847080412794,2.4396367366495855,227.28106666666667,102.92850709046442,113.64053333333334,51.46425354523221,131285425.54542732,321321700.5035039,21116.905190220772,58460.25249795357,21521.74800079708,81514.14728553676,37.725957079690765,6.512289551952311,131285425.54542732,321321700.5035039,21088.91752770748,58437.83995299538,23352.293110936185,120391.83857355198,75.50732277241413,13.114093716291165,41269.84126984127,0.0,1269.8412698412722,0.0,131285425.54542732,321321700.5035039,21088.917516793914,58437.83995693403,27.9876734268591,66.547825645783,7500
40000.0,iir_o1_bw5500,1,5500.0,34.148414331320694,43.86992446037605,71.81482574448803,89.76299226079598,45.4748889455639,59.47353830620214,1.6306490204071638,0.3182848199603543,1.1137159343693295,0.1275781362708581,17.4936,16.12355073254949,16.4936,16.12355073254949,-1.5165154617145955,1.626795714631197,233.11546666666666,97.0241328661587,116.55773333333333,48.51206643307935,114013311.40455656,279174406.2390443,2491899.065593119,5867553.098156494,83.74942330156732,140.0834336359401,16.136595720712943,5.418062229878816,114013311.40455656,279174406.2390443,2262239.83164525,5464037.378484339,100.91611887602068,175.24377276164188,33.41434262691838,10.861552768287302,41269.84126984127,0.0,1269.8412698412722,0.0,114013311.40455656,279174406.2390443,2249903.0224775933,5463722.241429346,241996.04311552533,589202.359058279,7500
40000.0,iir_o2_bw5500,2,5500.0,35.59063786879041,45.872726648666706,71.57476777782207,91.60035854834697,48.41829068309952,62.99296612000128,1.5026540550533876,0.26768452195720954,8633919710137.491,57215264557304.57,19.392133333333334,20.3430498386825,18.392133333333334,20.3430498386825,-1.529298757472597,2.44685421024059,237.476,95.32170575308827,118.738,47.66085287654413,126876092.78611739,310099323.4466235,478766.640989936,1226982.414050894,686.0905467265179,1724.7647317170188,24.508692664459716,5.565904831640995,126876092.78611739,310099323.4466235,475535.9097575615,1222397.7731750929,752.5078396456156,2158.135555763279,49.24349280567315,11.278359042755639,41269.84126984127,0.0,1269.8412698412722,0.0,126876092.78611739,310099323.4466235,475535.5894543036,1222397.8977648276,3231.051535632417,7511.130961939783,7500
40000.0,iir_o4_bw5500,4,5500.0,35.8679377988943,46.28908477930871,71.83078239781764,92.90438226358631,48.824469216855874,63.78025225814543,1.4963750562286668,0.28188032591411566,4942694004219.1,41772941504297.055,18.986533333333334,20.99248222317233,17.986533333333334,20.99248222317233,-1.5352542072042479,2.3994491542864345,236.67426666666665,96.21922841330144,118.33713333333333,48.10961420665072,130519121.89570335,319226367.27729446,29523.528263270793,86755.98460200922,20494.277115272373,111526.6748072458,36.90430636472901,6.490899675870514,130519121.89570335,319226367.27729446,29496.109753088916,86742.65494841208,23960.625570563443,172759.7128197174,73.87839970936113,13.114386806029271,41269.84126984127,0.0,1269.8412698412722,0.0,130519121.89570335,319226367.27729446,29496.10956051011,86742.65501390366,27.418702760679427,64.74940319174385,7500
40000.0,iir_o2_bw7000,2,7000.0,37.152335431474825,47.49301389600182,76.98157621288033,96.36979262175804,49.032884931399806,63.26770501928091,1.612657908645045,0.29854190521371654,442488478594.9845,14479665313313.992,17.867066666666666,18.472529874840813,16.867066666666666,18.47252987484081,-1.5371921170232417,1.8891737844246685,223.64426666666665,100.69762454335289,111.82213333333333,50.348812271676444,129628830.03796703,316954249.9434686,1930730.1623441398,4784594.647887148,154.48414467866337,304.24681529017477,18.345614531805403,5.514761816302395,129628830.03796703,316954249.9434686,1910669.8300407617,4753994.383976887,170.57809811264403,370.16635644239494,36.96496386669744,11.206085719127243,41269.84126984127,0.0,1269.8412698412722,0.0,129628830.03796703,316954249.9434686,1910665.7100706159,4753996.039622064,20064.452273524177,46858.47149632151,7500
40000.0,iir_o5_bw5500,5,5500.0,35.86336486515936,46.295998470512195,71.97639185893394,93.15970701956505,48.79546318870337,63.90014024125399,1.503177446896946,0.2909229989812282,3881247404761.065,36175637341481.66,18.8904,20.94197212934404,17.8904,20.94197212934404,-1.5407096807244152,2.35926253107625,235.47333333333333,97.36537487415863,117.73666666666666,48.682687437079316,130819415.18246214,320086674.99149287,11737.543432075932,33483.883024232,31286.42131353052,90231.939460282,40.17323780126638,6.3833990431092245,130819415.18246214,320086674.99149287,11711.180660256323,33467.64979487882,33844.55198738108,124158.45731938978,80.43902805054152,12.901955824245755,41269.84126984127,0.0,1269.8412698412722,0.0,130819415.18246214,320086674.99149287,11711.180609773106,33467.649812545125,26.362822302826252,63.489119591659716,7500
40000.0,iir_o3_bw4500,3,4500.0,34.87383373204473,45.15676443603741,69.48235335506737,90.19654224517532,48.1829006647582,63.15620058642213,1.462058049409438,0.23041688469850402,6030043809004.546,48737895703401.28,19.099333333333334,21.378288138109937,18.099333333333334,21.378288138109937,-1.5456994841039216,2.443007878461192,248.73613333333333,90.61773805925472,124.36806666666666,45.30886902962736,126805894.53365898,309630954.91710234,13960.82171263552,42438.78918945729,37231.30422198774,103158.73880374007,40.19440075406482,6.479471797021703,126805894.53365898,309630954.91710234,13933.010644703756,42430.877331018106,43695.7483756485,143061.74679907106,80.55146196244034,13.222820914785405,41269.84126984127,0.0,1269.8412698412722,0.0,126805894.53365898,309630954.91710234,13932.973361610513,42430.88927713221,27.84835102500625,64.31550919680495,7500
40000.0,iir_o5_bw6000,5,6000.0,36.37429219212898,46.81849241781326,73.14119740125379,94.14347010835452,49.071860359895126,63.730067786947615,1.5195250490853007,0.30736187303054546,3811202669566.8535,38143397731244.53,19.255333333333333,21.069307700677275,18.255333333333333,21.069307700677275,-1.5486374942496208,2.4368715440791227,227.9572,101.00819367185937,113.9786,50.50409683592969,131218972.31585962,321099498.563722,37985.39241160789,108305.86531336901,14913.43007347136,138271.01753937834,35.50780932111752,6.333849316671205,131218972.31585962,321099498.563722,37956.646275333514,108286.2688569486,16303.350627277152,163198.44062433927,71.0518167182984,12.72809247320817,41269.84126984127,0.0,1269.8412698412722,0.0,131218972.31585962,321099498.563722,37956.64583570603,108286.26901106547,28.74657590186398,68.84896095280408,7500
40000.0,iir_o2_bw6000,2,6000.0,36.13283801507344,46.44949699069092,73.32801407773181,93.14170610794714,48.55966512736769,62.95366662701805,1.537442819952926,0.2816904741425696,5592691955060.552,49289235683712.89,18.846133333333334,19.275310548171536,17.846133333333334,19.27531054817153,-1.5515557156760336,2.194798277945908,233.3516,96.94103320728496,116.6758,48.47051660364248,128098521.12293473,313145180.42358,818108.0763591247,2068624.5590511337,384.42338592813513,839.2903384703516,22.150854092947906,5.536849021559346,128098521.12293473,313145180.42358,811817.7504593352,2059415.8344705459,423.3035041090941,1042.5859483768395,44.54192788319304,11.23862391587679,41269.84126984127,0.0,1269.8412698412722,0.0,128098521.12293473,313145180.42358,811816.9618490818,2059416.1453189799,6291.11451004293,14642.819081541938,7500
40000.0,iir_o3_bw6000,3,6000.0,36.32672524092236,46.73675972840805,72.91850790526708,93.42596224569152,49.05500825857596,63.545248754202284,1.513465275091263,0.2858581301692945,2165846196243.418,28227050535955.297,18.8348,20.268521176611678,17.8348,20.268521176611678,-1.5557826068661726,2.2546412085393754,231.766,96.78424632162412,115.883,48.39212316081206,130405027.8916547,318878118.43009615,242600.6485437101,653726.9324681114,1909.2899727415684,13217.83307801556,27.853139751519766,5.599384515716806,130405027.8916547,318878118.43009615,242471.82931158744,653611.007438357,2050.385249080775,16852.324842688173,55.748958867715004,11.223351117989244,41269.84126984127,0.0,1269.8412698412722,0.0,130405027.8916547,318878118.43009615,242471.81421438087,653611.0130391531,128.834329329244,293.8259920242827,7500
40000.0,iir_o8_bw6500,8,6500.0,37.05633710170781,47.517913258641514,75.11746066003742,96.23061297475077,49.518187491934825,63.90812304381743,1.5520165843993006,0.3290036124344076,6542673408579.084,52239201363008.09,19.048666666666666,19.706944969888855,18.048666666666666,19.70694496988887,-1.5601368923134478,2.263521935129797,219.9792,106.05701538682723,109.9896,53.028507693413616,131641105.98702012,322171496.99228275,37192.747144708075,97721.24267402086,16183.384546818166,99614.94344908408,35.26163358685034,6.654979978561331,131641105.98702012,322171496.99228275,37161.77906108233,97685.71210971384,18090.659982018333,161108.96272126588,70.55867640996475,13.377313385997752,41269.84126984127,0.0,1269.8412698412722,0.0,131641105.98702012,322171496.99228275,37161.779020551774,97685.7121251342,30.96812415630574,72.40154123898844,7500
40000.0,iir_o2_bw6500,2,6500.0,36.652846215593,46.98722063587362,75.13105771788837,94.71536208525151,48.813041998720834,63.07877574457897,1.5729925232987672,0.2866310986626644,2817081941287.8184,36048950113069.72,18.414533333333335,18.800991793552086,17.414533333333335,18.800991793552082,-1.5617061782450856,2.0172200548785333,229.43146666666667,97.57051042083701,114.71573333333333,48.785255210418505,128979835.28115433,315340055.41635764,1297498.820823628,3245095.959578838,235.4244496846142,481.8323300205608,20.112135301703155,5.522523356496606,128979835.28115433,315340055.41635764,1285967.4350794952,3227819.457932321,259.51035740788245,591.6393250011117,40.479728695527434,11.218050692435062,41269.84126984127,0.0,1269.8412698412722,0.0,128979835.28115433,315340055.41635764,1285965.5140795698,3227820.223189276,11533.306744058249,26887.726242341017,7500
40000.0,iir_o4_bw6000,4,6000.0,36.364106660991396,46.79968825503826,72.99323953739875,93.85504910121946,49.106572780489316,63.690502016829036,1.5144248891259837,0.29794159250115365,3582989417116.079,37494849769353.016,19.205733333333335,20.84520112920247,18.205733333333335,20.84520112920247,-1.5627627089527862,2.3836300980853458,229.3296,99.59930605552543,114.6648,49.799653027762716,131022959.0943867,320524126.74423414,85734.95592443073,242189.48441511544,7401.906544932405,47480.12503697012,32.33241025455913,6.129003983944423,131022959.0943867,320524126.74423414,85704.07872080819,242172.80412471993,8277.502878397372,64657.6398877078,64.69192197266538,12.315178992410138,41269.84126984127,0.0,1269.8412698412722,0.0,131022959.0943867,320524126.74423414,85704.0786912655,242172.80413517595,30.877233165237385,71.54670518710097,7500
40000.0,iir_o3_bw6500,3,6500.0,36.85394993117471,47.27486647623831,74.4923770241212,94.7836418321657,49.3090830992891,63.56684768699793,1.5413587067413819,0.2856294820503558,1705429311250.306,28360034730365.113,18.371066666666668,19.046907382030874,17.371066666666668,19.046907382030874,-1.5760349276226642,1.9996064553429473,223.906,100.51549007905597,111.953,50.25774503952798,130917179.31694941,320172304.35810053,497432.845534288,1309646.4995193512,795.0388510841724,4624.569007690119,24.655530935693097,5.485010881831574,130917179.31694941,320172304.35810053,497144.0857863745,1309330.8797399683,837.0304598632936,6183.037606435625,49.34563271808592,10.989010602959498,41269.84126984127,0.0,1269.8412698412722,0.0,130917179.31694941,320172304.35810053,497144.07482647523,1309330.8839015313,288.77070781271664,652.7434940954603,7500
40000.0,iir_o7_bw6500,7,6500.0,37.03886974893441,47.50096263807761,75.01781480423095,96.09187022722168,49.51722118457139,63.900844979630996,1.5490815838663727,0.32420326800724275,5243781305157.396,48323998351535.85,18.994266666666668,19.549284481332187,17.994266666666668,19.549284481332183,-1.5846190989253177,2.1845861264798265,220.2044,104.90176867645995,110.1022,52.450884338229976,131630488.01413879,322138444.5625498,48308.1549141438,130064.39026227247,10386.424300736999,63688.7440278637,34.167443511019655,6.366464410536379,131630488.01413879,322138444.5625498,48277.018720493856,130032.47263591034,11137.217907938662,78988.69445010502,68.35896671391693,12.773883573244019,41269.84126984127,0.0,1269.8412698412722,0.0,131630488.01413879,322138444.5625498,48277.018720493856,130032.47263591034,31.136193649946673,73.32977324404273,7500
40000.0,iir_o6_bw6500,6,6500.0,37.011996212683705,47.47372080787458,74.87095715263735,95.88721745882307,49.51168405539117,63.877768696926175,1.5451457030591709,0.31730118152336395,4824152990120.6455,46830952221041.73,19.0008,19.362399636820836,18.0008,19.362399636820836,-1.5967009713257099,2.1450004327537644,220.34133333333332,104.13278563046941,110.17066666666666,52.06639281523471,131607358.95698488,322067174.7829313,69375.75163309234,190878.96493916656,7477.481991177625,54957.86039005599,32.766142372049565,6.20713516610349,131607358.95698488,322067174.7829313,69344.2193823625,190850.91741936503,8213.346435658395,77381.5682984684,65.55204586064733,12.452020336622526,41269.84126984127,0.0,1269.8412698412722,0.0,131607358.95698488,322067174.7829313,69344.21937230564,190850.9174230194,31.532260786700554,75.18304016004151,7500
40000.0,iir_o6_bw7000,6,7000.0,37.636483768240254,48.12840206454224,76.477581520945,97.50496630822265,49.93263035145222,63.994300618954966,1.5657101886985398,0.3068023752269541,6080194576872.027,54269184563730.73,19.253066666666665,18.49956364646388,18.253066666666665,18.499563646463884,-1.611317293932536,2.08312488846841,214.856,104.21255889602531,107.428,52.10627944801266,131877127.4280978,322681555.49176335,201225.7666603507,545859.9596942919,2395.775930613591,16374.986532532366,28.265364598628082,5.915622934952108,131877127.4280978,322681555.49176335,201189.5904479268,545828.2253124338,2559.161204173865,21836.662012330202,56.5395606995037,11.852004454728997,41269.84126984127,0.0,1269.8412698412722,0.0,131877127.4280978,322681555.49176335,201189.5904479268,545828.2253124338,36.17621242388105,87.86277748980434,7500
40000.0,iir_o4_bw6500,4,6500.0,36.92754984336642,47.37543978223627,74.47771489297774,95.18039579169613,49.442808480733845,63.72485875385882,1.5369643548587206,0.29666483069572996,2209281862312.249,32253842531982.098,18.802,19.315030556211543,17.802,19.315030556211543,-1.613844347001464,2.043678725055662,221.71106666666665,101.85156167814867,110.85553333333333,50.925780839074335,131401144.83238526,321465334.6255872,219167.65580165476,599630.4836185236,2900.553499375913,32718.7950714074,28.236502736084546,5.76887893472122,131401144.83238526,321465334.6255872,219129.47895564267,599609.4968212103,3380.609127958472,53113.451360192004,56.48660595994831,11.567559452971595,41269.84126984127,0.0,1269.8412698412722,0.0,131401144.83238526,321465334.6255872,219129.47895564267,599609.4968212103,38.176846012075465,87.76191631015023,7500
40000.0,iir_o5_bw6500,5,6500.0,36.97554688026888,47.43378293081093,74.67596315676612,95.58506899383623,49.493682604433225,63.827011960431726,1.5405617198925128,0.3082299293926532,3024660250550.958,36286780507988.38,18.974133333333334,19.335786698981877,17.974133333333334,19.335786698981877,-1.6159376770549323,2.088009799111743,220.2636,102.95164878381017,110.1318,51.475824391905086,131552009.90987733,321899410.7593208,113848.94221489411,315998.23651032365,4820.026424443939,44507.774156053965,30.867309137721833,6.056705163579753,131552009.90987733,321899410.7593208,113816.59309908161,315974.1554543579,5305.191571727154,64563.95122702197,61.75014950776634,12.146021985863893,41269.84126984127,0.0,1269.8412698412722,0.0,131552009.90987733,321899410.7593208,113816.59305880892,315974.1554688657,32.34915608516456,77.90941135606617,7500
40000.0,iir_o5_bw7000,5,7000.0,37.57703441287837,48.05654485597733,76.30520763060524,97.15675699134759,49.8505709683946,63.90380047687317,1.5649943733780296,0.3008724441394628,6387714849929.297,55522162827133.46,19.437866666666668,18.79320881085887,18.437866666666668,18.79320881085887,-1.6241703585528613,2.121668735255637,214.886,103.58156378452439,107.443,51.79078189226218,131821242.54530671,322527375.03765464,296820.5199562561,805731.5316403566,2010.1237506712027,23474.530918499782,26.769673329537433,5.76604674511795,131821242.54530671,322527375.03765464,296782.86854074657,805704.7796081275,2130.1850269146007,26897.594156782314,53.54653110363175,11.549344168099433,41269.84126984127,0.0,1269.8412698412722,0.0,131821242.54530671,322527375.03765464,296782.8684917202,805704.7796261875,37.65146453591477,91.99191931220362,7500
40000.0,iir_o7_bw7000,7,7000.0,37.682644178097384,48.18334260771286,76.65982032316943,97.80524511062863,49.98994509641029,64.06190328715222,1.5672866509951213,0.31171714469441236,4858144888666.819,48672765092961.12,19.2716,18.45819223962,18.2716,18.45819223962,-1.6307902464699207,2.0398144095062567,214.60346666666666,104.47246348870704,107.30173333333333,52.23623174435352,131908801.01731667,322764368.32972676,150286.81676034158,402822.17826026434,2825.5795165595573,12973.65621813144,29.35449741826627,6.002658855788607,131908801.01731667,322764368.32972676,150251.16846858355,402785.49811015785,2876.026201733609,13729.601546643364,58.717605443366224,12.019943918715489,41269.84126984127,0.0,1269.8412698412722,0.0,131908801.01731667,322764368.32972676,150251.16846858355,402785.49811015785,35.648291758028165,85.06216054959454,7500
40000.0,iir_o3_bw7000,3,7000.0,37.38537577689666,47.81170641449338,76.31332929496885,96.42507236619228,49.51997451663792,63.605445469520916,1.5769976223957616,0.2891922024320663,847113355406.6879,19742094448810.492,18.829333333333334,19.375754493795846,17.829333333333334,19.375754493795842,-1.6330006354976427,1.9937376116210992,217.68626666666665,103.24258799380712,108.84313333333333,51.62129399690356,131292507.1375965,321108104.5371907,921092.0081786142,2381490.328784089,377.64404631117833,1086.5583493723534,21.922564165684054,5.450171303600478,131292507.1375965,321108104.5371907,920448.6131494,2380700.292830992,385.64021044129805,1213.8861787554438,43.87953869444273,10.922443381599459,41269.84126984127,0.0,1269.8412698412722,0.0,131292507.1375965,321108104.5371907,920448.5986928608,2380700.298420549,643.409485753329,1445.4975272577135,7500
40000.0,iir_o1_bw5000,1,5000.0,33.38327642068922,42.999280772234066,69.39823629244823,87.25127574571715,44.931019417710836,58.837926652335526,1.5894608708580211,0.30065030594786957,1.1094976314123566,0.13446806188333513,18.6292,17.353504734689082,17.6292,17.35350473468908,-1.636733641285215,1.7494212067241564,236.03773333333334,96.78671395700626,118.01886666666667,48.39335697850313,111257302.37311938,272503359.1042892,1892883.3415793267,4476966.2631727895,109.3869112448442,186.15087627243503,17.252387908056154,5.41668674655621,111257302.37311938,272503359.1042892,1727997.6888338558,4191362.768836149,131.62837003233682,233.23940468954723,35.60107550705773,10.875745218971439,41269.84126984127,0.0,1269.8412698412722,0.0,111257302.37311938,272503359.1042892,1720459.2372318495,4191343.0778602795,172424.10434747714,419491.131092123,7500
40000.0,iir_o8_bw7000,8,7000.0,37.71986468660749,48.22664902267364,76.81396306934663,98.03120469447971,50.04046668827828,64.1178592260703,1.5684981697353224,0.3142237785698775,3035257996256.9146,38642560396784.03,19.2708,18.542897451570358,18.2708,18.54289745157036,-1.6551649150532948,1.9864623522770994,214.58026666666666,105.01854539355949,107.29013333333333,52.50927269677975,131930689.88841276,322817161.41753685,120994.82165329512,318907.31771861156,5290.500377093569,86522.39481303515,30.171719189540692,6.113278462627064,131930689.88841276,322817161.41753685,120959.23288647154,318865.56763700204,6076.043359254246,119145.84930617297,60.35425331422758,12.249671216037811,41269.84126984127,0.0,1269.8412698412722,0.0,131930689.88841276,322817161.41753685,120959.23265215215,318865.5677259012,35.589001142967156,83.83007622812907,7500
40000.0,iir_o4_bw7000,4,7000.0,37.49814607339447,47.95868307787006,76.20978963024588,96.79316600138509,49.733129437767666,63.80645266891212,1.567050069305959,0.29430600249366623,4867445755007.883,48437555498529.39,19.6388,19.450630962327285,18.6388,19.450630962327274,-1.6647905989271914,2.133606914387286,215.7516,103.37707615048475,107.8758,51.68853807524238,131691881.86240529,322168538.3374736,491618.5276361045,1313191.383096871,886.452037629582,5475.964183518809,24.712907026779128,5.501355312759902,131691881.86240529,322168538.3374736,491563.3478461239,1313159.5218036827,913.0118511222705,6388.199284407659,49.4339738066485,11.012269872530917,41269.84126984127,0.0,1269.8412698412722,0.0,131691881.86240529,322168538.3374736,491563.3478461239,1313159.5218036827,55.17978998062445,128.03276365049786,7500
40000.0,iir_o7_bw3500,7,3500.0,34.119865174077425,44.23163518373175,67.92670129337452,87.74780693158023,47.457522930231576,62.02680442243222,1.4479617520424877,0.16966807719481208,456568343456.0934,11523018220368.258,19.855333333333334,20.973557723286508,18.855333333333334,20.97355772328651,-1.6781121027635273,2.278845603724771,258.58346666666665,87.22720931445753,129.29173333333333,43.61360465722876,123677317.96470319,300259423.1175307,1697.9745429399454,3757.3608825597153,344810.0592795484,1608394.8941889224,48.286437475607094,6.913226398754571,123677317.96470319,300259423.1175307,1671.4736298555806,3695.0199029723544,450225.59010671603,2513751.6077677268,96.7874561298233,14.070943710417735,41269.84126984127,0.0,1269.8412698412722,0.0,123677317.96470319,300259423.1175307,1671.4724115230572,3695.020453966101,26.50213141688817,67.44311714629738,7500
40000.0,iir_o8_bw3500,8,3500.0,34.17848108812666,44.28329496434683,68.07755165705368,87.84068410467789,47.523195634260084,62.10664322441544,1.4497748972440887,0.1706363530934264,410979167220.96655,10594358795481.217,19.865333333333332,21.029161379046933,18.865333333333332,21.02916137904693,-1.6790171732395536,2.2828616051125517,258.44373333333334,87.2034905297007,129.22186666666667,43.60174526485035,123952188.553133,300579340.11650485,1714.359942347804,3764.802467407728,340185.49488728214,1621198.4281738007,48.2365679970298,6.893323900565796,123952188.553133,300579340.11650485,1687.7756265677745,3702.4746197237782,444163.0964849023,2527693.8070471394,96.68244455779339,14.021193665580816,41269.84126984127,0.0,1269.8412698412722,0.0,123952188.553133,300579340.11650485,1687.7744752372412,3702.4751444410763,26.585467110562806,67.5322324782153,7500
40000.0,iir_o3_bw4000,3,4000.0,34.23324555585249,44.38958046082274,68.02465796794084,88.22323880250688,47.562257700828575,62.27594024873152,1.4480509044195142,0.20249714891936532,2281250653692.257,29949474036991.094,20.047733333333333,21.58127170412662,19.047733333333333,21.58127170412662,-1.6882473962205162,2.3686598236184087,254.45786666666666,87.63911934831144,127.22893333333333,43.81955967415572,123795697.22447988,301967193.422499,4747.948950151171,14112.568625054764,61405.57231796411,170998.21587417513,43.6317856387739,5.777645872330304,123795697.22447988,301967193.422499,4721.933888798893,14102.975011613838,71447.71257729974,248705.7817237993,87.42427355969429,11.761298808527602,41269.84126984127,0.0,1269.8412698412722,0.0,123795697.22447988,301967193.422499,4721.8564176347345,14102.999824393506,26.092532516436474,63.74284620596454,7500
40000.0,iir_o6_bw3500,6,3500.0,34.028977094682226,44.133946299224405,67.68777332972098,87.51928306530762,47.364360201027665,61.915439888057385,1.4454121580838282,0.16915824358814915,392426280204.90186,10526523646712.773,19.9448,20.965618535626646,18.9448,20.96561853562665,-1.6898080197067913,2.2731923565296195,258.5976,87.34761753140056,129.2988,43.67380876570028,123215152.16223623,299414820.55387294,1684.8851655352717,3751.1633244378027,344838.8191464861,1560000.4819360375,48.3207080582258,6.920780300077312,123215152.16223623,299414820.55387294,1658.361745827933,3688.568053848644,449939.9661449874,2443296.4699105956,96.86221356310759,14.097685728232744,41269.84126984127,0.0,1269.8412698412722,0.0,123215152.16223623,299414820.55387294,1658.3604616028297,3688.568631083333,26.52470393244219,67.67321176189388,7500
40000.0,iir_o2_bw5000,2,5000.0,35.00979604885278,45.23158568151502,69.84177764088817,89.98346473818032,48.12815833746129,62.84900218421125,1.471426065908129,0.24228551826600164,5935824490283.124,48838540758274.945,20.476533333333332,22.06310238189054,19.476533333333332,22.06310238189054,-1.6992851207148019,2.483505028912331,241.85773333333333,94.6848980787615,120.92886666666666,47.34244903938075,125139692.16760054,305776114.2839077,256688.34669013956,669307.9777483225,1384.1424873657718,4356.362711324717,27.243470965220077,5.627830633894772,125139692.16760054,305776114.2839077,255140.60865610253,667207.0919134757,1521.4148504607056,5701.840376890118,54.705347935692686,11.37904597551423,41269.84126984127,0.0,1269.8412698412722,0.0,125139692.16760054,305776114.2839077,255140.47422279775,667207.1433051139,1547.8724673417971,3597.874590075973,7500
40000.0,iir_o2_bw4500,2,4500.0,34.348042450957884,44.47062223120964,68.00593267221205,88.07929628150728,47.753710941703524,62.57416328746497,1.4433354504113656,0.22061182383254735,4093251608224.8896,37138756568572.1,20.3828,22.67928373681088,19.3828,22.679283736810877,-1.7011560994796653,2.516212107269926,244.9556,95.45072799182762,122.4778,47.72536399591381,122615402.0469649,299507149.8222519,124113.3257174125,331209.263133619,3281.1124056948997,13596.170922843516,30.42675560538601,5.758626104329003,122615402.0469649,299507149.8222519,123428.28145570672,330340.57896376663,3656.3302155303577,18265.719421200247,61.072978774891396,11.614605912207475,41269.84126984127,0.0,1269.8412698412722,0.0,122615402.0469649,299507149.8222519,123428.16120866804,330340.6238610245,685.1645087444581,1597.5373074391352,7500
40000.0,iir_o5_bw3500,5,3500.0,33.888560880121595,43.96845398189486,67.30247139171809,87.08417045465114,47.23290050754189,61.757338512244594,1.4412489095643726,0.16922180248948868,308133629292.7864,8204782580802.193,20.202133333333332,21.08481961185897,19.202133333333332,21.08481961185896,-1.7087828258754987,2.3026452508659174,258.524,87.49904286143293,129.262,43.74952143071646,122439975.02775675,297761123.8799426,1675.4935820004227,3733.0962233868613,317589.8221560394,1262804.4044438798,48.294703033708146,6.878866988186098,122439975.02775675,297761123.8799426,1648.786427318239,3670.0567910511186,409343.74087789,2006095.4099814577,96.82078014602605,14.034418631948087,41269.84126984127,0.0,1269.8412698412722,0.0,122439975.02775675,297761123.8799426,1648.7857874879694,3670.0570784050165,26.707794512453418,68.39167661163707,7500
40000.0,iir_o4_bw3500,4,3500.0,33.66229506544705,43.69239873607836,66.64747209950603,86.30082291234135,47.03773013794848,61.51929942309307,1.4335750428826082,0.17006281461459974,248628535007.36282,6712783600533.612,20.696266666666666,21.374292833092078,19.696266666666666,21.374292833092085,-1.7595303135246718,2.3341850243912976,258.10173333333336,87.7211387489929,129.05086666666668,43.86056937449645,121114690.94368091,294773328.79573107,1673.6953286254416,3645.156449840873,210987.0767680277,546099.2420232855,47.94613894829871,6.488151048246324,121114690.94368091,294773328.79573107,1646.5703202016348,3583.1393660798526,249637.42763422005,771558.549110609,96.11318300103467,13.222548238694646,41269.84126984127,0.0,1269.8412698412722,0.0,121114690.94368091,294773328.79573107,1646.5702857527333,3583.139381854607,27.12504287270836,69.76787157061038,7500
40000.0,iir_o1_bw4500,1,4500.0,32.504207474678076,41.98218786595477,66.73597985974826,84.42603066432767,44.26418556749296,58.04536549762642,1.5467031570507783,0.2805487851945981,1.1090895694525613,0.165472043810701,20.1908,18.499132170964394,19.1908,18.499132170964394,-1.7995787601597808,1.864467339411304,238.00253333333333,96.16028962322397,119.00126666666667,48.08014481161199,107782452.96232143,264104531.78783864,1374930.8023613535,3267968.764405406,148.82588835583255,259.58975135941614,18.532205514357408,5.417583955346893,107782452.96232143,264104531.78783864,1261693.3232756096,3074685.7352926657,178.78408007932472,325.25937980209346,38.11832432604791,10.893716736742594,41269.84126984127,0.0,1269.8412698412722,0.0,107782452.96232143,264104531.78783864,1257329.022799676,3074770.5721438937,117601.77956167779,285902.25162055646,7500
40000.0,iir_o3_bw3500,3,3500.0,33.261464775728435,43.198404001950095,65.43586233868959,84.83695772458478,46.713262817812335,61.144194199200435,1.4182315535889856,0.17219337400842546,172132943588.43,4745667674477.253,21.649466666666665,22.029019423065286,20.649466666666665,22.02901942306529,-1.8682117392005975,2.3878531105414647,257.1290666666667,88.25435958671036,128.56453333333334,44.12717979335518,118664646.28868434,289130665.39577,2119.8423028097664,5027.389950370599,70069.93375709157,111219.78172191845,45.9928663254826,5.030037002216255,118664646.28868434,289130665.39577,2092.224981201052,4994.946441385346,72528.6556030431,121852.36673517166,92.12254744404767,10.121306179283962,41269.84126984127,0.0,1269.8412698412722,0.0,118664646.28868434,289130665.39577,2092.224981201052,4994.946441385346,27.617321608714747,70.46120105354179,7500
40000.0,iir_o2_bw4000,2,4000.0,33.52764973387534,43.4936980331276,65.86640512228774,85.57747062550557,47.07568549560809,61.753421134225796,1.4175214187635297,0.19861612468972512,377973356270.6548,11324673248573.457,21.823866666666667,23.15075890910054,20.823866666666667,23.15075890910053,-1.9115289515822584,2.4396905157348443,250.48226666666667,94.12995349665066,125.24113333333334,47.06497674832533,118879567.1604295,290274337.4464249,53120.517966520696,146300.0505278524,9208.951546646233,48492.59804558626,34.142353043432145,6.002172374786985,118879567.1604295,290274337.4464249,52840.85635584831,145983.23316546297,10428.99815204905,65569.65519506542,68.50994660285419,12.104896067692268,41269.84126984127,0.0,1269.8412698412722,0.0,118879567.1604295,290274337.4464249,52840.59011396565,145983.32945407866,279.92785255505476,660.5191879421816,7500
40000.0,iir_o1_bw4000,1,4000.0,31.477024912460603,40.774755131345316,63.747357639373696,81.16599474602269,43.453499938203656,57.07194346217858,1.5009887485558233,0.2521956221324422,1.107075425862093,0.17857773977926994,22.0396,19.701314272856933,21.0396,19.70131427285694,-1.99178853246865,1.9851084306967652,241.96013333333335,95.67760398600512,120.98006666666667,47.83880199300256,103375110.97467145,253471128.9349933,944600.3604468298,2257667.8493944705,213.06836740979261,385.7408105899502,20.010991298903196,5.426029932420667,103375110.97467145,253471128.9349933,870982.986677157,2133871.9145397446,255.42775390938448,482.58252753203544,41.03658697632688,10.92578282043856,41269.84126984127,0.0,1269.8412698412722,0.0,103375110.97467145,253471128.9349933,868569.0735760638,2133969.1807156987,76031.28687076614,184710.7480871787,7500
40000.0,iir_o2_bw3500,2,3500.0,32.43132071677311,42.159214274331596,63.106801883549856,82.07616534758472,45.95123610270412,60.28851982549273,1.3915982248709484,0.17672467295910232,99373756114.05629,1062167864138.0455,24.031333333333333,24.019554743796473,23.031333333333333,24.019554743796473,-2.1208884016733145,2.5730905591791413,254.89253333333335,93.28864178991542,127.44626666666667,46.64432089495771,113309757.59056987,276612261.49943525,19794.374555181337,56625.59943815612,36997.730171784526,189418.80026444263,38.4333884053848,6.533177410150996,113309757.59056987,276612261.49943525,19685.479622576924,56522.71039585463,46911.64178771084,289495.9928538505,77.1654509493204,13.406222940063397,41269.84126984127,0.0,1269.8412698412722,0.0,113309757.59056987,276612261.49943525,19683.886872001327,56523.252662774394,110.48768318001257,268.8345675753024,7500
40000.0,iir_o1_bw3500,1,3500.0,30.252167014715585,39.31459579297884,60.349096792015686,77.334226652095,42.319000020576254,55.746978773501745,1.455641663716083,0.22194887812207514,3675402687.6399226,225063693316.64,24.5284,21.16959172150359,23.5284,21.169591721503583,-2.243020639969445,2.1405209542905452,247.23146666666668,96.97784962019843,123.61573333333334,48.48892481009921,97747444.68166535,239923196.37504828,604625.994150409,1454503.5000090792,325.79752806564426,626.6651558692758,21.73527062737834,5.449609609934322,97747444.68166535,239923196.37504828,559959.555463398,1380534.9044726726,390.14674421577337,786.7412944949104,44.45021831542797,10.989497606959283,41269.84126984127,0.0,1269.8412698412722,0.0,97747444.68166535,239923196.37504828,558665.6431726223,1380612.0153410404,45960.35097778669,111586.61664406944,7500
40000.0,iir_o8_bw3000,8,3000.0,32.56436526117933,42.35498965649038,62.811337936014866,81.45724616172075,46.38158081335342,60.672352870751155,1.3703074476992478,0.12970252141804978,254820253793.1651,3584569565926.173,25.3376,24.106060922440818,24.3376,24.106060922440818,-2.2690231452716185,2.5584370123879476,256.8638666666667,96.29654963243333,128.43193333333335,48.14827481621666,115759031.94774315,281499921.5114248,1534.1410506983912,3763.571836773362,604656.5598813198,3270759.68935954,49.11931744368608,6.8127206441638615,115759031.94774315,281499921.5114248,1503.4309239920149,3686.4797460365908,808067.8773215391,4806884.7115459535,98.50681592852283,13.932210491207218,41269.84126984127,0.0,1269.8412698412722,0.0,115759031.94774315,281499921.5114248,1503.4271768928597,3686.48127077068,30.713873805531293,79.26547997420975,7500
40000.0,iir_o7_bw3000,7,3000.0,32.52451314927364,42.27865419328478,62.733225580413645,81.26852083188678,46.32524004570766,60.5860024475424,1.3709490174852401,0.13123492539451292,275751056704.637,3703954997187.9067,25.6332,24.307197214093872,24.6332,24.307197214093872,-2.2913394233783153,2.5921170070721464,256.7176,95.65471077473956,128.3588,47.82735538736978,115160667.9581133,279693301.0339748,1558.2500768335326,3838.8141386677544,575014.3778043482,3136550.737979149,49.05043567555219,6.740284809578094,115160667.9581133,279693301.0339748,1527.0187646338081,3759.8856322890874,763923.5412882727,4584074.061889469,98.36561310470654,13.780706629073544,41269.84126984127,0.0,1269.8412698412722,0.0,115160667.9581133,279693301.0339748,1527.0164461777658,3759.886571670528,31.233630655766813,81.04574431670144,7500
40000.0,iir_o6_bw3000,6,3000.0,32.46237548162592,42.189678245978016,62.619280164714695,81.0873067537035,46.2345697526412,60.47588362521625,1.3716664210999752,0.13320316400900542,321522050154.1834,3991048242234.4834,25.9668,24.444561139496326,24.9668,24.444561139496326,-2.314966156959827,2.6258361261054333,256.58866666666665,94.90918030002668,128.29433333333333,47.45459015001334,114538119.94105355,278067663.9680373,1576.7600777503562,3895.2749602498143,548951.777081375,3048552.8429328147,48.97929367266335,6.671938263897511,114538119.94105355,278067663.9680373,1545.126949561649,3815.031290216865,725292.7299100101,4422059.639548391,98.22073698299569,13.638952417267703,41269.84126984127,0.0,1269.8412698412722,0.0,114538119.94105355,278067663.9680373,1545.1262407303527,3815.0315766316853,31.63383702000355,82.36514554268521,7500
40000.0,iir_o5_bw3000,5,3000.0,32.35204534159342,42.055185406027285,62.41439558641377,80.83980280735635,46.08541177668749,60.32247439877835,1.3722107536860195,0.13586382133006875,340805493815.1729,4074417967647.9937,26.241333333333333,24.528940337434722,25.241333333333333,24.528940337434726,-2.336460351836968,2.646962517059605,256.7032,94.00784704729438,128.3516,47.00392352364719,113759876.27744153,276291438.6418675,1588.2183411121684,3923.0396753131254,524826.2963095078,3014865.7098828005,48.89298360880265,6.599140076525366,113759876.27744153,276291438.6418675,1556.317782724724,3842.0368571241856,684268.9567862285,4309799.957693928,98.04311333829506,13.478938755936662,41269.84126984127,0.0,1269.8412698412722,0.0,113759876.27744153,276291438.6418675,1556.3177155289784,3842.0368843467027,31.90062558318991,83.20880871044356,7500
40000.0,iir_o4_bw3000,4,3000.0,32.14707865394127,41.813450130907576,62.01232826030205,80.37985725925496,45.81106290767795,60.01930197302735,1.3721278226443783,0.1397261839772232,356863347621.2951,4091397835558.897,26.5972,24.69284883789559,25.5972,24.692848837895596,-2.363427527351279,2.680951880451262,256.8604,92.88267296594313,128.4302,46.441336482971565,112543646.4880778,273643399.85925114,1588.8041014848377,3877.9599841959407,422718.6047052471,2409137.1557577015,48.69204976887751,6.396144524219887,112543646.4880778,273643399.85925114,1556.734594592593,3796.86753665978,540805.1688051542,3603001.3766190703,97.62342231701328,13.022201826090457,41269.84126984127,0.0,1269.8412698412722,0.0,112543646.4880778,273643399.85925114,1556.734537725686,3796.8675599781136,32.06956375915151,83.68504908196218,7500
40000.0,iir_o3_bw3000,3,3000.0,31.749886384633466,41.33388837190087,61.16681550423128,79.38433973088534,45.29096020418789,59.41052519854367,1.3696143403677952,0.14593671827928778,388156712887.02185,4236340709170.499,27.204533333333334,25.214942763383387,26.204533333333334,25.21494276338338,-2.417658943036947,2.7469557314867457,256.9241333333333,91.76857072908295,128.46206666666666,45.884285364541476,110234922.13686915,268493331.0689444,1596.3616140177496,3600.872152509112,174436.29489839677,608329.5131786894,47.779024226050225,5.546147398788123,110234922.13686915,268493331.0689444,1564.3305656462444,3526.024267710702,226280.21725449446,1012846.7498846902,95.79645437446915,11.377829766222106,41269.84126984127,0.0,1269.8412698412722,0.0,110234922.13686915,268493331.0689444,1564.328104891479,3526.0253584116176,32.0335091262705,83.31919755568175,7500
40000.0,iir_o2_bw3000,2,3000.0,30.905170776611683,40.283626215463734,59.254899191069065,77.12863613489914,44.24057276994468,58.15378395438412,1.3587573608396977,0.15725272524560768,387657565525.4747,4047714490130.7065,28.276133333333334,26.069994943109126,27.276133333333334,26.069994943109137,-2.5214209439412554,2.8487493182970334,255.89786666666666,93.60122574363173,127.94893333333333,46.800612871815865,105068734.19030991,256597950.29652652,6589.05548224591,18964.814728879202,41901.21311942043,78930.26937567552,42.24399911273733,5.711019460492294,105068734.19030991,256597950.29652652,6537.417690353072,18926.157167158995,45592.2037707191,93760.23068742755,84.79702530628535,11.586603903322663,41269.84126984127,0.0,1269.8412698412722,0.0,105068734.19030991,256597950.29652652,6537.389486600071,18926.166899445634,51.66599564583889,130.99551707484653,7500
40000.0,iir_o1_bw3000,1,3000.0,28.75723025691508,37.51217712917102,56.395305603891295,72.73697216451563,40.76903116305233,53.86948774802884,1.4101647077888162,0.19481790437335436,3430337590.477379,210076650446.54398,28.5672,23.919295596935605,27.5672,23.919295596935598,-2.6521480329492735,2.4227431007582148,250.3496,100.27472155273063,125.1748,50.13736077636531,90515160.95587398,222555883.41779786,352872.03612310236,855612.1166465335,545.1031657861143,1169.0150118047993,23.769751328851275,5.5005629482056575,90515160.95587398,222555883.41779786,328105.8635141562,815248.7838827426,655.3179552211823,1519.2113549267788,48.49035845352821,11.113916028902176,41269.84126984127,0.0,1269.8412698412722,0.0,90515160.95587398,222555883.41779786,327409.6879425867,815301.7079803002,25462.34818051562,61791.54587225431,7500
40000.0,iir_o1_bw2500,1,2500.0,26.88546853988754,35.2373358461187,51.67859840038469,67.09876750876349,38.57829532555271,51.05781987958384,1.3642501506152138,0.17636240256015528,23181149996.07904,1003687137161.0042,34.14373333333333,27.11651000302562,33.14373333333333,27.11651000302562,-3.2132653686964203,2.752844073122287,251.45573333333334,103.40359155994155,125.72786666666667,51.70179577997077,81179128.20173813,200194300.35655966,181740.21062190796,445192.7141858933,1044.4523845314857,2795.6949759323215,26.20930046192576,5.605851055515714,81179128.20173813,200194300.35655966,169596.8697131412,425734.1674922259,1275.740541577596,3791.6456573908386,53.35171436426023,11.366294285453181,41269.84126984127,0.0,1269.8412698412722,0.0,81179128.20173813,200194300.35655966,169205.93396088455,425768.5326415679,12534.276661023418,30417.429282093814,7500
40000.0,iir_o2_bw2500,2,2500.0,28.763900872023985,37.64636084085625,53.835319794554174,70.2215935838844,41.71689789571113,55.03875764643632,1.3132802602155358,0.14670162963406086,110474785194.8786,2098352707756.2898,37.546933333333335,30.117869702314852,36.546933333333335,30.117869702314852,-3.53845234587599,3.101157324244886,255.35906666666668,97.79617997057858,127.67953333333334,48.89808998528929,93179563.6161269,228030878.3371238,2547.0913696616944,6201.453547015272,50070.19432177686,65897.25864417695,44.831276935166,4.334490528839036,93179563.6161269,228030878.3371238,2508.14544210569,6149.442659280895,52139.99754915303,70711.84747873477,89.89062917596011,8.720216877367822,41269.84126984127,0.0,1269.8412698412722,0.0,93179563.6161269,228030878.3371238,2508.14544210569,6149.442659280895,38.945927556004385,100.60568501374546,7500
40000.0,iir_o3_bw2500,3,2500.0,29.49639790837595,38.568016928374625,54.948673691868464,71.5661693433173,42.89766995374154,56.59510560705735,1.3049195362001242,0.13735064995405719,275813273509.9846,3587423783095.775,39.492133333333335,30.352963256207453,38.492133333333335,30.352963256207456,-3.7237735029706363,3.152788320741852,255.8136,99.04600919083802,127.9068,49.52300459541901,97356789.32437527,237650205.5233851,1743.710796827903,4382.936051658173,176818.15160254834,735166.4009901352,47.957512040203724,5.190347393777937,97356789.32437527,237650205.5233851,1704.2520345145106,4281.60070857202,205647.73719926667,1029556.0948814603,96.15495690975656,10.55674446528612,41269.84126984127,0.0,1269.8412698412722,0.0,97356789.32437527,237650205.5233851,1704.251956542493,4281.600739464296,39.458840285410126,102.51505021998516,7500
40000.0,iir_o4_bw2500,4,2500.0,29.847703341344126,39.01475683928505,55.408909919394794,72.14975918014707,43.51914293059994,57.45914242875434,1.2979604312246584,0.13408138275266895,337210429838.7147,3962054291586.9683,40.621066666666664,30.6051406272421,39.621066666666664,30.605140627242097,-3.832269638800647,3.1932326096208303,255.13986666666668,101.28772580016114,127.56993333333334,50.64386290008057,99195859.59865145,241912233.2203394,1821.988733663722,4715.037674302848,144119.95450252263,371150.9497078368,48.07249648257914,4.954119225840472,99195859.59865145,241912233.2203394,1781.116260752827,4609.252572382887,151499.09084373014,412822.75067938474,96.36022935528247,9.979112688496077,41269.84126984127,0.0,1269.8412698412722,0.0,99195859.59865145,241912233.2203394,1781.116260752827,4609.252572382887,40.87247291089523,106.35470412328095,7500
40000.0,iir_o5_bw2500,5,2500.0,30.0632961385431,39.30006910163225,55.69505000426247,72.55937013720391,43.90658306880995,58.00475516335313,1.293351073204181,0.13279954132037564,382972088736.6791,4171762279139.2964,41.47186666666666,30.9633973067975,40.47186666666666,30.96339730679748,-3.9134182176449963,3.242025581463484,254.35053333333335,102.9964800193115,127.17526666666667,51.49824000965575,100171589.62034206,244314949.93569317,1864.5809317966873,4861.310898494566,134966.8450491455,337275.5707176134,48.06284264732624,4.825455366333577,100171589.62034206,244314949.93569317,1822.7558269962683,4752.787330914554,140977.72799247334,373218.8477402636,96.33823961611544,9.709300816136697,41269.84126984127,0.0,1269.8412698412722,0.0,100171589.62034206,244314949.93569317,1822.7558269962683,4752.787330914554,41.825104800419176,108.98308681792722,7500
40000.0,iir_o6_bw2500,6,2500.0,30.234602518841353,39.53336482282358,55.96144773307666,72.9835641691562,44.185477783950844,58.40872825881504,1.2907274965957611,0.13225675625040284,497296710704.7314,4746167554614.542,42.236666666666665,31.25801866273116,41.236666666666665,31.258018662731157,-3.9744291742742988,3.3048169694617093,254.05266666666665,103.9820872209116,127.02633333333333,51.9910436104558,100737287.5989054,245867793.02984738,1909.7436275191824,5001.692886240877,128387.84685974829,295363.57628706016,48.02102535389542,4.749325085830759,100737287.5989054,245867793.02984738,1867.0529759769306,4890.691919667278,133665.75202932814,325997.09291748033,96.25239997020795,9.54999630432546,41269.84126984127,0.0,1269.8412698412722,0.0,100737287.5989054,245867793.02984738,1867.0529759769306,4890.691919667278,42.69065154225187,111.40930345568493,7500
40000.0,iir_o7_bw2500,7,2500.0,30.39556161696541,39.749134799178975,56.250736483924,73.45112710004547,44.40080491649911,58.704332380432184,1.289488198882244,0.13180616122490751,519245317568.74915,4839591009551.519,42.852133333333335,31.54114743177656,41.852133333333335,31.54114743177656,-4.033587626545585,3.339280311768304,253.7148,104.97196455596625,126.8574,52.485982277983126,101047410.7524569,246855274.8294351,1965.6966353948656,5166.1840242481485,124748.77818652624,256155.09029984387,47.96905473487145,4.732990514782359,101047410.7524569,246855274.8294351,1922.1029838176405,5052.631380836752,129373.3226689105,272764.0651070118,96.14664732523595,9.512851155006334,41269.84126984127,0.0,1269.8412698412722,0.0,101047410.7524569,246855274.8294351,1922.1029838176405,5052.631380836752,43.59365157722499,113.94578700968016,7500
40000.0,iir_o8_bw2500,8,2500.0,30.56123166918968,39.96136536157434,56.578144850252144,73.96754704147298,44.611055922544956,58.94645549857477,1.288624414775091,0.13131117232755368,618445716163.7429,5265476119780.4795,43.61226666666666,32.01112136608731,42.61226666666666,32.01112136608731,-4.098602486163257,3.412333496686455,253.36946666666665,105.94406030340103,126.68473333333333,52.972030151700515,101174879.59080535,247407794.62927833,2036.662892063787,5365.153724015796,124489.16636894598,242089.27631032479,47.91447377682399,4.781709039427602,101174879.59080535,247407794.62927833,1992.060597134296,5248.821028031692,128858.77316179947,254801.06294756103,96.03627110374906,9.608530045859496,41269.84126984127,0.0,1269.8412698412722,0.0,101174879.59080535,247407794.62927833,1992.060597134296,5248.821028031692,44.60229492949125,116.74374897812702,7500
50000.0,iir_o1_bw7000,1,7000.0,20.113126263824906,23.095890807370584,54.18001540538875,62.48028837438267,19.729356744912586,23.17417758612331,2.868944261296842,0.7658617928801574,1.1096412594046117,0.09572407864073945,6.8996,6.542193302893784,5.8996,6.542193302893786,-0.3263638908909816,0.6844815287010156,234.598,97.00663019010683,117.299,48.503315095053416,30426319.34117066,71311859.27954413,16406272.868559988,38375271.82635708,2.4344185397170057,1.7957137494221351,2.2969664771332474,4.35564094137238,30426319.34117066,71311859.27954413,13324474.415976886,31769919.540833026,3.175116435483457,2.562496967761164,6.514991355500206,9.109539825235046,50793.6507936508,0.0,793.6507936507987,0.0,13171437.192783512,31796414.613944482,30426319.34117066,71311859.27954413,3234835.675776475,7763505.278211171,7500
50000.0,iir_o1_bw6500,1,6500.0,19.272548149800038,22.14359407938417,51.36129554892097,59.20997527569209,19.19093269038658,22.695771424103647,2.809999778041212,0.764999363076382,1.1094157566492298,0.0958452227327951,7.1628,6.765796303955437,6.1628,6.76579630395544,-0.3578506997234533,0.7064646738236422,234.7376,98.30096417048831,117.3688,49.15048208524416,30110811.334971774,70485090.09753548,13251484.993097521,30925698.97308213,2.974008087217211,2.184686334008105,3.1786847286702873,4.338424667249953,30110811.334971774,70485090.09753548,10685528.332371378,25416450.87431974,3.8884160623001347,3.0893185218001453,8.321999729110372,9.064774166448107,50793.6507936508,0.0,793.6507936507987,0.0,10549191.195323175,25438671.9890942,30110811.334971774,70485090.09753548,2702293.7977743475,6468186.116022508,7500
50000.0,iir_o1_bw6000,1,6000.0,18.45720614357085,21.24076196567773,48.50113250825269,55.91012059728817,18.798766054115042,22.410659618159098,2.7211117045588376,0.7500164079317496,1.1089051619518755,0.0963680126142933,7.645066666666667,7.477103490374444,6.645066666666667,7.477103490374444,-0.4139078714265417,0.7765466716520039,234.08066666666667,99.33320712477725,117.04033333333334,49.66660356238862,29715531.351502605,69458503.24877228,10433077.127965352,24289881.578094438,3.7182883588826683,2.721566468494692,4.1604737917603964,4.32147279886607,29715531.351502605,69458503.24877228,8350812.622560925,19811253.024883933,4.875016472582188,3.8184707562058238,10.328951398566605,9.022925136145773,50793.6507936508,0.0,793.6507936507987,0.0,8232763.661176265,19829258.989248,29715531.351502605,69458503.24877228,2200313.466789086,5251963.440484141,7500
50000.0,iir_o1_bw5500,1,5500.0,17.66961172669612,20.38897574964943,45.609141219122584,52.593010848894146,18.58318337712179,22.321833481987447,2.5975822072482164,0.7031701860648125,1.1084927544672203,0.09690155223268306,8.289466666666666,8.290905113229098,7.289466666666667,8.290905113229098,-0.4892697193215667,0.8561793035112447,234.92,101.40366640548429,117.46,50.701833202742144,29218732.955356136,68178954.7628562,7970220.167066759,18509273.342068344,4.7758477519616145,3.484981295348245,5.258733343750606,4.304942442094841,29218732.955356136,68178954.7628562,6331424.204639626,14977946.416467167,6.280491674532826,4.857818368875414,12.56843867745755,8.983663014262287,50793.6507936508,0.0,793.6507936507987,0.0,6232538.211086276,14991966.106556496,29218732.955356136,68178954.7628562,1737681.9559804825,4135653.9804559387,7500
50000.0,iir_o1_bw5000,1,5000.0,16.909567728552712,19.585030269839688,42.69090696651594,49.268876126762514,18.532322532350904,22.395607461295942,2.4410082209067356,0.6251892848031122,1.1067666990560778,0.09787110205117056,9.214533333333334,9.16092963622119,8.214533333333334,9.160929636221192,-0.5962605231304683,0.9405784736937258,235.38106666666667,102.3311621343244,117.69053333333333,51.1655810671622,28591045.90830462,66575278.4632091,5873785.047485482,13604956.120731838,6.331478138882044,4.608712618066336,6.4937472364589635,4.2890041318933685,28591045.90830462,66575278.4632091,4630699.7788447095,10920880.111307256,8.353068343613295,6.390911115824401,15.081068870939628,8.94657244254885,50793.6507936508,0.0,793.6507936507987,0.0,4551025.615181739,10931301.643433064,28591045.90830462,66575278.4632091,1322759.4323037413,3138707.9611379365,7500
50000.0,iir_o2_bw7000,2,7000.0,18.154581625900224,20.949784758222492,45.417624874698966,52.15511949246241,20.367954621452455,24.922302485168498,2.3610773154028815,0.6183408956572608,1.1241195640171584,0.12738355457280431,9.583466666666666,10.525458249013928,8.583466666666666,10.525458249013928,-0.63876402504887,1.0732900088149626,247.8988,119.54225949624423,123.9494,59.771129748122114,32976715.955456737,77587984.64509243,6659116.118502124,14893087.613178171,6.5876062491075595,5.546315261193556,6.633137828117333,4.181997221068216,32976715.955456737,77587984.64509243,5326471.705889482,12238691.053836673,8.646936752271099,7.656844616533476,15.345400144501758,8.65893135539494,50793.6507936508,0.0,793.6507936507987,0.0,5230154.48233195,12247547.912174188,32976715.955456737,77587984.64509243,1428961.636170174,3201535.3280412033,7500
50000.0,iir_o1_bw4500,1,4500.0,16.17257910777389,18.818932127238394,39.74713282826735,45.9425747465925,18.687018592174866,22.776820774027126,2.263834320707603,0.560078219358387,1.1043251031945243,0.0987947719807177,10.436533333333333,10.09281364637873,9.436533333333333,10.09281364637873,-0.7363644355864717,1.0311823325474796,235.80466666666666,102.92310139223156,117.90233333333333,51.46155069611578,27792378.934820622,64551337.011967,4144627.7932739914,9573876.297851503,8.715044813118757,6.331477896461261,7.891012828812505,4.2738517662782405,27792378.934820622,64551337.011967,3243175.767303819,7622855.705618279,11.535465131194202,8.74605473489541,17.916687896090295,8.911609145406215,50793.6507936508,0.0,793.6507936507987,0.0,3181876.591934862,7630198.445327616,27792378.934820622,64551337.011967,962751.2013391292,2277470.432229164,7500
50000.0,iir_o2_bw6500,2,6500.0,17.488457503771304,20.305155270961656,42.10789812922554,48.44711969600522,21.22082010973772,26.249867683908512,2.1046575594075065,0.5312999004074106,1.1190130474232516,0.13008319513988092,11.4356,11.913274505969992,10.4356,11.913274505969992,-0.8516088316716688,1.208902034409903,246.22653333333332,120.3035644068652,123.11326666666666,60.1517822034326,32869861.200504575,77278669.10820015,4182114.0666212533,9279737.180107148,10.582961907027203,9.30928415520057,8.664037977976294,4.185072783143763,32869861.200504575,77278669.10820015,3299887.7377487547,7523612.7297741575,14.075972459757237,13.19594386494814,19.509823564648816,8.662119657202437,50793.6507936508,0.0,793.6507936507987,0.0,3228877.2547546574,7528151.961423033,32869861.200504575,77278669.10820015,953236.8118665959,2117772.769419875,7500
50000.0,iir_o1_bw4000,1,4000.0,15.447644021889168,18.071416606045197,36.774492015862286,42.60888018017196,18.904577200243377,23.239615263512924,2.080123697047503,0.5054962532189574,1.100152042371772,0.09964878892977422,12.568133333333334,11.657158448551447,11.568133333333334,11.657158448551447,-0.9700832562098891,1.1860556822994908,236.2024,102.98482647541432,118.1012,51.49241323770716,26767507.86201377,61976405.844926015,2772169.4746698816,6385900.630332725,12.549648084402609,9.104114577365975,9.483238995172103,4.259735345496837,26767507.86201377,61976405.844926015,2153914.462844731,5043871.710353648,16.664780201206003,12.546855185875325,21.13946744944413,8.879156149647496,50793.6507936508,0.0,793.6507936507987,0.0,2109305.2982954453,5048734.277010013,26767507.86201377,61976405.844926015,662864.1763744367,1563221.779082013,7500
50000.0,iir_o3_bw7000,3,7000.0,17.455547324274836,20.298100531983877,40.54286181077765,46.44336565078875,22.317549388111082,27.602469225436042,1.9052096408318417,0.4639676783578523,1.1249573166533804,0.1528259473024517,13.339333333333334,14.110802062729674,12.339333333333334,14.110802062729674,-1.0643626638157164,1.4244601994532362,250.39946666666665,131.93135138110983,125.19973333333333,65.96567569055492,33343437.408248827,78531472.88332257,3229413.068590071,6871639.735148542,15.711335418536455,20.495796096316734,10.008577602574539,4.279711460735889,33343437.408248827,78531472.88332257,2605586.9612680436,5751603.604376204,21.537786049499655,32.66933676226816,22.230169704976408,8.86217238276433,50793.6507936508,0.0,793.6507936507987,0.0,2553434.321796889,5752994.711136908,33343437.408248827,78531472.88332257,675978.7467931822,1412704.9167589329,7500
50000.0,iir_o2_bw6000,2,6000.0,16.96158619061706,19.815720124523047,39.15967132106545,45.21787845745373,22.041113725367172,27.384517124323377,1.8870181948398597,0.47734569974782837,1.1112940262447726,0.12818368255568194,13.5336,13.51623824144475,12.5336,13.51623824144475,-1.0884910264447747,1.3655177528302536,243.36346666666665,118.97886039634002,121.68173333333333,59.48943019817001,32713533.68126272,76837536.49082857,2465432.467886923,5427714.410607722,18.171027710785967,16.700591634194648,10.971793747061275,4.2019932700615,32713533.68126272,76837536.49082857,1917700.6914363217,4335861.188104406,24.570828333611534,24.56251850119863,24.23695088582665,8.702521365750599,50793.6507936508,0.0,793.6507936507987,0.0,1868672.3355903034,4337519.617588901,32713533.68126272,76837536.49082857,596760.1322966192,1315139.2692298016,7500
50000.0,iir_o1_bw3500,1,3500.0,14.714162904711188,17.310728913394954,33.7572240552906,39.24357420603495,18.933350930655248,23.29591238265947,1.9061606801413116,0.45945515848326823,1.0942577273797713,0.09985075615365564,15.252933333333333,13.568725293963196,14.252933333333333,13.568725293963196,-1.260119036518947,1.3771190196415515,235.85026666666667,102.78590551357324,117.92513333333333,51.39295275678662,25439928.40826364,58672317.14219754,1733558.8382661073,3982344.5323412316,19.095392940683798,13.839289679575629,11.313498056569749,4.247053285028703,25439928.40826364,58672317.14219754,1338427.3733937754,3121319.701626311,25.435660408423203,19.060882576940074,24.83448960020196,8.85016760105659,50793.6507936508,0.0,793.6507936507987,0.0,1308114.0253696176,3124315.1944715767,25439928.40826364,58672317.14219754,425444.8128964896,1000239.0043419783,7500
50000.0,iir_o2_bw5500,2,5500.0,16.54819021599304,19.441012793981322,36.61217583805673,42.488512872870594,22.469037185547982,27.552636676891645,1.7195297260289466,0.4050724798757394,1.1014133809297482,0.12666373022313387,15.863733333333334,15.820716505213065,14.863733333333334,15.820716505213063,-1.3445219479368153,1.5939015062460802,239.5696,115.79556426824213,119.7848,57.897782134121066,32482328.65985722,76197422.96373785,1352136.6681311354,2953290.615871923,33.59402877260449,32.00602923289032,13.591854939239816,4.231947718205764,32482328.65985722,76197422.96373785,1036675.9986545739,2321622.0833616043,46.2208898668392,48.69160034685309,29.58777001391781,8.773644860699557,50793.6507936508,0.0,793.6507936507987,0.0,1005190.6971725371,2321721.023096213,32482328.65985722,76197422.96373785,346945.97095859813,758853.6894080339,7500
50000.0,iir_o4_bw7000,4,7000.0,17.191448162781892,20.07282418060284,38.06693853615694,43.71117117987168,23.433730753084326,28.9507568509866,1.679832802251096,0.36769892430775886,1.1213241981087299,0.1607635392455328,16.003333333333334,16.118050784664838,15.003333333333334,16.118050784664838,-1.3604330442449724,1.6178224106138035,246.67133333333334,136.46996978056816,123.33566666666667,68.23498489028408,33417541.734295815,78721633.48714954,1938612.9965390463,3998556.5626304466,33.96752811288471,60.46468100079408,12.546675177094432,4.682164936486601,33417541.734295815,78721633.48714954,1599370.8445651613,3443921.8357796185,44.42482180058198,73.61633485332399,27.29790371165895,9.582804980493318,50793.6507936508,0.0,793.6507936507987,0.0,1574139.5869452823,3444654.9190338734,33417541.734295815,78721633.48714954,364473.4095937639,729314.5516974928,7500
50000.0,iir_o3_bw6500,3,6500.0,16.965915729869277,19.854822534134367,37.49001408245723,43.2228981064349,23.289394405636102,28.63442356400805,1.6802422099669736,0.38237232085876605,1.1056276016478084,0.14842597281290532,16.519066666666667,16.68945699712458,15.519066666666667,16.68945699712458,-1.4148195155799204,1.6780734117821885,245.34746666666666,130.2261823958342,122.67373333333333,65.1130911979171,33313691.117846843,78426764.11552972,1625537.4324385752,3429115.5614127903,34.35366583007267,50.572463146480914,13.126157662041065,4.444587525501504,33313691.117846843,78426764.11552972,1295983.4493984797,2836571.9939188063,46.83193543940314,70.90813529460438,28.598841143510757,9.1465932639761,50793.6507936508,0.0,793.6507936507987,0.0,1263483.2946865067,2836241.4584663594,33313691.117846843,78426764.11552972,362054.13775206864,748943.8783262772,7500
50000.0,iir_o5_bw7000,5,7000.0,17.073605616152545,19.977793360417497,36.74645933472322,42.28805061307589,23.966200712701276,29.334411945167652,1.5741161612947234,0.33021245485754724,1.115336486909895,0.17614801789289306,18.078666666666667,16.728018066525806,17.078666666666667,16.728018066525806,-1.5842199369407841,1.6769806432317196,241.8728,137.30211968418155,120.9364,68.65105984209077,33435737.277867146,78763749.21871242,1384427.529685039,2820063.2467424404,63.71752308641712,125.50498407937845,14.361977581719003,5.20049093931367,33435737.277867146,78763749.21871242,1168440.7404614296,2491350.0791049353,90.55949945193433,190.76590266121917,30.910380749945364,10.8748725259804,50793.6507936508,0.0,793.6507936507987,0.0,1159378.691478931,2493170.704137004,33435737.277867146,78763749.21871242,225048.83820610776,444698.92383245815,7500
50000.0,iir_o1_bw3000,1,3000.0,13.937439232312132,16.48802970018318,30.659205992373767,35.79352595955503,18.691150827473056,22.91604324750184,1.7458297475971984,0.4111703914160236,1.0903055085118234,0.09947571259943025,18.455866666666665,15.339516257586409,17.455866666666665,15.33951625758641,-1.6016264958532924,1.5522561333780902,235.30306666666667,102.39856483079318,117.65153333333333,51.19928241539659,23703778.46916687,54397673.086820275,993762.8560234273,2276727.4532899554,31.124667911513896,22.55451526561459,13.440494229357125,4.236603134624343,23703778.46916687,54397673.086820275,763412.5529901328,1772058.1946831802,41.57453247764317,31.114839209240444,29.116215901419906,8.8267194205436,50793.6507936508,0.0,793.6507936507987,0.0,744504.7087712302,1773758.0155192858,23703778.46916687,54397673.086820275,249258.14725219723,584252.5440116945,7500
50000.0,iir_o8_bw4500,8,4500.0,16.308962232451837,19.288837428762555,34.173862076860985,40.127701753971884,21.24868401268543,25.96337889315732,1.6831687273939313,0.30077654998253567,17431483426.08148,1096927750328.7804,19.5204,22.38681471543191,18.5204,22.38681471543191,-1.6544534695269772,2.307984352870564,222.97453333333334,71.910009674461,111.48726666666667,35.9550048372305,33372322.126665052,78550892.1795579,11360.541257986712,23930.941300597846,5706.391701181821,8361.680980971163,34.78681886351352,4.951243058679103,33372322.126665052,78550892.1795579,10503.320827341064,22633.500933976484,6640.661143561378,9210.683126823427,70.82379941019782,10.171691831520834,50793.6507936508,0.0,793.6507936507987,0.0,10460.66062745162,22649.978086036062,33372322.126665052,78550892.1795579,899.8806305350911,2195.0969667965924,7500
50000.0,iir_o8_bw5000,8,5000.0,16.37406694140266,19.33863964415244,34.248968547718455,40.13860872641276,21.3412830997153,26.165558870132894,1.6951586602958593,0.3384867780188575,21138669512.173878,1109324992636.9392,19.669733333333333,22.72287909780552,18.669733333333333,22.72287909780552,-1.671415881520171,2.3483513707216206,222.70813333333334,77.00820767330866,111.35406666666667,38.50410383665433,33468089.926189233,78823409.91501865,16533.977145561534,36433.24459154189,3119.0674491019427,4803.459206591462,32.53818888173377,4.597964368770907,33468089.926189233,78823409.91501865,15391.16953862276,34293.94565942781,3668.003765740117,5539.166073692865,66.13158809002904,9.622598114178567,50793.6507936508,0.0,793.6507936507987,0.0,15368.133180696715,34301.780278904436,33468089.926189233,78823409.91501865,1165.8439648648168,2859.436370232831,7500
50000.0,iir_o7_bw4500,7,4500.0,16.29466140694298,19.27557913059079,34.06668285403806,40.0094570461495,21.298744933565274,26.019092942806253,1.6736941205863998,0.2977427752547669,15785462780.117249,1088291078096.4542,19.6956,22.520791107573224,18.6956,22.520791107573224,-1.6773237250249258,2.3169020546198267,222.93386666666666,72.0469069006765,111.46693333333333,36.02345345033825,33337821.733800277,78439661.76103841,10977.376778881366,23027.706096463025,6106.666734587195,12438.170368663401,34.84698718571728,4.925843483319126,33337821.733800277,78439661.76103841,10102.273364937571,21659.014650669014,7070.085612390598,13158.933610076148,70.98330257128225,10.12643195445653,50793.6507936508,0.0,793.6507936507987,0.0,10054.717030844355,21676.9348871009,33337821.733800277,78439661.76103841,922.6597480370103,2238.0364501352237,7500
50000.0,iir_o7_bw5000,7,5000.0,16.366367950673578,19.33312968590913,34.12069941389402,39.995755991851766,21.42802917746362,26.260897950300553,1.6803413215552039,0.33173806370050696,22302248872.112617,1109728033033.055,19.886266666666668,22.862273637363195,18.886266666666668,22.862273637363195,-1.6953739538605546,2.362574873108093,222.82026666666667,77.65031641155134,111.41013333333333,38.82515820577567,33449213.573259864,78767852.27839981,16237.344856390322,37730.908608278354,3176.264596019148,4536.923754872548,32.67792129185631,4.62145609035593,33449213.573259864,78767852.27839981,15020.690865189737,35584.23318183322,3833.0080422852857,5566.155187571647,66.53731757802629,9.74713580181289,50793.6507936508,0.0,793.6507936507987,0.0,14969.904497488742,35600.09507689861,33449213.573259864,78767852.27839981,1267.4403589015799,2993.3356316193385,7500
50000.0,iir_o6_bw4500,6,4500.0,16.273657570788924,19.25623692597626,33.90136581157614,39.8265821334583,21.373179284648327,26.102055603590067,1.6591614998258866,0.2929729286837236,4981211924.147644,178846476725.5272,20.018666666666668,22.73183999948513,19.018666666666668,22.73183999948513,-1.7151541488224638,2.3364667791854994,222.96413333333334,72.53297584267095,111.48206666666667,36.266487921335475,33282814.83488649,78272072.47616383,10517.249571177552,22263.216114778952,10440.86785663414,71818.1338990313,34.98270761342722,5.069023385568172,33282814.83488649,78272072.47616383,9613.710575980718,20814.07273638059,12783.1573342028,91662.62641465507,71.33987379055125,10.492264381171427,50793.6507936508,0.0,793.6507936507987,0.0,9552.211559061529,20835.700622756573,33282814.83488649,78272072.47616383,965.0380121160229,2304.1186490642594,7500
50000.0,iir_o6_bw5000,6,5000.0,16.354682036414726,19.324204928964637,33.92293714365746,39.774835627318666,21.550258881382568,26.39174573629148,1.6584570728654509,0.32152127470781133,21201698724.74385,1098980256359.6732,20.192666666666668,22.946991556158732,19.192666666666668,22.946991556158732,-1.733462980387615,2.3665403738109063,223.03893333333335,78.63701114275058,111.51946666666667,39.318505571375304,33418170.63331976,78675262.13828643,16261.298383716134,40476.49704049323,3300.349832021185,4419.281771874521,32.82114665247203,4.685082821452078,33418170.63331976,78675262.13828643,14880.865127014002,38355.325906643106,4351.817180898982,6691.106179300225,67.1167400558988,10.13444559405638,50793.6507936508,0.0,793.6507936507987,0.0,14750.565200112194,38384.038919637016,33418170.63331976,78675262.13828643,1510.7331836039405,3358.1029391305797,7500
50000.0,iir_o2_bw5000,2,5000.0,16.211080492971078,19.13412364077037,34.489873759269045,40.26190469720039,22.415988003413567,27.236905326661695,1.606037402883846,0.31874275066757146,1.0972333515668349,0.1852408315866453,19.698266666666665,19.024763227900422,18.698266666666665,19.024763227900422,-1.7442460741964512,1.9126991765288943,233.22893333333334,110.60988893041798,116.61446666666667,55.30494446520899,32136135.288520854,75253114.39147696,682868.7733641802,1479489.5805436193,67.39883733995187,65.60326082403726,16.563090640862196,4.272399796584636,32136135.288520854,75253114.39147696,517384.0162109779,1144381.0872463963,93.8928288840426,101.01891942972215,35.62035622138769,8.853360509853088,50793.6507936508,0.0,793.6507936507987,0.0,497881.44941724784,1143093.231177853,32136135.288520854,75253114.39147696,184987.32394693248,401831.29949836695,7500
50000.0,iir_o3_bw6000,3,6000.0,16.637459288158055,19.565358779570843,35.126475141188806,40.77757321175746,23.43065258414889,28.47619550364229,1.5590623081169075,0.31419120780847665,1.1156176662325272,0.2661264496989725,19.830666666666666,19.659621723702234,18.830666666666666,19.659621723702234,-1.7625957985600487,1.9740623247212514,240.46986666666666,123.9461769450197,120.23493333333333,61.97308847250985,33257905.778302692,78252272.41463524,736655.981546168,1542709.546386229,85.01428464932702,134.30968184417938,16.727291497665053,4.6643107365521255,33257905.778302692,78252272.41463524,580344.5762920511,1258831.6507021945,117.07226703527316,189.04160540102646,35.915151039695374,9.562434666630685,50793.6507936508,0.0,793.6507936507987,0.0,561666.7657866118,1257935.0080958765,33257905.778302692,78252272.41463524,174989.21575955616,359125.8655488018,7500
50000.0,iir_o5_bw4500,5,4500.0,16.24077401162858,19.225642414138562,33.62832333443002,39.52462641009327,21.487252947203075,26.227329017009623,1.6355288040394427,0.2846741882590674,6436068874.4513645,200995000768.64023,20.59026666666667,22.985816604250058,19.59026666666667,22.985816604250058,-1.780330704960674,2.361319772721851,223.19813333333335,73.34855743616205,111.59906666666667,36.67427871808103,33189266.438978754,77997586.32460451,10161.82147127777,22531.40336656963,6940.010819796935,22310.503634025376,35.024269967643086,4.785897872211732,33189266.438978754,77997586.32460451,9212.3219429625,21013.43716393469,9115.679388657387,33771.374111078345,71.60818013435976,10.114911568356188,50793.6507936508,0.0,793.6507936507987,0.0,9060.56888166914,21040.028371254044,33189266.438978754,77997586.32460451,1101.2525896086293,2517.2633776191333,7500
50000.0,iir_o6_bw7000,6,7000.0,17.013265867355916,19.931050638796382,35.987017904097634,41.46937971675199,24.27764249311553,29.55577193099468,1.5194196875328312,0.3121359853573052,1.113603883816983,0.1923944409100745,19.992266666666666,17.69880146239615,18.992266666666666,17.69880146239615,-1.7843605119130244,1.7724661579100283,240.818,137.40405352775014,120.409,68.70202676387507,33440569.828282576,78770981.41109836,1113967.7789504884,2263359.24442051,108.20076763821415,265.6408140442625,15.596510232146734,5.653124214083906,33440569.828282576,78770981.41109836,962395.7841955211,2040968.9776609445,150.40239079283901,369.4920298119781,33.219470405556635,11.800956815121424,50793.6507936508,0.0,793.6507936507987,0.0,958040.9021257835,2042226.3581809707,33440569.828282576,78770981.41109836,155926.87682470484,309723.10545463546,7500
50000.0,iir_o5_bw5000,5,5000.0,16.336172623099873,19.308932512244624,33.603974029335824,39.41662374503641,21.727687641293873,26.575463328193226,1.6249157355572637,0.3054109059916541,18320687930.437756,1077664454814.2128,20.8384,23.111083237178367,19.8384,23.111083237178367,-1.8102406286980857,2.374003692077517,223.8092,80.38806893797735,111.9046,40.194034468988676,33361932.05627387,78509180.97029886,18227.34698204023,47334.61491956721,3248.7947023323927,4625.742370162891,32.64759772480208,4.7906135440522055,33361932.05627387,78509180.97029886,16608.430576831204,44900.52171124861,4261.185104483866,5877.789736097774,67.06046680349678,10.281421434294803,50793.6507936508,0.0,793.6507936507987,0.0,15891.149147655033,44979.215086662196,33361932.05627387,78509180.97029886,2336.1978343851997,4908.525574442709,7500
50000.0,iir_o8_bw5500,8,5500.0,16.40845449309329,19.371750295301638,33.82771482319627,39.61641392042049,21.855871785423997,26.819391638484763,1.640883049255932,0.33248195769196426,33194017933.31461,1144587512695.7505,21.0628,24.112953242919325,20.0628,24.112953242919325,-1.825433144742384,2.4925021159658662,221.20693333333332,88.85758831633778,110.60346666666666,44.42879415816889,33478016.331781115,78850693.75793491,28425.012781200643,86277.19083613853,2575.48429024352,3742.0264506820126,31.050870510041314,5.410066589687096,33478016.331781115,78850693.75793491,26513.39316830223,83166.51368536326,3685.4881580493857,6366.540932411282,63.77341888715145,11.90372687785895,50793.6507936508,0.0,793.6507936507987,0.0,26138.194560487114,83225.45338201876,33478016.331781115,78850693.75793491,2286.8182207135287,4918.853478641138,7500
50000.0,iir_o4_bw6500,4,6500.0,16.78699071624624,19.70995793061807,35.337644295106095,40.88910009246899,23.971463718111515,29.183876298123142,1.5267929525840915,0.3196034713243283,675849677.2362629,58530298866.59607,20.595066666666668,19.7878642170294,19.595066666666668,19.7878642170294,-1.8439477409529312,1.9876839142146423,239.5752,130.71967881520595,119.7876,65.35983940760298,33414424.370720495,78690994.93422547,826574.0387243902,1703253.798860792,102.90568738620077,200.05910397689675,16.578366428385827,5.157489660178313,33414424.370720495,78690994.93422547,679613.7304961313,1461702.305396445,141.67347221714164,284.520088557452,35.47351608034898,10.602408423497222,50793.6507936508,0.0,793.6507936507987,0.0,665466.208975336,1461590.3495192192,33414424.370720495,78690994.93422547,161107.829749054,321441.1476955723,7500
50000.0,iir_o7_bw5500,7,5500.0,16.407364238185107,19.371779680916177,33.67861403758223,39.43967109798045,21.960053582405884,26.92514120354925,1.622712897364253,0.3222783296108974,37773455439.368324,1165692319510.2212,21.390933333333333,24.080237100952118,20.390933333333333,24.080237100952118,-1.8586103152562312,2.492341203802461,222.40573333333333,89.81197436437671,111.20286666666667,44.905987182188355,33470427.53977312,78826944.65466323,30504.092365921853,91284.83907949549,2396.2757578428823,3044.1687092243606,30.882959046879925,5.380238510427097,33470427.53977312,78826944.65466323,28499.574337128124,88119.67561510678,3316.497262510982,4690.903291609298,63.51534700632396,11.738507327741909,50793.6507936508,0.0,793.6507936507987,0.0,27688.233329352955,88254.28838891227,33470427.53977312,78826944.65466323,2815.8590365689006,5791.365154206477,7500
50000.0,iir_o8_bw4000,8,4000.0,16.147928902304024,19.147063230675084,33.437839379219525,39.416498395453104,21.465363172239286,26.08542423152303,1.6118181337009752,0.24007161140083255,3191277923.897439,141818093857.86658,21.483066666666666,23.90420956150169,20.483066666666666,23.904209561501688,-1.8840179393311933,2.437211482046434,222.8,70.41894141712191,111.4,35.20947070856096,33057419.117992964,77555957.10855393,6345.297352504268,13662.589892966524,16542.156445190838,39956.760774199276,37.72392582983389,5.544301931655379,33057419.117992964,77555957.10855393,5639.996246497948,12579.07356483774,21515.683187094237,58476.29466679933,77.3263276877157,11.369374108018558,50793.6507936508,0.0,793.6507936507987,0.0,5522.934153509174,12597.309300263634,33057419.117992964,77555957.10855393,822.3631989950934,1974.977701641972,7500
50000.0,iir_o7_bw4000,7,4000.0,16.12996681218211,19.131442275471525,33.35301672530068,39.32638613136836,21.476421421048528,26.104490406761983,1.6074860326161957,0.23999635550730117,2795426397.8097205,125281881507.75734,21.6636,23.99667227785386,20.6636,23.996672277853857,-1.9033125645972435,2.4461765498141923,222.73546666666667,70.52537793333622,111.36773333333333,35.26268896666811,32996966.922119703,77399990.47351074,6324.357365863705,13619.640562494738,14965.566108377798,31196.478097183783,37.677426419491425,5.433850497674657,32996966.922119703,77399990.47351074,5621.814054417613,12502.98493889052,19092.30413771037,42691.81269540064,77.21480500059184,11.13703916362377,50793.6507936508,0.0,793.6507936507987,0.0,5501.514267298761,12521.85043283939,32996966.922119703,77399990.47351074,822.8430985649428,1979.1049510508903,7500
50000.0,iir_o7_bw7000,7,7000.0,16.979216867418057,19.905403852836905,35.53537860957007,40.99440251052234,24.465927045085902,29.698944323964618,1.4888107075163313,0.3000338014722693,1.11432020013419,0.20072497971542566,21.170933333333334,18.47642909907617,20.170933333333334,18.476429099076174,-1.9068858844293544,1.8505271137945074,240.9428,136.16117524308876,120.4714,68.08058762154438,33441779.989832256,78769538.85290247,966944.7129842088,1968950.9770025357,142.58121425503705,374.72157830430655,16.34959880863033,5.8112042350170565,33441779.989832256,78769538.85290247,851207.4953053234,1803760.2174968119,192.75850603981584,530.4346391550786,34.54039649617923,12.054779619536703,50793.6507936508,0.0,793.6507936507987,0.0,848758.3370369317,1804489.9117923975,33441779.989832256,78769538.85290247,118186.37594727725,237286.50406180735,7500
50000.0,iir_o6_bw5500,6,5500.0,16.406093764163945,19.371705914714628,33.46446670028318,39.182390217197394,22.10424823835043,27.06935865129702,1.597268790883776,0.3085150634618983,35827823691.94297,1152953551973.6301,21.949333333333332,24.274661702736985,20.949333333333332,24.274661702736985,-1.9198050315992483,2.507439441751179,224.22773333333333,91.39391655863507,112.11386666666667,45.696958279317535,33455645.067556128,78782859.35484459,35696.15217486043,100675.00275958191,2008.2918034553436,2602.8410171777728,30.268669324405163,5.2189418947836,33455645.067556128,78782859.35484459,33055.47898260385,96877.76788289261,2707.498018454684,3677.578217403644,62.35847026230784,11.23395733100837,50793.6507936508,0.0,793.6507936507987,0.0,31606.476275107587,97097.70820200442,33455645.067556128,78782859.35484459,4089.6758997528386,8294.519795168211,7500
50000.0,iir_o4_bw4500,4,4500.0,16.185187217781632,19.172041155279857,33.142588234280275,38.98740246509657,21.665427643990284,26.419825311019185,1.5948572384818365,0.26931929724181924,5399297859.258743,180415778930.09375,21.856133333333332,23.530625315942146,20.856133333333332,23.530625315942146,-1.9232299039305003,2.4080503671448437,224.56226666666666,75.69687438572221,112.28113333333333,37.848437192861105,33013830.25128842,77500033.31374495,11922.27496364973,28390.113798211292,4662.012105529148,6297.493780500992,34.4633275348186,4.549241484143407,33013830.25128842,77500033.31374495,10565.498862591576,26337.445559372933,6080.850148250844,7796.389635476772,70.83478178388928,9.661535375689951,50793.6507936508,0.0,793.6507936507987,0.0,9976.277800739454,26368.4515097664,33013830.25128842,77500033.31374495,1945.9971629102772,4135.233790634182,7500
50000.0,iir_o6_bw4000,6,4000.0,16.102903222323068,19.105842546744373,33.22314385189798,39.183144923835975,21.49493268561193,26.13216003451355,1.600516663937216,0.23948761171671945,4209257977.6269436,152214861641.14685,21.8964,24.051708151300435,20.8964,24.051708151300428,-1.9276505162801352,2.45420173557882,222.73586666666668,70.73314633640753,111.36793333333334,35.366573168203765,32909051.897831842,77156460.13564563,6285.602606428306,13527.501698160688,13266.001046786341,24392.65041060056,37.60064898062483,5.261806953272644,32909051.897831842,77156460.13564563,5588.303327439248,12372.166061821139,16970.451533508287,33607.131363027074,77.04367915446502,10.820682124244396,50793.6507936508,0.0,793.6507936507987,0.0,5462.04441359746,12391.770711368341,32909051.897831842,77156460.13564563,823.558192830846,1980.6300784900345,7500
50000.0,iir_o5_bw4000,5,4000.0,16.059783940868634,19.06281095257596,33.008075831665096,38.94174665931086,21.527428237814235,26.175072489824952,1.5883284794772077,0.23789220482281834,3065620750.074246,134834538393.21976,22.28226666666667,24.127338767306114,21.28226666666667,24.127338767306117,-1.9700007922364255,2.459374978373166,222.81293333333332,71.08373601417068,111.40646666666666,35.54186800708534,32769136.8073012,76763686.66453569,6206.625499492287,13446.422005507518,11703.895434373357,20895.66193996663,37.48884896602087,5.001117372220083,32769136.8073012,76763686.66453569,5525.609118333592,12255.992679114428,14669.714414695522,26851.079180739034,76.76349184358405,10.30987899075058,50793.6507936508,0.0,793.6507936507987,0.0,5377.698617005869,12276.567679330648,32769136.8073012,76763686.66453569,828.926882486419,1978.4792939529086,7500
50000.0,iir_o4_bw5000,4,5000.0,16.30536034212264,19.28086738000026,33.08107598523024,38.82172258986852,21.984257541245825,26.82955347096916,1.5731583217026035,0.2794754569433438,8385089003.644976,249166701454.5687,22.470533333333332,23.657720869724308,21.470533333333332,23.657720869724308,-1.9839601961449465,2.4275445632312356,225.24426666666668,86.79371071814418,112.62213333333334,43.39685535907209,33246892.579062544,78178999.81706081,30520.09159471511,71385.90520983985,2225.088680337647,4377.662373430756,30.774012334072427,4.866617424507668,33246892.579062544,78178999.81706081,26235.096779575782,64779.891331247236,3004.789132424083,6670.568466031981,63.5900500570916,10.101816083912503,50793.6507936508,0.0,793.6507936507987,0.0,24382.556794121105,64728.90361917449,33246892.579062544,78178999.81706081,6137.534800594001,12535.958729735345,7500
50000.0,iir_o8_bw7000,8,7000.0,16.958530981009577,19.890076472188056,35.25658813124906,40.71198800653213,24.58302829643633,29.805513085215004,1.4709144616788594,0.29235779651466376,1.1154023102037716,0.22609604114545886,21.994266666666668,19.172460585299785,20.994266666666668,19.17246058529979,-1.992160383606558,1.9210428252856564,241.07746666666668,135.93864170091547,120.53873333333334,67.96932085045773,33441961.576006655,78766310.70071885,879516.485785522,1798739.5488564065,151.37866781758746,451.6988984179236,16.770329733507026,5.706863102917498,33441961.576006655,78766310.70071885,784850.9928117589,1667623.2697167248,205.23695209633507,640.4190943051398,35.27691095049163,11.876471058808102,50793.6507936508,0.0,793.6507936507987,0.0,783702.2722841201,1667981.5733254382,33441961.576006655,78766310.70071885,95814.21350140208,194388.06381248136,7500
50000.0,iir_o5_bw5500,5,5500.0,16.404805214569507,19.371332525447308,33.160178499070504,38.80127638025691,22.30617736579416,27.263844610890672,1.5619945087450477,0.2903868294383747,39157130888.42326,1153933169548.118,23.0648,24.875249506924327,22.0648,24.875249506924327,-2.03154507984227,2.5741972619660776,226.2428,95.8279053641797,113.1214,47.91395268208985,33424670.374702614,78693218.72463326,50195.46345164926,124197.20346835168,1398.944514797503,2296.436429150563,28.79845180984971,5.003759290001848,33424670.374702614,78693218.72463326,44939.91637160368,116641.43226018804,1841.6224763893374,3168.4776498074566,59.487079335582806,10.472804801043463,50793.6507936508,0.0,793.6507936507987,0.0,42426.89656722919,116843.52450232608,33424670.374702614,78693218.72463326,7768.566884420069,15808.412549557883,7500
50000.0,iir_o8_bw6000,8,6000.0,16.47113598887277,19.435865200599714,33.17445998200565,38.75540113405932,22.806907076041565,27.93712664219427,1.537499398223356,0.2961206206992638,105383212333.68565,1417213958234.0789,23.2972,24.103187907736196,22.2972,24.103187907736196,-2.0326270270843296,2.5649157600056576,228.85253333333333,102.33849850383318,114.42626666666666,51.16924925191659,33469656.815262787,78811518.37945387,83419.7082857503,222334.87243608653,951.3540482318652,1483.7748176879397,26.84087755950168,5.251699841024309,33469656.815262787,78811518.37945387,77523.27806309282,215705.458245087,1292.2536334418967,1973.974232178809,55.47194171430215,11.409976737336496,50793.6507936508,0.0,793.6507936507987,0.0,76060.1808537385,216012.98341630233,33469656.815262787,78811518.37945387,7359.527432011789,14424.28794852517,7500
50000.0,iir_o7_bw6000,7,6000.0,16.47783902151931,19.441513311343623,33.08936600515424,38.639367330765204,22.911179631008874,28.024587786656188,1.5222231256279928,0.2876874027983168,101253541101.75632,1015640968955.6213,23.576666666666668,24.66980209568532,22.576666666666668,24.66980209568532,-2.058247692486175,2.6265242664469253,231.5008,104.07061428854163,115.7504,52.03530714427082,33466706.25336217,78806452.24609941,95717.21978874796,239997.22856710973,773.7528094286972,1114.2348931481285,26.16753011573737,5.078309522527503,33466706.25336217,78806452.24609941,87639.7727911932,231054.6848899974,1033.9643974610476,1458.2504275869862,54.1635914252325,10.929962857171915,50793.6507936508,0.0,793.6507936507987,0.0,85900.87975078162,231410.85982388127,33466706.25336217,78806452.24609941,9816.34003796634,19627.758294098177,7500
50000.0,iir_o4_bw4000,4,4000.0,15.986338793207622,18.98671564254226,32.61622342552564,38.50051615157569,21.586493506716867,26.2448381447776,1.564789917567872,0.23254284148831203,723504209.1009715,62657302352.15892,23.118133333333333,24.435467189922825,22.118133333333333,24.435467189922825,-2.0620466253522327,2.48519972928583,223.19773333333333,72.03538469216777,111.59886666666667,36.017692346083884,32522247.925609767,76085961.17261614,6355.534867265871,14455.647224198834,8355.174033246802,8870.001093517527,37.14525769350095,4.425946568005821,32522247.925609767,76085961.17261614,5672.025265318861,13227.428180666855,10976.359897402623,12689.584126256681,76.1133294420502,9.423773157208432,50793.6507936508,0.0,793.6507936507987,0.0,5416.117213728259,13249.927627685736,32522247.925609767,76085961.17261614,939.4176535376125,2145.506860731195,7500
50000.0,iir_o5_bw6500,5,6500.0,16.70909845167741,19.648244315761257,34.2860297154809,39.745715611124865,24.118142979952673,29.25649437277097,1.4712000575439792,0.2893463444148441,776217985.4308641,67222449328.43807,23.115466666666666,21.275139286401323,22.115466666666666,21.275139286401323,-2.1041523154998893,2.1381028158764432,237.95026666666666,128.38488754720711,118.97513333333333,64.19244377360356,33442930.898452323,78761168.03005074,528507.2173966084,1089790.3716853496,240.34721886178502,581.0823964915596,18.925233155162612,5.756064725269485,33442930.898452323,78761168.03005074,449209.39443806576,970427.6331863342,336.0338794490165,830.8892294122818,40.05694026819282,11.964361236738709,50793.6507936508,0.0,793.6507936507987,0.0,443418.82166551455,970960.4435597148,33442930.898452323,78761168.03005074,85088.3957310938,169545.2088908033,7500
50000.0,iir_o6_bw6000,6,6000.0,16.488699249667977,19.450599799024825,33.03392751582584,38.55528157734291,23.051443744854566,28.142915714302248,1.5044371420249931,0.2786144694312465,102379747643.51047,1024347695133.8131,24.277733333333334,25.323601024171115,23.277733333333334,25.323601024171115,-2.1294803835395655,2.691845906324008,232.85973333333334,107.74408520648299,116.42986666666667,53.872042603241496,33459735.70515456,78790995.55583689,119388.57317692548,277341.40567099844,673.0787008670006,1187.4297720462191,25.22331160334854,5.13399498018228,33459735.70515456,78790995.55583689,106854.988684099,261933.47475279766,861.4366593558236,1399.6220877132805,52.31799891957726,10.760768880560828,50793.6507936508,0.0,793.6507936507987,0.0,104397.13751319212,262334.35738949716,33459735.70515456,78790995.55583689,14991.435663733339,30354.31864586093,7500
50000.0,iir_o4_bw5500,4,5500.0,16.40513620408991,19.3706442720557,32.95973720061905,38.56310704000648,22.57834000757838,27.504092144901612,1.5222873677170528,0.27056940244351557,26093341771.479015,511330447581.05273,24.1488,24.336864279423164,23.1488,24.336864279423164,-2.1509079142192467,2.513686287771147,228.61026666666666,104.82082440348411,114.30513333333333,52.410412201742055,33352485.861266248,78489245.6078165,98240.70175865453,210882.67945432646,793.4157653508114,1326.7681861210317,25.977899375847297,5.152647948397476,33352485.861266248,78489245.6078165,82046.34310574597,183762.22045786906,1062.8914879181727,1859.0207091323593,54.24984738427769,10.593207278128322,50793.6507936508,0.0,793.6507936507987,0.0,77593.99166442391,183523.03023969452,33352485.861266248,78489245.6078165,20646.710094230613,41542.53528109093,7500
50000.0,iir_o2_bw4500,2,4500.0,15.903912821773384,18.84368043287157,32.750556264682814,38.47472354088293,22.00262997911243,26.62354746224892,1.5339185518579295,0.2533887093794041,1.1315118576866297,0.3931997481285462,23.858533333333334,21.55269951451724,22.858533333333334,21.55269951451724,-2.168181595934226,2.1686994664729613,229.50133333333332,107.98374289703466,114.75066666666666,53.99187144851733,31611509.957667187,73840736.95711254,314012.37904648256,674855.9273222864,148.02853283198408,145.2823023851468,19.92681332963622,4.319358958662987,31611509.957667187,73840736.95711254,236580.60226629185,514480.79718571587,206.09034439559497,220.15541208358076,42.38394212174967,8.902846702043371,50793.6507936508,0.0,793.6507936507987,0.0,224920.43625607158,512714.25249946205,31611509.957667187,73840736.95711254,89091.94279041098,192328.89772329526,7500
50000.0,iir_o5_bw6000,5,6000.0,16.507567288194377,19.465963938557444,33.08666974289168,38.57370423178632,23.232829013850182,28.287143924187937,1.48770553683334,0.2718121926076802,107104869207.93372,1045993804750.6597,24.7392,24.396013446659925,23.7392,24.396013446659925,-2.1731241730374036,2.611976126541041,232.982,113.42125429914024,116.491,56.71062714957012,33442813.48556361,78748322.00771618,171105.54073041014,368979.54941577464,542.1502528532328,1292.7487178244323,23.7330546203443,5.355701570743094,33442813.48556361,78748322.00771618,147599.34336412753,334946.38738642796,721.7824913005899,1666.1318267759386,49.57346412427948,11.100379847923424,50793.6507936508,0.0,793.6507936507987,0.0,143690.85214211175,335233.204016086,33442813.48556361,78748322.00771618,27414.688588298384,55224.756508514285,7500
50000.0,iir_o8_bw6500,8,6500.0,16.62968837192606,19.58551800374478,33.35700671340172,38.76877959144145,23.96112892913565,29.13328293194891,1.4507509234891287,0.2742420669601729,142895864023.0033,1235153308213.6306,24.860266666666668,23.20497081844703,23.860266666666668,23.20497081844703,-2.1804603809994063,2.5262884405772756,239.62693333333334,121.75531447186404,119.81346666666667,60.87765723593202,33457496.240085185,78779230.81158616,290266.1489799822,635910.1257883986,422.3861672641565,2253.6237975401746,21.467039351457174,5.296535878636999,33457496.240085185,78779230.81158616,263599.71698548633,604924.7875515886,534.594995986197,2893.040071646448,44.62892752509498,11.094094941861504,50793.6507936508,0.0,793.6507936507987,0.0,262311.21554460557,605346.1171884203,33457496.240085185,78779230.81158616,27954.933435376628,56786.66404846046,7500
50000.0,iir_o1_bw2500,1,2500.0,13.061598294580504,15.529940229002777,27.41011994066234,32.1620742730002,18.026624585056275,22.01682918005014,1.6029352287027179,0.3431446473985805,1.0825386902895244,0.09645224866848766,24.21613333333333,18.898196703055373,23.21613333333333,18.898196703055373,-2.1984404129455943,1.9031848285169948,234.74146666666667,101.88812223435328,117.37073333333333,50.94406111717664,21414834.74894274,48832806.78838913,506940.82497293985,1158499.0545129941,55.42897334018839,40.263601348204155,15.947981041548886,4.230274176563519,21414834.74894274,48832806.78838913,388714.1981099845,896999.8221577519,74.15591933378283,55.69544153607472,34.14587999879971,8.810469910429239,50793.6507936508,0.0,793.6507936507987,0.0,377819.15402469214,897603.7069172612,21414834.74894274,48832806.78838913,129121.6709482477,301779.28703544964,7500
50000.0,iir_o3_bw4500,3,4500.0,16.083353779171,19.066531835973358,32.31631828814667,38.07696697011069,21.917036059761404,26.668137660192325,1.5282937206377984,0.242346953797573,6556570316.053052,203425948049.92667,24.52,24.698847565749773,23.52,24.698847565749773,-2.199518608737455,2.5249745897676914,225.11093333333332,87.42302556257908,112.55546666666666,43.71151278128954,32633496.92614842,76467522.08503422,35396.73834034769,75513.18796364575,1812.9353685944332,2932.990231476052,30.048764870097784,4.782270349370547,32633496.92614842,76467522.08503422,28294.64190663563,62344.59117410382,2395.093680287663,3916.6738723140097,62.420572656445806,9.676487400736615,50793.6507936508,0.0,793.6507936507987,0.0,25972.259880961687,61968.73493224969,32633496.92614842,76467522.08503422,9424.478459386,19228.27541005282,7500
50000.0,iir_o7_bw6500,7,6500.0,16.6449690786816,19.59778620210601,33.500147880333714,38.92210656520983,24.04639616068898,29.21701254423629,1.449273129065922,0.275742922974142,91352262105.46701,995216815709.4939,25.0224,22.97370098681546,24.0224,22.97370098681546,-2.2307128083058267,2.4404326351798113,239.92813333333334,123.98326237209874,119.96406666666667,61.99163118604937,33455884.194570426,78781636.37755027,329075.3792684701,704682.9048504168,289.0143762655764,665.2751881901859,20.919356127715663,5.280609562479339,33455884.194570426,78781636.37755027,294221.944049527,661061.2622347068,381.520948218547,886.2619171509276,43.655663727417746,11.07513733244074,50793.6507936508,0.0,793.6507936507987,0.0,292583.3292050432,661576.4488258042,33455884.194570426,78781636.37755027,36492.05006342689,74136.51183151818,7500
50000.0,iir_o3_bw5500,3,5500.0,16.419102160468984,19.373905371739298,33.52256299139372,39.1524016966052,22.857373211027497,27.702784970519815,1.5179836997294822,0.27310449091715866,2335874820.8396497,150740674031.85443,24.775333333333332,23.284600373870113,23.775333333333332,23.284600373870113,-2.2555371035851626,2.3514038793784446,235.33986666666667,117.4991283513937,117.66993333333333,58.74956417569685,33155896.582352202,77951528.92071988,297095.2328925913,618432.5641782931,234.02635171298428,383.36583276318635,20.82627436684984,4.879231742727656,33155896.582352202,77951528.92071988,231881.0644967913,497750.09251643077,330.29837519591206,584.4370762873755,44.193321854997976,10.008732550601938,50793.6507936508,0.0,793.6507936507987,0.0,221850.9023497632,496760.3358154438,33155896.582352202,77951528.92071988,75244.33054282807,153565.2223912204,7500
50000.0,iir_o4_bw6000,4,6000.0,16.544928708763475,19.495273668864385,33.57233123065134,39.091330073281725,23.423073579425584,28.440620256427074,1.488127746887224,0.2750860753133102,34940386111.2288,631086177863.4169,25.0344,23.43311683853932,24.0344,23.43311683853932,-2.261995490708789,2.411470491205988,234.54386666666667,120.98781239921962,117.27193333333334,60.49390619960981,33397722.30543077,78627904.0298784,305458.58234642464,633352.4990849813,339.7683396009139,721.7556252902444,21.158883366444126,5.509142788837562,33397722.30543077,78627904.0298784,251037.42546735806,543264.0421440682,468.936978743098,998.0889660345483,44.72856373771606,11.3585393108834,50793.6507936508,0.0,793.6507936507987,0.0,243430.7560050903,543000.7861148127,33397722.30543077,78627904.0298784,62027.826341334294,123983.56380228467,7500
50000.0,iir_o6_bw6500,6,6500.0,16.668678960889046,19.61647541632445,33.76550573751126,39.19836438244641,24.123130318428633,29.276544228231607,1.4526952365890526,0.2793150050340567,32315250766.49385,597654164098.1533,24.9496,22.471184223119725,23.9496,22.471184223119725,-2.2646060552994163,2.3105113831024684,239.076,125.78169008964792,119.538,62.89084504482396,33452332.402528014,78779215.43470119,396575.81787494157,830496.6962344579,273.36883299464057,618.3077180307076,20.168492295312127,5.52214481753572,33452332.402528014,78779215.43470119,346584.24702276196,762353.298622025,378.3076437698322,909.2850377117015,42.344915212541395,11.576621585881217,50793.6507936508,0.0,793.6507936507987,0.0,344207.7401777758,763038.7316388969,33452332.402528014,78779215.43470119,52368.077697165834,105545.32627739997,7500
50000.0,iir_o3_bw4000,3,4000.0,15.849435043194811,18.838857986963394,31.84029542327773,37.62974830793735,21.677806895761144,26.33404815547224,1.5168408409971665,0.2181553096810422,1385282023.01499,88614690822.18376,25.122133333333334,25.18984095213488,24.122133333333334,25.189840952134876,-2.276725254011373,2.555778000711502,223.91386666666668,76.35417152312907,111.95693333333334,38.177085761564534,32024787.686132185,74773644.82442567,12215.369955304383,27791.057435109862,4872.8175522426345,7897.136599603375,34.5053917347544,4.543812232835371,32024787.686132185,74773644.82442567,10162.014838464964,24364.394200364568,6583.725064757623,11359.172868670772,71.10573012979289,9.394797795824475,50793.6507936508,0.0,793.6507936507987,0.0,9316.295056466835,24267.78888207572,32024787.686132185,74773644.82442567,2899.0748988375467,6025.082485817294,7500
50000.0,iir_o3_bw5000,3,5000.0,16.25390093268546,19.225769149719948,32.68811267731878,38.37295607489828,22.303834138976825,27.11338128519243,1.5188609886335858,0.2545921129774251,3332726502.3456426,146948062573.24814,25.3836,24.960791718007634,24.3836,24.960791718007634,-2.2814629356716702,2.557872240352676,231.1224,102.05548749533462,115.5612,51.02774374766731,32970453.72948735,77419581.80589879,106667.98967920111,222123.07662634994,654.1169522437626,1034.767228511332,25.338470077524853,4.93145889532678,32970453.72948735,77419581.80589879,83669.70088991264,178298.8642123705,901.3135895758954,1480.2981738736319,53.19362090043688,10.052699466120217,50793.6507936508,0.0,793.6507936507987,0.0,78246.93168578426,177327.34795550205,32970453.72948735,77419581.80589879,28421.057993416853,57839.68540400087,7500
50000.0,iir_o8_bw3500,8,3500.0,15.846660544071684,18.886541937775636,31.96932377526165,37.9575313779921,21.768136100115065,26.320531732854715,1.5028936921090474,0.1736120823793673,1115303425.717591,68947016717.27815,25.352533333333334,26.164266906678694,24.352533333333334,26.1642669066787,-2.298181738167792,2.651474166540448,222.77573333333333,69.6134515890991,111.38786666666667,34.80672579454955,32217357.2439134,75128106.26018459,3556.124418498048,7531.740602874035,15820.143975979534,32456.864038696174,39.51435506212348,4.196581571046828,32217357.2439134,75128106.26018459,2961.00623648516,6293.766756825057,20331.82418657069,41999.248571679294,81.04997451893891,8.548257841868363,50793.6507936508,0.0,793.6507936507987,0.0,2811.015252307961,6294.732258185333,32217357.2439134,75128106.26018459,745.1091661900872,1796.5867689090671,7500
50000.0,iir_o7_bw3500,7,3500.0,15.82071774139776,18.85285002312645,31.89311911076402,37.849444819678496,21.742919672865987,26.293574630430687,1.5022863971891844,0.17526360735595323,2432765971.4698477,165186623688.80002,25.382533333333335,26.19475692362111,24.382533333333335,26.19475692362111,-2.2991731405454856,2.6566391265148304,222.74666666666667,69.76792599293175,111.37333333333333,34.883962996465876,32147225.181510422,74911194.68045709,3675.389388757732,7784.985264525788,15476.18610002478,29906.80129968127,39.43449103838212,4.214869897234386,32147225.181510422,74911194.68045709,3094.141158808878,6594.434612437635,19841.207695143847,38171.8479839219,80.87726210117384,8.583996648164975,50793.6507936508,0.0,793.6507936507987,0.0,2943.626512036886,6600.257867154177,32147225.181510422,74911194.68045709,731.7628767208456,1763.0997829820217,7500
50000.0,iir_o6_bw3500,6,3500.0,15.785892001581939,18.81116681703727,31.78890793585008,37.71510333985542,21.708998009982174,26.258474225582372,1.5010479550157128,0.17737463745444632,2898818311.0692716,169488235879.50854,25.497066666666665,26.16329605516639,24.497066666666665,26.16329605516639,-2.3101138340877814,2.655863763362651,222.6672,70.14143725589544,111.3336,35.07071862794771,32035783.54992702,74605060.81702937,3805.9487748055144,8087.688777730858,14812.358591218092,25628.79087358569,39.32775343114447,4.2101765573970855,32035783.54992702,74605060.81702937,3238.587484767768,6931.876246187282,18930.552179727903,32716.265920275833,80.63496830875323,8.57382824200274,50793.6507936508,0.0,793.6507936507987,0.0,3089.999297252065,6942.22375530823,32035783.54992702,74605060.81702937,715.9494775534497,1724.5039136276412,7500
50000.0,iir_o5_bw3500,5,3500.0,15.734520778970003,18.752431846739473,31.629266480087193,37.52062268899668,21.66363927452495,26.21396357806389,1.4981287445630713,0.1800584632436525,2879677976.851936,168293190407.50848,25.7028,26.1364156007678,24.7028,26.136415600767805,-2.3327005454599097,2.6530314806131727,222.64813333333333,70.60147589794938,111.32406666666667,35.30073794897469,31855469.088613976,74133199.91555342,3948.2531652137022,8470.10357430441,13541.957805594368,19100.888757347897,39.169058225300205,4.133121592183148,31855469.088613976,74133199.91555342,3401.245045688681,7344.592130323257,17158.64451355394,24528.8155218294,80.23772191366356,8.421048465812701,50793.6507936508,0.0,793.6507936507987,0.0,3252.2524120854,7359.125142144123,31855469.088613976,74133199.91555342,696.0007531283023,1675.2599923639384,7500
50000.0,iir_o4_bw3500,4,3500.0,15.650196441481254,18.65686753517074,31.34755166334877,37.1862831707978,21.60073857415467,26.15034167071719,1.4905224218470279,0.1830219319471109,1.3895043433467977,1.1915551469147927,26.127333333333333,26.14243759027285,25.127333333333333,26.14243759027285,-2.3816913045750865,2.6471761053207348,222.74373333333332,71.1794352019012,111.37186666666666,35.5897176009506,31544460.419392943,73336884.62386377,4123.35256398559,9138.993691072646,11628.061620965927,12004.720550134029,38.92053320716775,3.9070614098300833,31544460.419392943,73336884.62386377,3617.163229051538,8068.913269367705,14589.001907836135,15925.297516928467,79.55707671760526,8.053954264677994,50793.6507936508,0.0,793.6507936507987,0.0,3447.645802872196,8087.060711197425,31544460.419392943,73336884.62386377,675.7067611133937,1610.6786634952377,7500
50000.0,iir_o3_bw3500,3,3500.0,15.493650943206832,18.476786245714777,30.763063956235637,36.504024790995445,21.51088704695421,26.05642063987006,1.4686576874268131,0.18252183439997893,687404884.868769,59531009183.26145,27.185066666666668,26.45256601469994,26.185066666666668,26.45256601469994,-2.49482713784975,2.675809789394905,223.42226666666667,72.94296617475062,111.71113333333334,36.47148308737531,30945418.518732868,71835630.20425071,5472.531272498886,13153.403152030354,8615.604939305524,7659.5593493360875,37.77757933457734,3.9067798661032147,30945418.518732868,71835630.20425071,4753.673891032129,11903.92679140607,11466.582067624377,11728.11402904056,77.35365150200819,8.395198171940049,50793.6507936508,0.0,793.6507936507987,0.0,4452.330874869275,11899.460037517772,30945418.518732868,71835630.20425071,1020.20039762961,2236.3499443194964,7500
50000.0,iir_o2_bw4000,2,4000.0,15.573637394107134,18.513548365372806,31.251105919891014,36.93180175401052,21.645053342029776,26.223809419901638,1.4818501217575972,0.21326927544936058,6534235432.500052,277844130117.2422,27.721466666666668,24.430309000268462,26.721466666666668,24.430309000268466,-2.5460270064355144,2.479313089616959,227.90026666666665,100.63069375095684,113.95013333333333,50.31534687547842,30809031.803368956,71709859.42336221,130060.12991282648,277689.36056247784,359.31719154504395,357.53819060128893,23.721303942456434,4.366985647264863,30809031.803368956,71709859.42336221,98126.67424934523,209706.24877958145,499.03458170643654,541.6397075619019,49.97340643984617,8.958659791692773,50793.6507936508,0.0,793.6507936507987,0.0,92014.39925594811,208514.22895340703,30809031.803368956,71709859.42336221,38045.73065687837,81683.8359183869,7500
50000.0,iir_o2_bw3500,2,3500.0,15.161647073869387,18.079657443802148,29.78477286454979,35.36900495568463,21.268456189323143,25.756727264200478,1.4333150906011616,0.1802613698174397,11885186678.947351,389065000300.09436,30.2688,26.949707199196418,29.2688,26.949707199196407,-2.807837055151771,2.731880697321344,226.8,92.00935584425662,113.4,46.00467792212831,29576823.9168773,68491912.30112843,48402.80311849125,103505.59198712913,966.4830229016864,1000.442696787078,27.95224172834265,4.400991096666816,29576823.9168773,68491912.30112843,37120.41787331168,78821.72693019363,1340.7517495186569,1527.3604741620409,58.38355897845712,9.031113860451166,50793.6507936508,0.0,793.6507936507987,0.0,34303.699420677396,78294.52024182648,29576823.9168773,68491912.30112843,14099.103697813842,30143.702367216436,7500
50000.0,iir_o4_bw3000,4,3000.0,15.11423796127719,18.09508457095349,29.28245666640707,34.95719288600104,21.477275675982078,25.904875935645162,1.389720745345338,0.135284627127912,5389591142.823368,234745698242.66544,32.665733333333336,28.471018228707926,31.665733333333332,28.47101822870793,-3.0638902781922375,2.8754925469937995,224.17786666666666,71.86679303805354,112.08893333333333,35.93339651902677,29731565.588411767,68450309.10839564,3746.3295839783736,8374.675592808055,9850.907830692659,6303.334374471688,39.11693668755475,2.7400557295684664,29731565.588411767,68450309.10839564,3286.4111399331678,7551.19995503806,12573.351980468035,9673.390329802698,80.01394722707515,5.817492393229963,50793.6507936508,0.0,793.6507936507987,0.0,3243.435131670071,7560.587791878822,29731565.588411767,68450309.10839564,502.8944523083032,1196.9777074158608,7500
50000.0,iir_o5_bw3000,5,3000.0,15.199986593039057,18.20114351227868,29.442680725465188,35.168724700888575,21.627655816635443,26.078182683954864,1.3859872782890328,0.12948947855892076,5464983632.070739,237394909248.07162,32.7408,28.599207517856428,31.7408,28.599207517856435,-3.0721006443465044,2.8874219362616893,224.23666666666668,71.86170702268143,112.11833333333334,35.930853511340715,30062839.530851502,69241462.16019605,3780.7331239671,8411.048082186871,9589.818028238944,5791.57535925447,39.0676495697745,2.637776918341093,30062839.530851502,69241462.16019605,3290.981028927672,7574.20734069199,12225.765968747643,8916.313741649472,79.94645911157097,5.568240441604599,50793.6507936508,0.0,793.6507936507987,0.0,3258.028593101833,7583.424497051974,30062839.530851502,69241462.16019605,522.7045308652665,1247.9112281063678,7500
50000.0,iir_o3_bw3000,3,3000.0,14.95246518366355,17.89632727855706,28.919279425323722,34.495666890119885,21.226822350783937,25.617225263254028,1.3905085797750873,0.14416463064109455,5306532845.1994915,231258474983.62085,32.88,28.44837033358182,31.88,28.44837033358182,-3.0852680864717916,2.8742707379777217,223.6396,72.8797313332399,111.8198,36.43986566661995,29096029.19522661,66963703.23465402,3926.393751557243,9297.538457789033,10120.549650422956,7415.882983341098,39.052126574020384,3.025357747773609,29096029.19522661,66963703.23465402,3516.6421355940874,8521.896148733016,12790.5338859202,11112.654208647951,79.66900843918495,6.527811759045145,50793.6507936508,0.0,793.6507936507987,0.0,3407.722040627409,8535.715647954714,29096029.19522661,66963703.23465402,518.6717109298335,1195.6217642266372,7500
50000.0,iir_o6_bw3000,6,3000.0,15.2487898611662,18.261715354502186,29.52003393268558,35.27294207859983,21.72006361287141,26.18562079644204,1.3827429324564342,0.12530414038938642,5490813847.881062,238631815470.7727,32.867466666666665,28.85704302430345,31.867466666666665,28.857043024303447,-3.0854780208300268,2.912268662000612,224.40933333333334,72.23487728621863,112.20466666666667,36.11743864310932,30247487.416591696,69718907.16477497,3840.3331192204632,8603.59255218427,9396.26965420402,5486.991124777619,39.01670693997272,2.5823834883935013,30247487.416591696,69718907.16477497,3333.7550965037185,7772.688179244798,12000.964719178637,8516.345522721773,79.86989839181776,5.445132157350347,50793.6507936508,0.0,793.6507936507987,0.0,3305.992187551341,7781.691196284146,30247487.416591696,69718907.16477497,534.3409316691221,1277.7352482404597,7500
50000.0,iir_o7_bw3000,7,3000.0,15.276759694137983,18.29544985559355,29.55379771106369,35.31701320509523,21.77803672230045,26.254270985176817,1.3802722450020846,0.12290066141596344,5508015825.006731,239469783973.90955,33.019333333333336,29.088633164281518,32.019333333333336,29.088633164281518,-3.100268599165206,2.9358429541745084,224.5852,72.5866391538495,112.2926,36.29331957692475,30353353.28524033,70037859.87776273,3916.879935879368,8874.650489268284,9252.373988893343,5310.994649763994,38.96638437033188,2.5605901985944293,30353353.28524033,70037859.87776273,3402.3203748075553,8057.485600569303,11834.849325828034,8291.633219020126,79.7820661896722,5.398799657490113,50793.6507936508,0.0,793.6507936507987,0.0,3376.5217709383355,8066.418354237808,30353353.28524033,70037859.87776273,540.3581649410329,1293.2277818351229,7500
50000.0,iir_o8_bw3000,8,3000.0,15.29227628118632,18.31228804503594,29.56131445032363,35.32337142066529,21.815735085667573,26.302562606729524,1.3783895113347755,0.12163358428133621,1929629487.0641177,96469692332.13396,33.2084,29.339011681619226,32.2084,29.33901168161923,-3.121198908878926,2.9572754898221345,224.87093333333334,73.1773644329374,112.43546666666667,36.5886822164687,30413448.24855996,70268589.05697718,4006.957123812491,9204.855324129265,9152.347947286318,5229.922714587969,38.92058590811193,2.5636246993652856,30413448.24855996,70268589.05697718,3492.0044431160254,8407.806950069937,11710.834505237579,8175.970272264128,79.690342063062,5.4047910521057,50793.6507936508,0.0,793.6507936507987,0.0,3465.630672419276,8416.876825641444,30413448.24855996,70268589.05697718,541.3264513932152,1294.8814381088725,7500
50000.0,iir_o2_bw3000,2,3000.0,14.601416208487512,17.46298600661172,28.054407723734933,33.447798950652796,20.754914644856846,25.069188045185005,1.3786280118882832,0.1527644119856207,16660597334.617336,449607681607.5956,34.67106666666667,28.943506463530102,33.67106666666667,28.943506463530102,-3.264740967089281,2.9316010483974373,227.3996,83.50699516969995,113.6998,41.753497584849974,27694300.63765069,63678689.7860474,16902.40320469822,37267.633789443134,2930.7556951481833,4412.655697971082,32.466279872068554,4.431876611906523,27694300.63765069,63678689.7860474,13555.127363369233,30046.01728503108,3947.848211566191,6339.637844191121,67.1758824825136,9.094479992874957,50793.6507936508,0.0,793.6507936507987,0.0,12449.594259304598,29936.972502767196,27694300.63765069,63678689.7860474,4452.808945393623,9520.770100852023,7500
50000.0,iir_o2_bw2500,2,2500.0,13.80937252753746,16.556696620691564,25.761413931800252,30.81286036043312,19.938539789751687,24.033636757646462,1.314471950497437,0.12193305212298236,1484637139.516561,76557789080.84343,41.74693333333333,31.034679163321815,40.74693333333333,31.034679163321815,-3.997527404902375,3.122633320640227,226.81533333333334,79.97482871495231,113.40766666666667,39.987414357476155,24870926.516576342,56644968.99354132,6727.093447035401,15924.3715142551,8185.1201556968035,16282.835959208456,36.45452191997284,4.391019937453569,24870926.516576342,56644968.99354132,5773.673503633853,14313.693133220939,10963.666010580846,25347.86540539319,74.7888206989419,9.168891758817782,50793.6507936508,0.0,793.6507936507987,0.0,5499.38946345107,14328.740541434763,24870926.516576342,56644968.99354132,1227.7039835843307,2654.084005340904,7500
50000.0,iir_o3_bw2500,3,2500.0,14.141993049583604,16.976665638769504,26.27101587100305,31.489821849182697,20.54523690689707,24.751821854065206,1.300388255682051,0.10793755125977668,1182551510.241564,68895874266.22073,42.2552,31.544771610767203,41.2552,31.544771610767203,-4.049220609600649,3.1722543583264255,225.63573333333332,77.20079169344045,112.81786666666666,38.600395846720225,26085866.176905762,59367148.3666899,3940.4756925326124,9325.666640512633,9170.505515651043,6789.004653710887,38.77370483439944,2.645773066944916,26085866.176905762,59367148.3666899,3619.5492411139753,8780.479061156922,11545.613109981374,10517.445880257883,79.05675904085334,5.848564680153954,50793.6507936508,0.0,793.6507936507987,0.0,3608.2493276926148,8784.52040472267,26085866.176905762,59367148.3666899,332.22636483999753,744.0864007128791,7500
50000.0,iir_o4_bw2500,4,2500.0,14.292649902732364,17.167318144556027,26.438568227416347,31.72749884322568,20.84416818667593,25.112950485814366,1.2880044841805367,0.09958207388864933,1821134000.5221288,76629747267.07442,43.19773333333333,31.93744252274343,42.19773333333333,31.93744252274343,-4.143590521784622,3.214303509803394,226.52266666666668,78.62925639279368,113.26133333333334,39.31462819639684,26633801.481642224,60567543.57694045,4200.528794376729,9900.355695520038,8304.602179662128,5590.896510433005,38.46828578967818,2.463170265246124,26633801.481642224,60567543.57694045,3868.365521728399,9329.840115781557,10205.5378465404,8260.964196603212,78.3708724132982,5.337146049266552,50793.6507936508,0.0,793.6507936507987,0.0,3863.106240888015,9331.831706345787,26633801.481642224,60567543.57694045,337.4225534887141,772.4354210481011,7500
50000.0,iir_o5_bw2500,5,2500.0,14.369354433373836,17.260083531094093,26.49903432302359,31.808606897212634,21.01272286399451,25.312911032368486,1.2795595260968626,0.09481345435515016,2363509481.5832953,89824937583.4176,43.964533333333335,32.086691159245945,42.964533333333335,32.086691159245945,-4.221786079666235,3.230173224626857,227.178,79.37741924475851,113.589,39.68870962237926,26934845.801824614,61179136.497459315,4391.452539318544,10414.792975060842,7996.658844328683,5295.921981038461,38.31723788099192,2.4499315396177366,26934845.801824614,61179136.497459315,4055.4954729888796,9847.958122995306,9787.66064659374,7724.19852018643,78.03581942910729,5.312099133221143,50793.6507936508,0.0,793.6507936507987,0.0,4051.6619569269487,9849.414811053372,26934845.801824614,61179136.497459315,339.7905823915946,778.6003258464533,7500
50000.0,iir_o6_bw2500,6,2500.0,14.413005993728229,17.305769842362377,26.522156709557766,31.824407855178183,21.11516869021064,25.423566911809555,1.273936673453725,0.09174273591762232,1885388279.0634563,84864543264.05276,44.55146666666667,32.08381628408946,43.55146666666667,32.08381628408946,-4.282747908419553,3.227181295632128,228.2736,79.61943131894672,114.1368,39.80971565947336,27140437.934922848,61507405.938813895,4515.789253797464,10740.16753332782,7844.561193163472,5189.9904572316145,38.228095363530585,2.46523405899098,27140437.934922848,61507405.938813895,4176.754903192723,10177.05245705636,9591.60313182218,7538.021595952451,77.83705766666017,5.3621114062726605,50793.6507936508,0.0,793.6507936507987,0.0,4173.831040902801,10178.174659923308,27140437.934922848,61507405.938813895,341.9582128946622,782.0370684462222,7500
50000.0,iir_o7_bw2500,7,2500.0,14.442821560406797,17.32986617502797,26.539595735557697,31.826868083963657,21.177774575673446,25.48531755351656,1.2703837706814112,0.08979999936722047,2406482739.063769,90622999324.03679,44.89693333333334,31.914272356312562,43.89693333333334,31.914272356312562,-4.316882794627064,3.2138592853537973,229.13573333333332,79.69471339288809,114.56786666666666,39.847356696444045,27312929.543520626,61683833.55763923,4602.490930005991,10950.596251096085,7776.97012003308,5176.2470565848635,38.17498148274378,2.495571295730359,27312929.543520626,61683833.55763923,4258.169893254803,10386.11233712952,9508.599291042849,7479.061989110655,77.72034471103416,5.440745850491108,50793.6507936508,0.0,793.6507936507987,0.0,4255.907603004283,10386.994245081496,27312929.543520626,61683833.55763923,346.58332700170706,790.5841736366592,7500
50000.0,iir_o8_bw2500,8,2500.0,14.469104653328909,17.346839254787493,26.56609222135685,31.832510960232835,21.215656298410142,25.519989657157744,1.2684184290292457,0.0886710358317432,2659232226.3190727,93194365935.73727,45.0064,31.752572428399812,44.0064,31.752572428399812,-4.328630225574766,3.199184841225733,229.836,80.33790841151551,114.918,40.16895420575776,27479469.848547615,61783170.31352002,4675.468279581987,11126.974771024672,7767.954468455566,5242.682892513109,38.14403878047781,2.54110477908393,27479469.848547615,61783170.31352002,4321.452266421518,10552.649725324436,9502.450336941885,7516.247908593629,77.65511513076602,5.545533365037713,50793.6507936508,0.0,793.6507936507987,0.0,4319.524403909877,10553.392289124178,27479469.848547615,61783170.31352002,355.9438756721099,810.1806853516672,7500
60000.0,iir_o1_bw7000,1,7000.0,14.697195273708848,18.062898817474597,37.59878221588395,44.827047362311305,17.814626579108747,23.017802128525226,2.249746273529591,0.5029110765603704,1.13809997674532,0.1498403217292087,10.701466666666667,7.730030937798928,9.701466666666667,7.730030937798928,-0.7584884290289181,0.7895301405254773,209.69946666666667,98.97401979271173,104.84973333333333,49.487009896355865,24781884.199292965,61745075.17191151,4414522.911819387,9374592.06357465,8.011802760880325,15.776876269921559,6.055292313946878,4.75092897418077,24781884.199292965,61745075.17191151,3755785.9534911555,8523723.322004873,10.5224198666649,23.39135635523106,14.003763602098804,9.667879279498035,60317.460317460325,0.0,317.4603174603253,0.0,811783.4120019524,1963910.3258310305,3602739.4998174347,8457537.446613569,24781884.199292965,61745075.17191151,7500
60000.0,iir_o1_bw6500,1,6500.0,14.307843751637972,17.674206802615366,35.93366260409468,42.988726476634895,17.911758377680414,23.230640701267443,2.1464804397424104,0.4767504402606916,1.1385511226100433,0.1513524295564727,11.693733333333334,8.399460747829945,10.693733333333334,8.399460747829945,-0.8686752162070612,0.8551443078139801,209.0144,98.22115986625663,104.5072,49.110579933128314,24482759.565097686,60983415.674778946,3512394.470273964,7496070.083263637,9.95561071495358,19.496765327689943,7.00294784006788,4.746303311442991,24482759.565097686,60983415.674778946,3010940.651611381,6860698.83885664,12.99477060307995,28.569871341592826,15.827672239343702,9.684303998052886,60317.460317460325,0.0,317.4603174603253,0.0,609614.4648662967,1474242.9160208888,2902780.0054076673,6817519.75740553,24482759.565097686,60983415.674778946,7500
60000.0,iir_o1_bw6000,1,6000.0,13.924172316023833,17.28857802004099,34.270680668465005,41.16387390875047,17.969209818412132,23.398456557237587,2.0443810907209334,0.44680038933311744,1.1380229238892707,0.15168224089408427,12.9792,9.315675226949006,11.9792,9.315675226949006,-1.0086700954092767,0.945810356857847,208.90946666666667,97.62164617451631,104.45473333333334,48.81082308725816,24112790.652093038,60042876.14831907,2725146.0466398927,5844213.49605284,12.662765602708655,24.687570714568185,8.048566195334928,4.74343254029799,24112790.652093038,60042876.14831907,2353008.546860501,5381355.151704881,16.426225191133046,35.624064940935725,17.850677818765938,9.701501254685578,60317.460317460325,0.0,317.4603174603253,0.0,446769.54106936755,1079965.3413802208,2278376.505570525,5353897.568887324,24112790.652093038,60042876.14831907,7500
60000.0,iir_o1_bw5500,1,5500.0,13.541502269488419,16.899025051542516,32.60367050958099,39.34113376741043,17.961642287090466,23.476842248259114,1.9468503014711989,0.41752057171342283,1.134060841852186,0.14979592308087275,14.489333333333333,10.295864227846486,13.489333333333333,10.295864227846486,-1.1716952170201347,1.0427881708737294,209.98506666666665,97.73230917953005,104.99253333333333,48.866154589765024,23652359.69663777,58874381.745663315,2052331.3623913035,4422006.700221188,16.55369634360717,32.18786674988973,9.208608127301417,4.742871347949097,23652359.69663777,58874381.745663315,1784578.172775199,4094354.7711646305,21.34875393903758,45.88944488896011,20.104487588442566,9.718141031692854,60317.460317460325,0.0,317.4603174603253,0.0,318226.5353358284,768860.6740666713,1734104.8270554752,4077392.3268113937,23652359.69663777,58874381.745663315,7500
60000.0,iir_o1_bw5000,1,5000.0,13.152577246127354,16.49547041162913,30.922719909210766,37.5038629020214,17.865626805264764,23.334103559705596,1.8510176956890458,0.38159522215993086,1.1290289424257933,0.14853443971892968,16.161066666666667,11.323954924093668,15.161066666666667,11.32395492409367,-1.351298480030169,1.1439061046410088,211.22,97.25490185825105,105.61,48.62745092912552,23075020.120133873,57412035.394571826,1491595.3072486445,3228309.04675553,22.35654034978682,43.48270853388523,10.503401201560196,4.745496845649283,23075020.120133873,57412035.394571826,1305741.049396208,3004048.1215331103,28.67597083171331,61.48787246105132,22.630054805469626,9.735830572847437,60317.460317460325,0.0,317.4603174603253,0.0,219136.6007243447,529142.0425740787,1272458.7065242997,2993932.6880972944,23075020.120133873,57412035.394571826,7500
60000.0,iir_o1_bw4500,1,4500.0,12.746485535770372,16.063524022229828,29.213561842871158,35.63097487206294,17.650213867213953,23.002717226718175,1.7620308804995095,0.3476325333932008,1.121449231508587,0.14735789430579113,18.142133333333334,12.7009490457647,17.142133333333334,12.7009490457647,-1.5620231324303306,1.2803692327837357,212.62213333333332,96.61319249794082,106.31106666666666,48.30659624897041,22344809.951072983,55566660.01386018,1038327.2680912337,2256917.623540954,31.400289056369605,61.36385147540362,11.958493400919552,4.752732079393528,22344809.951072983,55566660.01386018,914732.3611833722,2109487.406663827,40.09442871487531,86.43384506535106,25.480145923301677,9.759375630243534,60317.460317460325,0.0,317.4603174603253,0.0,144875.55240961318,349576.4129235893,893451.7156816205,2103713.0541512365,22344809.951072983,55566660.01386018,7500
60000.0,iir_o1_bw4000,1,4000.0,12.307128279583006,15.582682841169047,27.45194293089925,33.68858236135278,17.321078391605155,22.547912161604874,1.6786312501523444,0.31104938395028886,1.10939742863948,0.14308500310662078,20.341466666666665,14.24862813171992,19.341466666666665,14.248628131719913,-1.7950848554042784,1.4339411843027903,213.3736,95.64941399590337,106.6868,47.82470699795169,21412541.550584774,53216981.811535314,685421.0064894027,1495866.0384343227,46.27006442593964,91.48081465594124,13.606724017042955,4.766969730185969,21412541.550584774,53216981.811535314,607337.2941783736,1403616.812592911,58.91475823447498,128.96364112876714,28.722720318036405,9.796339172223956,60317.460317460325,0.0,317.4603174603253,0.0,91093.16685164953,219603.04099720484,594327.8396377532,1400493.031901706,21412541.550584774,53216981.811535314,7500
60000.0,iir_o2_bw7000,2,7000.0,14.423386514985062,18.069313413780858,32.02204422492403,38.68236203767561,20.018862556189767,26.17514729042443,1.7107704945488271,0.3178828645888503,1.1237618388534085,0.23616161634064736,20.4108,19.83812113499382,19.4108,19.83812113499382,-1.7965710232293288,1.9930748811099699,210.4344,111.00314495423954,105.2172,55.50157247711977,27127630.363710083,68034348.27030376,1513828.6496924907,3590213.9024510444,35.44617238294221,142.44395720823357,11.184282507599887,5.001492978352566,27127630.363710083,68034348.27030376,1505842.9517178112,3583450.141751882,39.460771895295636,191.14289124476971,22.462179736910826,10.115625294371242,60317.460317460325,0.0,317.4603174603253,0.0,7985.888421013147,18577.284416297174,1505842.7612714774,3583450.2217800193,27127630.363710083,68034348.27030376,7500
60000.0,iir_o1_bw3500,1,3500.0,11.810984327600364,15.023585315821135,25.60077743280158,31.625567102703492,16.874810946304418,21.9576196987951,1.5990071065226523,0.27198726946861956,1.0975513935312957,0.1365245458933379,22.6876,16.092076732494036,21.6876,16.092076732494036,-2.042739675816221,1.6174482668788326,214.35146666666665,94.16289161803564,107.17573333333333,47.08144580901782,20210921.818555437,50198183.18576859,423209.86887207197,927123.7834367579,72.40938603091774,146.38083206524672,15.491554770839667,4.792421786857034,20210921.818555437,50198183.18576859,376954.5901442441,872880.3973736491,92.19224048692624,207.97263652873565,32.44574284238883,9.85716451568366,60317.460317460325,0.0,317.4603174603253,0.0,53759.82035658624,129445.27266111216,369450.0485154857,871301.6969692804,20210921.818555437,50198183.18576859,7500
60000.0,iir_o2_bw6500,2,6500.0,14.170102081526219,17.834017665513144,30.722028257519646,37.368821195549344,20.009581290439996,25.92684615624133,1.6268087735216663,0.28576969379442185,1.1129937178061584,0.22952969009672536,23.2368,22.353210386025957,22.2368,22.353210386025957,-2.0924412058710873,2.241783473153854,210.2264,110.32183131140378,105.1132,55.16091565570189,27030976.435461216,67768047.86061682,936137.4009314326,2232282.8165563736,58.90905173909864,258.16729938166696,13.267354507258679,5.005423834270873,27030976.435461216,67768047.86061682,931787.9045988736,2228671.946812236,66.00062708383273,354.69699279178093,26.61911296809973,10.118318379653731,60317.460317460325,0.0,317.4603174603253,0.0,4349.584329472045,10064.47708149299,931787.8166019606,2228671.9836035077,27030976.435461216,67768047.86061682,7500
60000.0,iir_o1_bw3000,1,3000.0,11.223740745977853,14.343670455098314,23.60060704238689,29.361381999434595,16.227407488422834,21.09659065072524,1.5233407832515853,0.23070833987503866,1.0847040157272834,0.13037990825434392,26.148933333333332,18.158510852978623,25.148933333333332,18.158510852978623,-2.402052898797997,1.8233168198819607,214.20253333333332,93.56019442893306,107.10126666666666,46.78009721446653,18648907.521377612,46288830.441659175,239647.2866622115,526866.9603777595,122.51154085311148,257.47466384822724,17.672757772143942,4.836923072760161,18648907.521377612,46288830.441659175,214450.3454535441,497445.3483285356,156.85794193195613,373.93956630547063,36.770799596718376,9.962082535170143,60317.460317460325,0.0,317.4603174603253,0.0,29209.925574918267,70214.41877261223,210437.36108729322,496717.1597913101,18648907.521377612,46288830.441659175,7500
60000.0,iir_o3_bw7000,3,7000.0,14.321034037886836,18.03520977038877,30.336652407477025,36.82489962202418,20.595089602714136,26.704298615976924,1.5687657247656857,0.2799368177326043,1.1210989867818475,0.29950338652124275,26.997066666666665,25.18837930453552,25.997066666666665,25.188379304535516,-2.476960102800598,2.5269786972742514,206.74573333333333,114.61690576208096,103.37286666666667,57.30845288104048,27457148.175781034,68961853.5932989,719534.9352362705,1772793.462001611,110.93970212699664,1295.0375680089028,14.43442540244883,5.149379439584485,27457148.175781034,68961853.5932989,719414.18101256,1772696.4089705222,112.16286632095866,1347.9080112381002,28.87158302765631,10.302435713871237,60317.460317460325,0.0,317.4603174603253,0.0,120.75422371048604,266.07878637677624,719414.18101256,1772696.4089705222,27457148.175781034,68961853.5932989,7500
60000.0,iir_o2_bw6000,2,6000.0,13.951518230208427,17.624045723108466,29.570788061274065,36.23237666146578,19.911459978752273,25.7561359454323,1.5671248760828185,0.2588387839488001,1.1090998430038046,0.2713990275274598,27.0252,25.393923390042556,26.0252,25.39392339004256,-2.4810160672510713,2.5447200953307423,210.7436,108.68831712321803,105.3718,54.344158561609014,26889625.178106982,67380150.08683409,541780.6320089479,1298716.332196164,103.56574938408758,482.8065722371463,15.643847216632919,5.008555785705422,26889625.178106982,67380150.08683409,539508.9198137841,1296860.0540467682,115.78914490531228,665.7881940328359,31.364295698511476,10.115954450031797,60317.460317460325,0.0,317.4603174603253,0.0,2271.753269199829,5218.410846147234,539508.8787397482,1296860.071134512,26889625.178106982,67380150.08683409,7500
60000.0,iir_o8_bw4500,8,4500.0,13.802952811129261,17.551108926367657,29.143398171136187,36.65885704841346,18.21106094815278,23.759755338997078,1.6293578873424261,0.21324198206442957,1299813477.1956081,112567149023.23549,27.705333333333332,27.277670618978362,26.705333333333332,27.277670618978362,-2.5185445698570645,2.764918623412923,215.69226666666665,74.4184294863523,107.84613333333333,37.20921474317615,27575941.709667534,69443642.37258893,2103.1430432313928,4749.874953586824,56137.95942257279,254959.59446859543,40.496792672517905,6.7811349590652075,27575941.709667534,69443642.37258893,2093.2969724282766,4734.883132767073,65404.317508009626,343551.74828103394,81.11070418191473,13.72432382615907,60317.460317460325,0.0,317.4603174603253,0.0,9.846143567639277,19.436740516040565,2093.2968996637533,4734.883164936499,27575941.709667534,69443642.37258893,7500
60000.0,iir_o7_bw4500,7,4500.0,13.789566887596065,17.534760750316224,29.05048859565881,36.5328169842019,18.250189763922144,23.81058356011168,1.6217032810266445,0.21088934465166195,1295478158.6849399,112191699428.47673,28.0004,27.442735778458143,27.0004,27.442735778458143,-2.5506116883634484,2.7801590054476173,215.39506666666668,74.66816524005124,107.69753333333334,37.33408262002562,27540053.967624437,69331265.3685958,2082.2661827231727,4726.714650031355,74716.25676682947,420012.7682607912,40.53286782183441,6.887929879904152,27540053.967624437,69331265.3685958,2072.397236467918,4711.668248944877,99583.10835346593,619145.4403889885,81.20090011851941,14.015951663711276,60317.460317460325,0.0,317.4603174603253,0.0,9.899680716029883,19.515708316866352,2072.3665020071426,4711.681673641794,27540053.967624437,69331265.3685958,7500
60000.0,iir_o8_bw5000,8,5000.0,13.852804931185693,17.59886221090697,29.107072862491556,36.48100857877741,18.395895495342934,24.084119088259758,1.627060512813297,0.2350834905606617,1296098760.4754055,112245445117.1854,28.363333333333333,28.077168052903787,27.363333333333333,28.077168052903794,-2.585628563830729,2.846327790736994,214.036,79.38948962430973,107.018,39.694744812154866,27618824.25821182,69524601.82198803,3087.31621546669,7515.037727904618,54949.17823584316,235965.81323406447,39.44668451590623,7.723743228199985,27618824.25821182,69524601.82198803,3076.6504515613415,7498.855543973432,64738.95431962707,327801.7733927945,79.02764121529236,15.650220918144779,60317.460317460325,0.0,317.4603174603253,0.0,10.666526904866513,21.03851225436632,3076.6496885618235,7498.855856909599,27618824.25821182,69524601.82198803,7500
60000.0,iir_o6_bw4500,6,4500.0,13.769600686208685,17.510496023772415,28.912931130940905,36.34619683694029,18.30672319445168,23.885943265147635,1.6105640469490357,0.207407656318634,1289101319.2077136,111639448930.32779,28.4096,27.664670713880337,27.4096,27.664670713880337,-2.593503660103367,2.801967818929799,214.7864,74.77648234136284,107.3932,37.38824117068142,27483695.939819068,69154976.41465954,2033.239355005802,4661.191490084666,50622.57677673532,221814.41652001019,40.516924432077985,6.695414797588282,27483695.939819068,69154976.41465954,2023.2631402968336,4645.977498140991,56624.62375810262,288845.60488755786,81.1368613250397,13.509593565201817,60317.460317460325,0.0,317.4603174603253,0.0,9.976225513141088,19.621267994465082,2023.263129492661,4645.977502846222,27483695.939819068,69154976.41465954,7500
60000.0,iir_o7_bw5000,7,5000.0,13.847672702681955,17.59366042640334,29.017536491087036,36.364883398709644,18.455464457567146,24.16030214403253,1.617463329152651,0.23164685152254216,1291725499.8779337,111866709640.30086,28.7028,28.242866239562005,27.7028,28.242866239562005,-2.6209148554894774,2.862720127261863,213.7532,79.55507541590244,106.8766,39.77753770795122,27603510.372832388,69475010.10895367,2957.692052391096,7298.001362326777,49500.80639534944,209760.05576693482,39.49229490041907,7.539295681227534,27603510.372832388,69475010.10895367,2947.013167133297,7281.60869893129,55416.028259097926,258715.87205208582,79.10019910820442,15.233131811323265,60317.460317460325,0.0,317.4603174603253,0.0,10.679726274087637,21.04197731193374,2947.0123261170083,7281.609039283873,27603510.372832388,69475010.10895367,7500
60000.0,iir_o8_bw4000,8,4000.0,13.666553845818795,17.397332049596432,28.599605042523486,36.049519723142474,18.2668802373228,23.74507499072557,1.5843636165058155,0.1773444412884652,1.3084090551980923,0.9852918718416216,28.948133333333335,27.847839715241708,27.948133333333335,27.847839715241708,-2.6542865414718166,2.815083406558175,215.69746666666666,71.71597844593241,107.84873333333333,35.857989222966204,27311193.441283382,68656306.80334783,1481.215364595343,3078.720014663562,195843.10503593838,2070851.9474025322,41.152561488626596,6.345867194116358,27311193.441283382,68656306.80334783,1471.5941852720048,3062.447724770304,253910.65092063273,3243605.2701293617,82.39916392391973,12.804168039823434,60317.460317460325,0.0,317.4603174603253,0.0,9.621590550430396,19.269715345152512,1471.5937740449128,3062.447922328385,27311193.441283382,68656306.80334783,7500
60000.0,iir_o5_bw4500,5,4500.0,13.738105447519146,17.472346868334693,28.702199230263044,36.06246063348353,18.389243573449605,23.995856986431967,1.593821126579563,0.20217697467384993,1279159699.0095775,110778479367.13309,29.0084,27.99469514927542,28.0084,27.99469514927542,-2.6566185290531315,2.833884365631649,214.23373333333333,75.67135029738581,107.11686666666667,37.83567514869291,27389438.53721518,68864162.85204743,1977.34543063532,4613.491023707364,59740.39705185896,2127795.7398380805,40.50233971080041,6.454151929044084,27389438.53721518,68864162.85204743,1967.2526603520694,4597.696559743244,63337.62655438758,2338797.7111286502,81.0897186007698,12.963986621614527,60317.460317460325,0.0,317.4603174603253,0.0,10.092779589174949,19.76660459658186,1967.2526510461453,4597.696563725395,27389438.53721518,68864162.85204743,7500
60000.0,iir_o6_bw5000,6,5000.0,13.839171678316653,17.58467341138312,28.888997219817668,36.19738680160633,18.537671945445748,24.26436596530119,1.6040578251233428,0.22674130448225913,1285304482.9213715,111310633260.5925,29.109733333333335,28.437729384086904,28.109733333333335,28.437729384086904,-2.6636793148488382,2.881383072537272,213.07346666666666,80.10053900460827,106.53673333333333,40.05026950230413,27576187.25050823,69389106.20294158,2853.756238847056,7074.543576554727,35428.91022093401,148404.9842440459,39.33962826781256,7.098537609266136,27576187.25050823,69389106.20294158,2843.0419285287053,7057.505392433467,39045.21026901579,197377.44735755472,78.77180323226598,14.303204416782842,60317.460317460325,0.0,317.4603174603253,0.0,10.714484115868927,21.05653771539154,2843.041754731187,7057.505462443678,27576187.25050823,69389106.20294158,7500
60000.0,iir_o7_bw4000,7,4000.0,13.64580619288476,17.37274292842623,28.51531877072056,35.93258210630984,18.275556988748633,23.761837823061764,1.5799697327868272,0.17585292949358677,1.3025979508750716,0.9684309797362279,29.149466666666665,27.863863916738836,28.149466666666665,27.863863916738836,-2.67551279849478,2.8162007233904176,215.50573333333332,71.81961924263214,107.75286666666666,35.90980962131607,27244177.603157457,68458693.73873536,1514.3977479017913,3147.464477112066,161849.36980721384,2541483.7832181808,41.024588998655155,6.176948590013947,27244177.603157457,68458693.73873536,1504.7123946972504,3131.2469835314787,204234.03505445932,3767773.5341693903,82.13258912852223,12.420494570891602,60317.460317460325,0.0,317.4603174603253,0.0,9.685359050138562,19.294402006906925,1504.7123888516526,3131.2469863408937,27244177.603157457,68458693.73873536,7500
60000.0,iir_o6_bw4000,6,4000.0,13.616274681135298,17.33709583859407,28.394574378491637,35.76843450733199,18.288303476669636,23.782036468803227,1.5734120697073526,0.17402626913125513,1.2917014015616635,0.9346672704162672,29.437866666666668,27.963027916153628,28.437866666666668,27.963027916153628,-2.7061797574400592,2.8253419066126324,215.4312,72.23728836275617,107.7156,36.11864418137809,27151429.097814962,68181279.1834569,1549.798711079005,3226.782536083873,117282.94145040064,1967471.4661173904,40.88653974906658,6.033335044215287,27151429.097814962,68181279.1834569,1540.034380722717,3210.56552669667,133933.32482805967,2472488.975904024,81.85037124432868,12.108763736450117,60317.460317460325,0.0,317.4603174603253,0.0,9.764334126643455,19.366929553527612,1540.0343769523615,3210.5655285054445,27151429.097814962,68181279.1834569,7500
60000.0,iir_o5_bw5000,5,5000.0,13.82398495301003,17.567705475064823,28.697057119683357,35.947116866264686,18.65319434497655,24.40749337353546,1.5847585957966224,0.21972966850347989,1.369970941308886,1.4998218584944036,29.609733333333335,28.6248145716869,28.609733333333335,28.624814571686898,-2.7189905525247386,2.896705289249516,212.52866666666668,81.34564602222079,106.26433333333334,40.672823011110395,27524080.565744907,69228489.70845705,3035.0162554243816,7185.064486117191,62954.133833942935,274934.7064536359,39.097482972909106,7.404711258438458,27524080.565744907,69228489.70845705,3024.2234086223657,7166.471869941766,80435.24318843719,396591.95106844575,78.34384115281043,15.100830353188684,60317.460317460325,0.0,317.4603174603253,0.0,10.80657904066723,21.123958616898804,3024.2096763837144,7166.477659028969,27524080.565744907,69228489.70845705,7500
60000.0,iir_o5_bw4000,5,4000.0,13.57134575738433,17.28211365347223,28.20730155672833,35.51632247977374,18.3094966527925,23.813419644111654,1.5630281172848464,0.17165041109178875,1.2874980910680691,0.9285785849741749,29.8268,28.10574780185128,28.8268,28.105747801851283,-2.7471080973530015,2.8391508282819315,215.27426666666668,73.04417867337078,107.63713333333334,36.52208933668539,27010242.08328961,67759149.29251336,1579.371753298298,3313.488666713591,50767.86348177259,322064.0194584084,40.73302779175147,5.790850853842468,27010242.08328961,67759149.29251336,1569.5073380251313,3297.1665977981534,51694.30679112669,333589.63533918187,81.5373840038232,11.600775785095532,60317.460317460325,0.0,317.4603174603253,0.0,9.864415273166756,19.4791911829797,1569.5073380251313,3297.1665977981534,27010242.08328961,67759149.29251336,7500
60000.0,iir_o4_bw4500,4,4500.0,13.684038676439533,17.40657286499518,28.362833595941527,35.6125543441864,18.511477545886773,24.154666555010117,1.5676198897365516,0.19423386755503805,1.3289723617062161,1.2188412461459648,29.907866666666667,28.428927848948316,28.907866666666667,28.428927848948312,-2.7531142811553666,2.873294366613668,213.53546666666668,76.75210177447349,106.76773333333334,38.376050887236744,27216662.014196973,68343695.72204804,2240.989380298717,5174.231812313945,55336.59638721792,206704.89575330363,40.37311769094814,7.031387478014298,27216662.014196973,68343695.72204804,2230.6597484753106,5156.629947899572,64828.8842771144,284502.29316339537,80.894629253525,14.286225988254516,60317.460317460325,0.0,317.4603174603253,0.0,10.329884872404941,20.051054011636054,2230.6594954263123,5156.630057361898,27216662.014196973,68343695.72204804,7500
60000.0,iir_o8_bw5500,8,5500.0,13.886029215597993,17.63436515529349,28.71402092192289,35.859081249847655,18.865358162315548,24.731616509544956,1.581634903746383,0.2406923849734626,1.3750371746813486,1.6255471302643558,30.524266666666666,29.838567712698765,29.524266666666666,29.838567712698765,-2.812232386092925,3.0199711746217335,211.026,85.7866324289928,105.513,42.8933162144964,27602605.955287587,69408433.24854042,4615.076894719692,12002.012478144268,51077.87743662876,246177.20516816707,37.3372885282398,7.727714704299709,27602605.955287587,69408433.24854042,4603.525160461828,11983.110781319916,64503.4383878884,353430.47280263633,74.78914082521482,15.692330352565337,60317.460317460325,0.0,317.4603174603253,0.0,11.558214018315063,22.986261864522127,4603.518680701377,11983.11326918146,27602605.955287587,69408433.24854042,7500
60000.0,iir_o4_bw5000,4,5000.0,13.794079469611987,17.532182984058345,28.40279813249261,35.56581038979067,18.817259698591823,24.603298915414005,1.5565045783240101,0.20988864126187387,1.3381774156982298,1.3762715405120531,30.46826666666667,28.841704275515532,29.46826666666667,28.841704275515532,-2.8124696702333036,2.9137043190161833,211.20173333333332,83.09277721285753,105.60086666666666,41.54638860642876,27414869.92091541,68898795.06214413,5062.867099186916,11756.990712933955,16689.333081307996,77656.56469565786,36.68468917760777,6.09964169505287,27414869.92091541,68898795.06214413,5051.722342341018,11739.370212310278,19361.284842261564,106417.75557506584,73.45633259833113,12.351977555194377,60317.460317460325,0.0,317.4603174603253,0.0,11.148681095602644,21.57931816581533,5051.718418091313,11739.371896864737,27414869.92091541,68898795.06214413,7500
60000.0,iir_o4_bw4000,4,4000.0,13.496928263921529,17.19025198825948,27.89208290963236,35.09625447219872,18.3456713101206,23.866654964730348,1.5454012621818232,0.16820250168289122,1.2734715162014665,0.8668700170182307,30.463333333333335,28.332068103710576,29.463333333333335,28.332068103710576,-2.8144922288214356,2.860380797730034,214.62213333333332,73.51050257829904,107.31106666666666,36.75525128914952,26769567.231328018,67053264.35068991,1628.0149481608305,3517.4295938731548,28802.801007755465,67567.27447844694,40.6538568975222,5.598447915108363,26769567.231328018,67053264.35068991,1618.0058034901494,3500.652333414457,29297.176807388725,72962.70862887925,81.38292729561446,11.221598327024482,60317.460317460325,0.0,317.4603174603253,0.0,10.009144670680872,19.629918284836172,1618.0058034901494,3500.652333414457,26769567.231328018,67053264.35068991,7500
60000.0,iir_o7_bw5500,7,5500.0,13.88718688935424,17.637235703962318,28.64673852689998,35.77275305281916,18.924633218365503,24.803488182946097,1.5730562028728008,0.2369844577135647,1.3769606783797228,1.654970478920038,30.7048,29.781070809892185,29.7048,29.781070809892185,-2.8323014009258087,3.0132881823127793,210.57253333333333,86.11035751525529,105.28626666666666,43.055178757627644,27597688.918151375,69397376.10720162,4805.039989791343,11911.558585038942,28930.13820338082,119006.37076496375,36.881829245135904,7.121185519870736,27597688.918151375,69397376.10720162,4793.468575044957,11891.973579227746,32203.46985962482,152258.06589203648,73.84014478906141,14.367002797937714,60317.460317460325,0.0,317.4603174603253,0.0,11.571458045366853,22.938066361370094,4793.468531745975,11891.973596682354,27597688.918151375,69397376.10720162,7500
60000.0,iir_o6_bw5500,6,5500.0,13.887691172764516,17.639273070629166,28.553956419795945,35.652516600692095,19.004926292660368,24.898557043684836,1.5614647808588908,0.23210074481747422,1.36714473306384,1.6008385317788174,31.0012,29.744511482878913,30.0012,29.744511482878917,-2.865773600203641,3.007177052338883,209.9016,87.20444025025269,104.9508,43.602220125126344,27586488.54811318,69367880.04829253,5483.073087095171,12765.44953692273,12729.54646882131,46606.083553774435,36.01027401562442,6.178063986029064,27586488.54811318,69367880.04829253,5471.446325909487,12745.628442150182,13704.905425822013,65738.31238304688,72.07327358160487,12.424024250137425,60317.460317460325,0.0,317.4603174603253,0.0,11.626763179047336,22.928542457956024,5471.446323916123,12745.628443005995,27586488.54811318,69367880.04829253,7500
60000.0,iir_o2_bw5500,2,5500.0,13.753528582996427,17.4236274595622,28.589104551859258,35.30970572755669,19.575539577028568,25.268127709066004,1.5288647590041478,0.23201081338907356,1.1163776332392685,0.3796085364593988,30.816133333333333,27.95045778028648,29.816133333333333,27.95045778028648,-2.8660943561228165,2.802169388551262,209.2532,104.85113252174294,104.6266,52.42556626087147,26680003.126701258,66806801.04138534,290974.7230932699,700729.9120082965,193.8124718399769,960.4880129281246,18.352137302227884,5.012732452376705,26680003.126701258,66806801.04138534,289842.4777473233,699811.408268916,216.93324753603898,1348.8801541148978,36.77499658266158,10.11664252079149,60317.460317460325,0.0,317.4603174603253,0.0,1132.259277382591,2574.1552265368987,289842.46381588734,699811.4140390864,26680003.126701258,66806801.04138534,7500
60000.0,iir_o1_bw2500,1,2500.0,10.495038464425175,13.480054206581102,21.362616656824624,26.77236178738481,15.329564639529352,19.96030232926638,1.4509053180643539,0.19473790364300964,1.0726831258916778,0.1281466604291791,30.724266666666665,20.994578842508954,29.724266666666665,20.994578842508954,-2.872868362970622,2.1068120805766375,213.84093333333334,94.0097350021025,106.92046666666667,47.00486750105125,16607664.967235051,41201560.667205125,120789.75560910186,266464.6776629331,230.47141188780068,516.4135253679101,20.236830152482934,4.915908416918227,16607664.967235051,41201560.667205125,108544.42566582523,252159.96985983002,299.5209613633447,787.143949553588,41.87204889265309,10.144424454699763,60317.460317460325,0.0,317.4603174603253,0.0,14181.64222340577,34004.50550161621,106608.1133856961,251865.71655100444,16607664.967235051,41201560.667205125,7500
60000.0,iir_o5_bw5500,5,5500.0,13.885876083253406,17.63799823635578,28.42439731950589,35.47972360419076,19.11636641596569,25.025187637647875,1.545625794160971,0.22578086192372843,1.3917931910166292,1.681155896568462,31.319866666666666,29.728813054436607,30.319866666666666,29.728813054436614,-2.89912262918667,3.0050698537856935,208.67306666666667,88.65961492268036,104.33653333333334,44.32980746134018,27560333.376988996,69293887.52456889,7834.22661369207,18477.73145956154,8733.060453152404,46661.49624082882,34.60872179179034,5.727338409261823,27560333.376988996,69293887.52456889,7822.417306033496,18460.553722530425,9700.192707278438,64565.56126758428,69.2718978306118,11.540475902176658,60317.460317460325,0.0,317.4603174603253,0.0,11.809481502151133,23.101683256220568,7822.417132189918,18460.553796201293,27560333.376988996,69293887.52456889,7500
60000.0,iir_o3_bw4500,3,4500.0,13.578595081853088,17.276115908251516,27.79651838857037,34.8803980411691,18.684586773130093,24.367043351670226,1.526297701352708,0.18406834024702717,1.2830945531834081,1.138989759154135,31.273333333333333,28.867146213408155,30.273333333333333,28.86714621340816,-2.900786373675344,2.910838603365489,211.30693333333335,80.43187653845534,105.65346666666667,40.21593826922767,26851218.59318068,67285155.22095214,6572.258352325787,15814.942290844974,20734.877206846442,88961.5421474156,35.90932919057275,6.475445216502123,26851218.59318068,67285155.22095214,6560.325214069515,15797.800087004776,26914.70271390141,133318.77190741527,71.95119301394004,13.265416335777527,60317.460317460325,0.0,317.4603174603253,0.0,12.046543734755142,23.27419889645301,6560.211808591032,15797.846960140174,26851218.59318068,67285155.22095214,7500
60000.0,iir_o4_bw7000,4,7000.0,14.270443781586241,18.011400804173505,29.534297162074427,35.895100352373014,20.848311063982614,27.100823920941007,1.5157227145872867,0.2716838309275375,1.1148597674406304,0.30341707351073327,31.245733333333334,28.21232839012015,30.245733333333334,28.212328390120142,-2.911413281511538,2.830159667963455,204.8292,116.39011003970795,102.4146,58.195055019853974,27518174.823209297,69128096.41089396,413059.98247825867,1056693.2061169746,166.1349258468182,1833.8306307925643,16.944968375979364,5.3206263725139875,27518174.823209297,69128096.41089396,413031.179917206,1056664.8353793414,166.90514754895122,1886.5296480991622,33.89128938058206,10.642586937716628,60317.460317460325,0.0,317.4603174603253,0.0,28.802561052615907,60.02654685970965,413031.179917206,1056664.8353793414,27518174.823209297,69128096.41089396,7500
60000.0,iir_o3_bw5000,3,5000.0,13.727442921721037,17.44763580082675,27.976468936258144,34.99872243957474,19.042126787480775,24.845121796738315,1.5182056348115784,0.20042050544861306,1.3640468883707688,1.384718067260224,31.434666666666665,29.13650155707245,30.434666666666665,29.136501557072457,-2.91383480998212,2.941848366518342,209.34906666666666,88.4087177035028,104.67453333333333,44.2043588517514,27151931.006767437,68130189.20527713,19944.524159293414,50020.00925304942,3200.4357164907024,15275.454455947283,30.57794755474798,5.483121188135478,27151931.006767437,68130189.20527713,19929.655894554213,50004.10272142471,3399.3885322745987,20645.0158716741,61.17980712296896,11.005313598896404,60317.460317460325,0.0,317.4603174603253,0.0,14.868403016207104,29.80989401926545,19929.655756277203,50004.10277654217,27151931.006767437,68130189.20527713,7500
60000.0,iir_o3_bw6500,3,6500.0,14.121775122538908,17.85457568820859,29.260835396946256,35.85161698102495,20.42847202346046,26.499580007873675,1.518599888116175,0.25636575449686805,1.1229104220716994,0.3955126291589598,31.2956,28.226697530892025,30.2956,28.22669753089202,-2.9154192851235616,2.8311503443180213,207.05613333333332,112.57104163284711,103.52806666666666,56.285520816423556,27437389.124402583,68909846.79889095,348640.04823212686,870982.5105451338,202.4982519389192,2480.4612746256344,17.63771367029009,5.13893097659168,27437389.124402583,68909846.79889095,348578.6816504156,870934.7231837849,204.06338108487518,2576.3110137025374,35.27814506800456,10.280582764291836,60317.460317460325,0.0,317.4603174603253,0.0,61.36658171129143,135.63829043354386,348578.6816504156,870934.7231837849,27437389.124402583,68909846.79889095,7500
60000.0,iir_o3_bw4000,3,4000.0,13.358124937440325,17.01816460219368,27.317287522657306,34.347052678720914,18.402845740259494,23.950654662753543,1.5138237819764393,0.16332633764090715,1.2471362117056366,0.7577353512917476,31.604933333333335,28.68609258711637,30.604933333333335,28.686092587116374,-2.9359803023299165,2.893019229994261,213.14226666666667,76.32354681247001,106.57113333333334,38.16177340623501,26295575.937836092,65717754.37700859,2644.667293262436,6134.405080149506,30565.44488834993,97230.11233375054,39.670220201598994,6.265475900938592,26295575.937836092,65717754.37700859,2633.91409252415,6116.48599356082,35294.57565651603,141035.03245441883,79.47792733430472,12.726868843388324,60317.460317460325,0.0,317.4603174603253,0.0,10.75362160639282,20.727769556662942,2633.9136716560433,6116.4861747922605,26295575.937836092,65717754.37700859,7500
60000.0,iir_o4_bw5500,4,5500.0,13.877060411326635,17.62614953778943,28.2599169467556,35.253745034178195,19.271353348778604,25.185580309551266,1.5247556371879087,0.2187866408448385,1.3536575741952737,1.492611333452191,31.69386666666667,29.686819578444524,30.69386666666667,29.686819578444524,-2.9407254261148306,2.997888039410364,208.41693333333333,91.70854100970143,104.20846666666667,45.85427050485072,27495059.041682202,69103911.24956538,16846.701761203447,43110.569496838514,5584.642969299761,20372.454556657845,31.747770716711866,6.147346443935256,27495059.041682202,69103911.24956538,16834.183203000714,43097.352607092456,6333.362793597577,28081.347505897593,63.557837546776845,12.432217561193957,60317.460317460325,0.0,317.4603174603253,0.0,12.52244508939669,24.339190621276842,16834.179316114052,43097.35412504497,27495059.041682202,69103911.24956538,7500
60000.0,iir_o3_bw5500,3,5500.0,13.847409498305625,17.581083619174834,28.11884128283114,35.01130399666123,19.47440927912758,25.353932371544918,1.5037711396357094,0.21505915896239663,1.474824553398387,1.7839889313922686,32.040533333333336,29.4827156333736,31.040533333333332,29.482715633373594,-2.9732107106574635,2.9813699167488203,208.24853333333334,96.87481094199985,104.12426666666667,48.43740547099993,27311717.168598052,68572174.37622987,58117.495431545554,147714.497606782,984.5701640640933,10129.676655806084,25.66160833439312,5.17657177220483,27311717.168598052,68572174.37622987,58096.659240591536,147696.74332458767,1001.437749500872,11030.758774442145,51.33095457126921,10.362314793036527,60317.460317460325,0.0,317.4603174603253,0.0,20.836342036679888,44.110632455075,58096.65908950887,147696.74338402334,27311717.168598052,68572174.37622987,7500
60000.0,iir_o4_bw6000,4,6000.0,13.968341096318813,17.725009559815916,28.228133145826643,34.99696470446885,19.81590839207068,25.839875947939206,1.4949630878756983,0.22940869838488367,1.4448552281439693,1.717258170287555,32.052,29.34658854054184,31.052,29.34658854054184,-2.977673186571252,2.967771553157629,205.14906666666667,101.82225631975798,102.57453333333333,50.911128159879,27522246.611984152,69159196.10528222,56590.94917455844,149291.86506160404,1298.0073054390455,6872.498701996287,26.138364950497163,5.758185414010497,27522246.611984152,69159196.10528222,56575.962403341415,149280.00288650848,1326.4791731470946,7512.623487140769,52.28894783119839,11.537035658822504,60317.460317460325,0.0,317.4603174603253,0.0,14.98677121702647,29.475399810073764,56575.962403341415,149280.00288650848,27522246.611984152,69159196.10528222,7500
60000.0,iir_o7_bw3500,7,3500.0,13.337436437739175,17.0199941260323,27.28658757351443,34.42603416315855,18.3563424356693,23.793616442952597,1.501969821153621,0.13267370425991845,11849289604.219059,725569655707.8899,32.055733333333336,28.87599816857572,31.055733333333333,28.87599816857572,-2.9825622184606715,2.9143105004439476,216.07813333333334,73.41178425287838,108.03906666666667,36.70589212643919,26414223.046598326,66026291.93465351,1615.2390824090442,3179.9006188655917,30706.646988847624,347551.76217788993,40.10783674605616,4.821345105614573,26414223.046598326,66026291.93465351,1604.8885114384213,3160.802333458717,33646.36015689393,429534.95393677586,80.28170841744154,9.665323403387712,60317.460317460325,0.0,317.4603174603253,0.0,10.350572049868193,20.68812612506784,1604.888510359176,3160.802334006762,26414223.046598326,66026291.93465351,7500
60000.0,iir_o6_bw3500,6,3500.0,13.30495629439897,16.977614191951776,27.204903241135174,34.31530191759548,18.324799513642386,23.754814497905176,1.5003553095417284,0.13378941570654132,17740145036.9638,886898683851.4474,32.080666666666666,28.867013472435925,31.080666666666666,28.867013472435925,-2.9841082110111015,2.915074936480089,216.10133333333334,73.66403136419073,108.05066666666667,36.83201568209537,26314259.504809197,65719677.5794939,1607.071041104125,3175.218424843511,28402.98739657293,219232.97818526073,40.11248858471678,4.8555836014536675,26314259.504809197,65719677.5794939,1596.76411788312,3156.2129740422165,30749.22425467775,295112.8426829041,80.29030231215808,9.730242838823102,60317.460317460325,0.0,317.4603174603253,0.0,10.306924804409725,20.631289714522975,1596.7641162997154,3156.212974843373,26314259.504809197,65719677.5794939,7500
60000.0,iir_o8_bw3500,8,3500.0,13.359481728016668,17.049552719219733,27.339142884032384,34.49950684242873,18.380109242418897,23.822826229416318,1.502872377467104,0.13187161160045865,1.2346277198668552,0.7370261911628246,32.064933333333336,28.89143839197354,31.064933333333332,28.89143839197355,-2.9850115401371293,2.9124261832318545,216.078,73.4604690161161,108.039,36.73023450805805,26475738.18632265,66231904.92701207,1629.8510661482865,3196.623061371142,30687.679346819044,336596.7351393835,40.09489658385234,4.794579689388255,26475738.18632265,66231904.92701207,1619.467745984815,3177.5385097795443,33792.919562110976,449733.82759327855,80.2563552855954,9.614125848840194,60317.460317460325,0.0,317.4603174603253,0.0,10.383320455196456,20.694181857691806,1619.4677456930901,3177.5385099282407,26475738.18632265,66231904.92701207,7500
60000.0,iir_o5_bw3500,5,3500.0,13.254353010213057,16.912750153660593,27.068707978523292,34.13215516091976,18.281325369223794,23.70163309201628,1.4971897859762135,0.1353325490920133,17629990609.321823,881392105737.3376,32.1592,28.854990384495782,31.1592,28.85499038449578,-2.992777383048609,2.9136506648005875,215.7192,73.9966775321575,107.8596,36.99833876607875,26149065.60397913,65239351.64059286,1602.4920016608394,3177.8397465871144,25891.6852435334,119375.06500640605,40.11118612187717,4.896411321079006,26149065.60397913,65239351.64059286,1592.2462517100942,3159.035765277366,27088.670267403282,154490.33202072518,80.28692852726712,9.807454137917313,60317.460317460325,0.0,317.4603174603253,0.0,10.245749950745244,20.50380691622213,1592.2462517100942,3159.035765277366,26149065.60397913,65239351.64059286,7500
60000.0,iir_o5_bw7000,5,7000.0,14.247707598815875,18.002492090510597,29.133948305967966,35.45355288463358,20.970395485174926,27.35313774977765,1.4930459978637878,0.2730644693719104,1.1290480895907227,0.35901116344427425,32.043733333333336,28.154938835066435,31.043733333333332,28.15493883506643,-2.9937297450818208,2.826988899077742,203.8036,117.33408768181692,101.9018,58.66704384090846,27530773.50760555,69155008.4476286,280250.6237639774,735220.2091233074,245.0474292686702,1316.2749861488373,18.8400842585107,5.675388275687547,27530773.50760555,69155008.4476286,280225.9947921317,735195.5615706858,245.67498582384943,1344.0343973318904,37.682413310790324,11.353181142388964,60317.460317460325,0.0,317.4603174603253,0.0,24.628971845718574,47.930909710079966,280225.9947921317,735195.5615706858,27530773.50760555,69155008.4476286,7500
60000.0,iir_o5_bw6000,5,6000.0,13.961990676026867,17.72389504189043,28.174808124536078,34.97022538958035,19.706783973398633,25.758941101338056,1.5007033383757857,0.231147251154538,1.3269942371618442,1.520988221635803,32.17466666666667,28.80197386838939,31.174666666666667,28.801973868389393,-2.9963325507806817,2.907281411709456,205.3656,98.76933458400572,102.6828,49.38466729200286,27560963.626594756,69263475.24809276,28761.542612942554,75380.11825857972,4020.178559272843,22570.57915744939,29.57158492555619,6.375449017349246,27560963.626594756,69263475.24809276,28748.144992627535,75368.24967949095,4501.630339357376,33569.4253978193,59.185464776216456,12.837996632219202,60317.460317460325,0.0,317.4603174603253,0.0,13.397771868909773,26.112120514201848,28748.14484107364,75368.24973730349,27560963.626594756,69263475.24809276,7500
60000.0,iir_o3_bw6000,3,6000.0,13.970591446215822,17.70920015183066,28.517313455697142,35.26575525431374,19.95384284007162,25.870525839963694,1.4996001107594676,0.23087680667669974,1.240599706845549,1.0415384117587254,32.2976,29.258917366723132,31.2976,29.258917366723132,-3.0106716425147106,2.9453627749665348,206.5436,106.88451901824128,103.2718,53.44225950912064,27395216.55605535,68798048.07241216,151196.83109752138,382306.33327489183,345.6439446467977,1118.9872901789581,21.358857535748122,5.118988145242159,27395216.55605535,68798048.07241216,151163.1734191194,382280.229233946,346.083362028276,1121.5068728222493,42.72137442941252,10.240946708860008,60317.460317460325,0.0,317.4603174603253,0.0,33.65767840196022,73.84616117717718,151163.1734191194,382280.229233946,27395216.55605535,68798048.07241216,7500
60000.0,iir_o4_bw3500,4,3500.0,13.16934242110497,16.805341060425032,26.822324176959597,33.80274503284481,18.220165221892977,23.63077903666327,1.490481812786592,0.13726430244857407,11662127841.582075,714120032913.2996,32.40213333333333,28.859974737823435,31.40213333333333,28.85997473782344,-3.0193994190991584,2.912047017140749,214.8396,73.8817438441313,107.4198,36.94087192206565,25860479.26823781,64434803.58135078,1594.0591998619475,3192.478034001728,26200.074852372265,146075.17993263656,40.13109383574374,4.921477688183654,25860479.26823781,64434803.58135078,1583.902490886776,3173.964709413494,26739.131626154274,156327.5332139132,80.3258780022747,9.850930131297698,60317.460317460325,0.0,317.4603174603253,0.0,10.156708975171444,20.266191090446863,1583.902490886776,3173.964709413494,25860479.26823781,64434803.58135078,7500
60000.0,iir_o6_bw6000,6,6000.0,13.955696454772896,17.71884616013745,28.18904888009922,35.01901335521447,19.62976266795245,25.68861291409532,1.5072809407078296,0.23306111883388297,1.2980658985077247,1.4248385835831883,32.6488,29.06387367610191,31.6488,29.063873676101917,-3.0445885870982714,2.933858917966516,206.22013333333334,96.55703725177808,103.11006666666667,48.27851862588904,27573895.176124446,69292718.27880153,18800.97390412835,46947.57489799671,5769.866443333191,28775.152021809212,31.215713436311393,6.1148321904183005,27573895.176124446,69292718.27880153,18788.14320591075,46933.764816981435,6317.5234017754165,36054.69462770571,62.48179227493959,12.32630088942991,60317.460317460325,0.0,317.4603174603253,0.0,12.830774948837677,25.22996501033578,18788.14312917951,46933.76484770108,27573895.176124446,69292718.27880153,7500
60000.0,iir_o6_bw7000,6,7000.0,14.237845996081514,18.00095394003853,28.916103977089964,35.21973347956947,21.02095688693073,27.484296927935098,1.4822376201461513,0.27484354318830206,1.1258945104312126,0.3686267359850126,32.596133333333334,28.33198990427276,31.596133333333334,28.33198990427276,-3.0516309742143553,2.844658122477039,202.75893333333335,116.8510826234125,101.37946666666667,58.42554131170625,27533162.38574961,69154600.44975224,215764.80529910434,571538.8253646974,444.74803113580793,2366.880502845935,20.23133207055814,6.15058341291043,27533162.38574961,69154600.44975224,215741.98877276244,571516.9390036423,446.9216805058949,2444.379505942029,40.46606393796966,12.305428269816506,60317.460317460325,0.0,317.4603174603253,0.0,22.816526341890153,43.410210198091114,215741.98877276244,571516.9390036423,27533162.38574961,69154600.44975224,7500
60000.0,iir_o4_bw6500,4,6500.0,14.092886628345974,17.848804186658224,28.651979889133717,35.21525747048333,20.410742403473343,26.54185767854223,1.4876628682837436,0.24858428270694527,1.1732152911002112,0.6725606001169698,32.708666666666666,29.0130641712988,31.708666666666666,29.013064171298804,-3.0583172898463773,2.916980497628017,204.5752,111.02401116770838,102.2876,55.51200558385419,27525510.741140682,69154518.26339869,164980.03973698037,430738.2715421667,367.29884420483353,1777.1411469393606,21.14434857578669,5.457223154874739,27525510.741140682,69154518.26339869,164960.2294288646,430722.31810818997,373.7500916310448,2227.044552668335,42.292103878218825,10.919322281368629,60317.460317460325,0.0,317.4603174603253,0.0,19.8103081157699,39.83137623857032,164960.2294288646,430722.31810818997,27525510.741140682,69154518.26339869,7500
60000.0,iir_o2_bw5000,2,5000.0,13.5563594890704,17.21184973026905,27.771980972188853,34.57435729635052,19.22848219396799,24.87794601400524,1.500992356576078,0.2070664199199264,1.1907598342511854,0.7883402999839687,32.8436,29.200922900251484,31.8436,29.200922900251484,-3.06846817936456,2.9351280945232974,210.7544,98.49054370310479,105.3772,49.245271851552396,26364882.420570403,65947828.4340548,143692.59740277546,347211.0314857922,393.27743068270075,1992.7340903829463,21.438676992947567,5.033822017815979,26364882.420570403,65947828.4340548,143156.31684971432,346772.08847225434,434.68196149360796,2826.401340708529,42.942806151622264,10.145759368242793,60317.460317460325,0.0,317.4603174603253,0.0,536.2851925749563,1200.97671519331,143156.31221020047,346772.0903876614,26364882.420570403,65947828.4340548,7500
60000.0,iir_o2_bw4500,2,4500.0,13.33374573922332,16.960803690999338,27.05430085483198,33.87081683537643,18.84161267421423,24.46767924785923,1.4831247453691694,0.18757530437106448,2772881588.6679597,169792634754.93176,33.0264,29.59731693688885,32.0264,29.597316936888845,-3.071439102971452,2.9961499368825275,212.15266666666668,91.73610246001743,106.07633333333334,45.86805123000872,25885388.16851108,64647092.05019563,64671.478807080195,156493.75805104026,967.9160070606792,6046.859581570344,24.9645167292825,5.132884057607183,25885388.16851108,64647092.05019563,64430.21420690136,156288.63143989598,1069.313687861682,8263.58361839506,49.99278661942793,10.337746182174605,60317.460317460325,0.0,317.4603174603253,0.0,241.26621816205554,528.4228477873955,64430.21258891814,156288.6321069468,25885388.16851108,64647092.05019563,7500
60000.0,iir_o5_bw6500,5,6500.0,14.076790619392675,17.842650390393437,28.368831632331418,34.91158694609921,20.37576117619431,26.574058217361426,1.477782591148246,0.2478420577876191,1.298364924207924,1.1665178041301985,32.912933333333335,29.114211381548188,31.912933333333335,29.11421138154818,-3.073049735384513,2.9368495105042656,203.23506666666665,109.05092430087124,101.61753333333333,54.52546215043562,27548379.61826848,69209934.02339135,97971.44282623546,261121.81348691313,1043.5016028683096,3753.4896702022293,23.87579572133618,6.217502183095819,27548379.61826848,69209934.02339135,97954.5808320181,261108.93354480687,1054.5104915087302,3835.9979940263756,47.76054674185785,12.45041133810439,60317.460317460325,0.0,317.4603174603253,0.0,16.861994217375273,32.53138989725723,97954.5808320181,261108.93354480687,27548379.61826848,69209934.02339135,7500
60000.0,iir_o7_bw6000,7,6000.0,13.950394032146237,17.71348756907112,28.210436903169455,35.06436181740354,19.573313307378836,25.631557246653877,1.5127487170916567,0.23468656044111802,1.3258647992674546,1.572448218362758,32.98453333333333,29.329162746668104,31.984533333333335,29.329162746668107,-3.0760610054901365,2.963370777778967,206.488,95.37648388967385,103.244,47.688241944836925,27578108.96912141,69297757.18926536,14570.112724117384,34677.08434791418,6860.830038871377,158125.42719294358,31.90069283854111,5.65779357321705,27578108.96912141,69297757.18926536,14557.543009032377,34660.94550696616,7551.294404882886,180156.97193439805,63.83943417993695,11.38850529519068,60317.460317460325,0.0,317.4603174603253,0.0,12.569892446380578,24.927167288390635,14557.542831671004,34660.945581464424,27578108.96912141,69297757.18926536,7500
60000.0,iir_o3_bw3500,3,3500.0,13.010382482989623,16.607132116732423,26.333264991049926,33.162123182338355,18.1289419036243,23.533915742665478,1.4749346710144007,0.13941869024551562,1.2034649074820707,0.6455461960447453,32.90893333333333,28.873938666326232,31.908933333333334,28.87393866632622,-3.076740728329109,2.907835306892443,213.66493333333332,75.77270439078306,106.83246666666666,37.88635219539153,25300913.83282388,62940419.17924863,1741.4246999933039,3765.366292770157,24955.98632711807,76962.6936989123,40.29132631916822,5.2493874051701575,25300913.83282388,62940419.17924863,1731.1963716564424,3747.2413421116457,25761.563442773782,86268.84919045685,80.66673790089291,10.543982233293336,60317.460317460325,0.0,317.4603174603253,0.0,10.228330291422456,20.132541501442834,1731.1963697018814,3747.2413430147485,25300913.83282388,62940419.17924863,7500
60000.0,iir_o7_bw7000,7,7000.0,14.233981496717082,18.002537945864173,28.786036995309093,35.081136219085366,21.044870132610445,27.5546871508283,1.4766183910038089,0.27706373897924585,1.1346383777839855,0.39176507554377415,32.86933333333333,28.30368420119198,31.869333333333334,28.30368420119198,-3.079244902450278,2.8433870733483015,202.212,116.55728464041628,101.106,58.27864232020814,27533396.002858482,69150128.30867642,181159.11181532653,478988.40558483475,622.092775679637,2573.2977044634267,21.171062928962737,6.454953233837344,27533396.002858482,69150128.30867642,181137.70541068632,478968.947780218,625.046274221108,2610.563456615151,42.34685857022273,12.916618474098351,60317.460317460325,0.0,317.4603174603253,0.0,21.406404640215513,40.3487742363059,181137.70541068632,478968.947780218,27533396.002858482,69150128.30867642,7500
60000.0,iir_o2_bw4000,2,4000.0,13.051226655488668,16.63256045944171,26.30338057751295,33.04030836597473,18.427891963471907,23.97097843277234,1.46585301922349,0.16616347132761905,1.2766543751315893,0.8783780370734817,33.06733333333333,28.840403986002553,32.06733333333333,28.840403986002546,-3.0878832533960217,2.9086420352682136,212.1584,85.65920952314549,106.0792,42.829604761572746,25149382.852515202,62666318.0875654,26428.516597794383,63915.28817147985,3083.4369227235684,19946.732945858035,29.00236265347156,5.431491179437593,25149382.852515202,62666318.0875654,26324.272668282803,63818.63301003486,3427.107883652848,25607.730988735115,58.077729512023794,10.952915394914498,60317.460317460325,0.0,317.4603174603253,0.0,104.24413617455753,221.23505168732976,26324.272461619825,63818.63309528951,25149382.852515202,62666318.0875654,7500
60000.0,iir_o8_bw6000,8,6000.0,13.946131555597304,17.708793809147245,28.228937332449924,35.0976004874564,19.532419517970673,25.58718049677666,1.5169710094387185,0.23617042765709456,1.3276170074754023,1.6159218009513658,33.13106666666667,29.519791280978293,32.13106666666667,29.51979128097828,-3.0902524375661655,2.983188032545363,207.1256,94.63580550051343,103.5628,47.317902750256714,27579072.50697292,69294751.6436787,12508.115570243031,29076.31632189136,5205.967493259612,24311.031549790707,32.42038313879886,5.636112273798077,27579072.50697292,69294751.6436787,12495.672969007399,29058.36854546505,5703.281196951525,37465.16798067215,64.88188174550994,11.349377454453029,60317.460317460325,0.0,317.4603174603253,0.0,12.44271922725688,24.82475783841614,12495.672851015774,29058.368596184104,27579072.50697292,69294751.6436787,7500
60000.0,iir_o8_bw7000,8,7000.0,14.232978967324941,18.005301610004388,28.705775348489148,35.00122330382999,21.05838317478604,27.595874350899162,1.4734881996462101,0.2791671292844429,1.1416702934620413,0.45746209172441343,33.1784,28.402690045373795,32.1784,28.402690045373795,-3.1104043594179864,2.8543800913882933,201.49706666666665,116.36393341608152,100.74853333333333,58.18196670804076,27533279.978583522,69146267.98849145,161000.1351670863,422204.1476908605,1062.0440638799696,23250.733770854767,21.798925891092367,6.663081635769881,27533279.978583522,69146267.98849145,160979.82304921723,422186.54248995334,1248.8479788341688,38931.98273191079,43.604690922975365,13.340031123933999,60317.460317460325,0.0,317.4603174603253,0.0,20.312121360618836,38.165552140798596,160979.82304572567,422186.54249128496,27533279.978583522,69146267.98849145,7500
60000.0,iir_o6_bw6500,6,6500.0,14.067409985326865,17.838375324021627,28.22290416931702,34.75581798331776,20.339058112160366,26.57115576897646,1.4746110649841593,0.2479114296768188,1.3710920840165899,1.3944762604638798,33.54813333333333,29.332539432596597,32.54813333333333,29.332539432596597,-3.1327430704691275,2.965747954301201,203.43586666666667,107.84705289664353,101.71793333333333,53.923526448321766,27554944.043051578,69219471.42518385,69393.02693573001,183821.0208854018,2421.2881680183236,23806.645907507227,25.674341240386227,6.627825826149842,27554944.043051578,69219471.42518385,69377.4903098676,183809.32253386566,2623.2178387151416,33258.9370716727,51.36704260757788,13.295384024141718,60317.460317460325,0.0,317.4603174603253,0.0,15.536741000652105,29.918431062855035,69377.49019472935,183809.32257732944,27554944.043051578,69219471.42518385,7500
60000.0,iir_o2_bw3500,2,3500.0,12.663465939763972,16.175277216799575,25.309059554693828,31.864049884180158,17.95626750532382,23.35078460615952,1.4404047424223743,0.14486884500227354,1.193075601761593,0.5934602474983829,33.78426666666667,28.69311703395495,32.78426666666667,28.69311703395495,-3.1702035238847754,2.8874014885691035,210.99466666666666,81.28066956245797,105.49733333333333,40.64033478122899,24016610.302447658,59657046.34989638,10002.874235851263,24185.206901220943,8063.8514644889865,36433.96350573179,33.496792590397,5.821714913748236,24016610.302447658,59657046.34989638,9958.003169585187,24136.584837005375,9584.890276261582,55976.04627772887,67.12992855832724,11.8741997189613,60317.460317460325,0.0,317.4603174603253,0.0,45.0058695601561,91.94816011400522,9957.868366291106,24136.63924603875,24016610.302447658,59657046.34989638,7500
60000.0,iir_o7_bw6500,7,6500.0,14.061653970591088,17.835560153001463,28.144514306529608,34.68075197306664,20.310441694687054,26.556530950142665,1.4735459036799439,0.24803219913454114,1.3707749610978388,1.4502077569294824,34.0652,29.54114824362694,33.0652,29.541148243626935,-3.184797909066103,2.9875533194574806,203.04093333333333,106.85923658714789,101.52046666666666,53.429618293573945,27557013.899110813,69217925.35265864,55383.2359445356,143586.51709538148,2231.1455533107037,16726.234220366296,26.648867011407606,6.431392927686377,27557013.899110813,69217925.35265864,55368.51030484252,143575.02789755142,2403.654794648841,23725.986739588137,53.31752204818304,12.900548700930827,60317.460317460325,0.0,317.4603174603253,0.0,14.725649663845415,28.557203660210288,55368.510294871754,143575.02790139726,27557013.899110813,69217925.35265864,7500
60000.0,iir_o8_bw6500,8,6500.0,14.057943227328643,17.833646299794108,28.09774981923922,34.63909783077551,20.290323449942285,26.541987583644005,1.473210711711476,0.2482296355182486,1.2967804923723905,1.4248228651095065,34.60026666666667,29.78020026750359,33.60026666666667,29.78020026750359,-3.244312493168918,3.0056266290659455,202.6484,106.50443184819638,101.3242,53.25221592409819,27557850.490316603,69214484.42871378,47661.27063893727,120502.0077330984,2027.8078047623744,9931.780946387446,27.22190911640585,6.215754005545748,27557850.490316603,69214484.42871378,47647.06361817002,120490.21701769243,2117.8348892224394,11703.238331824421,54.465700435373265,12.47251343151077,60317.460317460325,0.0,317.4603174603253,0.0,14.207100196571288,27.77293314811975,47647.0635387407,120490.21704910601,27557850.490316603,69214484.42871378,7500
60000.0,iir_o3_bw3000,3,3000.0,12.465396921423444,15.958081695360402,24.686383215807506,31.125862040316196,17.703733352054392,22.93592664559103,1.4142506480609396,0.12242230482105641,10660799717.981853,652794585605.6279,35.29213333333333,29.321306644122583,34.29213333333333,29.32130664412259,-3.326180381306273,2.9529197117238106,213.08,79.12719306086174,106.54,39.56359653043087,23595697.656015992,58306197.44675635,1619.8860429488814,3293.988670489173,33860.42755832662,359292.57696170383,39.787049282520265,4.786298928460268,23595697.656015992,58306197.44675635,1610.0654407879038,3275.22054312925,37655.771100115584,519185.7452889843,79.63915960641467,9.594573926244065,60317.460317460325,0.0,317.4603174603253,0.0,9.820602160977637,19.893251679752492,1610.0654407879038,3275.22054312925,23595697.656015992,58306197.44675635,7500
60000.0,iir_o2_bw3000,2,3000.0,12.110568007977161,15.518739511917282,23.843947941186254,30.07716410414182,17.336481426268776,22.522683698152022,1.4016387147246745,0.12858442412628765,1.1748514377160733,0.6095936514790414,35.3172,28.57226336953157,34.3172,28.572263369531573,-3.3326547585946438,2.8748569436509426,211.14013333333332,81.8267791061463,105.57006666666666,40.91338955307315,22284938.96195982,55146703.18025201,3856.0600650842352,9304.610884895688,21109.001422918023,62553.637973626515,37.900950632982116,6.334082248766843,22284938.96195982,55146703.18025201,3834.991015273575,9276.818105017564,24383.583920323592,85362.08052518965,76.00379444756912,12.955672766111253,60317.460317460325,0.0,317.4603174603253,0.0,21.09563192162373,41.876354348502716,3834.964433162612,9276.828879574936,22284938.96195982,55146703.18025201,7500
60000.0,iir_o4_bw3000,4,3000.0,12.62769922347013,16.15801115341486,25.041015870850497,31.57800014083569,17.913071848688972,23.17752994978747,1.4153898616769403,0.11896786259239174,27129771293.085323,1050474246375.8455,35.54893333333333,29.79820346798683,34.54893333333333,29.79820346798683,-3.3488297816262107,3.005946468185701,213.73226666666667,78.53904402516685,106.86613333333334,39.26952201258342,24184724.722173452,59731114.97441898,1721.6050839636714,3439.614448428448,27275.671169029523,233790.41113079802,39.49333178391845,4.697700483638839,24184724.722173452,59731114.97441898,1711.35539203625,3419.7796288942486,31049.928055576405,363954.1332636713,79.04933288315266,9.423158058833515,60317.460317460325,0.0,317.4603174603253,0.0,10.249692488774826,20.905185429907135,1711.3553914748964,3419.7796291752034,24184724.722173452,59731114.97441898,7500
60000.0,iir_o5_bw3000,5,3000.0,12.712967783745466,16.264617382137818,25.207958006920407,31.795661794472046,18.040239532987574,23.32829581375499,1.4138809985514795,0.11680786042026484,32782828898.78853,1158684175333.1233,35.82653333333333,30.142616336755438,34.82653333333333,30.142616336755435,-3.3760964113501055,3.041935899853492,214.00813333333335,78.65973629753309,107.00406666666667,39.32986814876654,24491291.573978104,60484269.67175935,1803.2675741783046,3601.1067422434357,22525.616556007837,131037.81534147248,39.3381594716442,4.615576212487951,24491291.573978104,60484269.67175935,1792.677119121535,3580.5298354191464,24141.10938827917,174354.99029941397,78.7374535608259,9.25322215874807,60317.460317460325,0.0,317.4603174603253,0.0,10.59045505676941,21.615300117403155,1792.677119121535,3580.5298354191464,24491291.573978104,60484269.67175935,7500
60000.0,iir_o6_bw3000,6,3000.0,12.761995088307351,16.32744179521345,25.294520568989135,31.910408998886126,18.11942562755883,23.426314891883504,1.4121814151228043,0.1155587381604863,32971131193.458603,1165339449637.3462,36.09053333333333,30.36568151160202,35.09053333333333,30.365681511602016,-3.403345315900283,3.0636085337308443,214.30146666666667,78.86869058058504,107.15073333333333,39.43434529029252,24665853.073159058,60921560.27822185,1858.7429396954064,3713.3953338790366,22047.59664806585,164884.40233291785,39.23663267036839,4.572835492639047,24665853.073159058,60921560.27822185,1847.9169875291473,3692.2911358889737,23722.41548284045,211569.5432619949,78.53361487192464,9.166486920934485,60317.460317460325,0.0,317.4603174603253,0.0,10.825953064874877,22.10516804586501,1847.9169866305315,3692.291136338771,24665853.073159058,60921560.27822185,7500
60000.0,iir_o7_bw3000,7,3000.0,12.792012600536047,16.366870696828734,25.341596955679528,31.97167959555233,18.17059461188355,23.493487915208433,1.4107316800898215,0.11489325859386043,49583538969.90742,1430612859379.0881,36.306,30.590038641065405,35.306,30.590038641065405,-3.4231931369390765,3.0905033239382855,214.72426666666667,79.36628569762003,107.36213333333333,39.683142848810014,24770589.44424982,61187016.11508675,1897.1168914054276,3793.5274369735594,21913.683727122905,189868.17899098434,39.16483526366952,4.547788454896038,24770589.44424982,61187016.11508675,1886.1225943407328,3772.0283908651513,24237.23334709155,265814.50026182446,78.38975105915853,9.117782276512544,60317.460317460325,0.0,317.4603174603253,0.0,10.994298238589352,22.46727137832824,1886.1225931668384,3772.0283914522115,24770589.44424982,61187016.11508675,7500
60000.0,iir_o8_bw3000,8,3000.0,12.811193984599795,16.392734734587965,25.366495870897513,32.00074713307783,18.2041244676791,23.5409009611584,1.409583019793511,0.11460142385663918,71745901723.38348,1721939339478.2993,36.4996,30.75671194851591,35.4996,30.756711948515914,-3.4400111514134397,3.1133191010005414,214.90453333333335,79.75276977439168,107.45226666666667,39.87638488719584,24833916.417511865,61348562.60058224,1924.8623909393618,3852.589333222235,21595.543321332203,200628.41225412345,39.11259671519304,4.530400373113029,24833916.417511865,61348562.60058224,1913.7415326869757,3830.782709651231,23596.07306704742,268992.2002504992,78.28444515192288,9.079652640301223,60317.460317460325,0.0,317.4603174603253,0.0,11.12085996593837,22.74473782510527,1913.7415309734236,3830.7827105073734,24833916.417511865,61348562.60058224,7500
60000.0,iir_o2_bw2500,2,2500.0,11.312984082075355,14.568334302318732,21.728621724371965,27.469239416611504,16.399234245613325,21.303176642186614,1.350138363969648,0.12612092009618983,9002310221.40625,348596003117.21106,37.68946666666667,28.84853781621252,36.68946666666667,28.84853781621251,-3.578711186028494,2.909203207379189,209.9704,88.89562558495086,104.9852,44.44781279247543,19694644.031837247,48576570.43866975,1825.8416681125561,4214.914876894063,33300.08240914666,101199.10839663542,40.03928382251959,5.888255026313491,19694644.031837247,48576570.43866975,1814.2902450623214,4196.163391928259,37065.762011842475,124677.21363968274,80.24003217322506,11.976114432746709,60317.460317460325,0.0,317.4603174603253,0.0,11.551486624590181,23.018433284320455,1814.290181487966,4196.163419418833,19694644.031837247,48576570.43866975,7500
60000.0,iir_o3_bw2500,3,2500.0,11.633759908911342,14.968467001570565,22.27910067660341,28.107897087675546,16.85441389324415,21.836120944401703,1.345437388096639,0.13142989520876963,14498628115.274748,443778243911.3241,39.063066666666664,29.881780603524273,38.063066666666664,29.881780603524273,-3.715773969942855,3.0158504322132265,211.21,89.74879096342895,105.605,44.87439548171447,20827087.322983764,51133334.5316079,1495.564399726572,3040.2399444538632,22978.707196378997,167783.1456494697,39.48373035933613,4.545673488432786,20827087.322983764,51133334.5316079,1486.8341001967733,3022.7081054987075,23535.068267072675,176974.53911026422,79.02682660624423,9.10049167258483,60317.460317460325,0.0,317.4603174603253,0.0,8.730299710789993,18.245606968184468,1486.8341000157818,3022.708105587743,20827087.322983764,51133334.5316079,7500
60000.0,iir_o4_bw2500,4,2500.0,11.78105909091724,15.144796975063759,22.493089593257817,28.32957449456694,17.099955235930228,22.127108894017447,1.3403460504997604,0.1376722313839933,12703235646.163298,415693829400.5952,39.947466666666664,30.24408704009774,38.947466666666664,30.24408704009774,-3.8066350470373873,3.0495536536456718,211.21026666666666,91.43760878017025,105.60513333333333,45.718804390085126,21335279.227603354,52203993.49662443,1631.1890190359682,3318.5564746817904,20937.766758310474,201239.14068838698,39.18838736585333,4.464658281032557,21335279.227603354,52203993.49662443,1621.923954484375,3299.8523240099566,22758.93439605674,278395.0199749367,78.43503259011595,8.94380753266834,60317.460317460325,0.0,317.4603174603253,0.0,9.265065400073107,19.444924528753592,1621.923953635895,3299.8523244270596,21335279.227603354,52203993.49662443,7500
60000.0,iir_o5_bw2500,5,2500.0,11.859786217977785,15.234002341603686,22.598532989214334,28.420046284218945,17.2382965795955,22.288665461786035,1.3374401337777833,0.14320563662878624,16985335045.39917,670681987898.336,40.410133333333334,30.5068234905923,39.410133333333334,30.5068234905923,-3.8547781963964973,3.0734596155795075,210.7708,92.38776001426467,105.3854,46.193880007132336,21600800.576444928,52718494.2417128,1713.595788086002,3490.991681311146,17198.45270286715,73497.54976175007,39.03453930662144,4.408987428833892,21600800.576444928,52718494.2417128,1703.9905169711005,3471.572705150491,17681.765261316043,85406.97124718137,78.12583619186881,8.826215162448142,60317.460317460325,0.0,317.4603174603253,0.0,9.605271114901146,20.165870928067495,1703.9905169711005,3471.572705150491,21600800.576444928,52718494.2417128,7500
60000.0,iir_o6_bw2500,6,2500.0,11.907050234008993,15.283501021208647,22.662423333056065,28.463017950816788,17.32131059198945,22.38220887269431,1.3360919745290716,0.14782865477950924,15096599495.566837,649112658050.8636,40.6832,30.657208282598504,39.6832,30.657208282598504,-3.883597422413823,3.0862009415032365,210.53173333333334,93.03880600186032,105.26586666666667,46.51940300093016,21758367.941757437,52994534.843637235,1765.1599928956673,3598.9818390116648,16312.21811807299,58840.382427735545,38.94357626410652,4.385551451779017,21758367.941757437,52994534.843637235,1755.3443167120204,3579.1372783177385,16776.797027473298,72994.38808590431,77.94347188797853,8.778884997979324,60317.460317460325,0.0,317.4603174603253,0.0,9.81567618364688,20.601589890007066,1755.3443167120204,3579.1372783177385,21758367.941757437,52994534.843637235,7500
60000.0,iir_o7_bw2500,7,2500.0,11.938363547444677,15.313195389974853,22.708079694989546,28.48724047486462,17.375340737745876,22.439343389003568,1.3355847011801294,0.15148106404684458,6374468727.286659,278863987260.32025,40.8272,30.718970699685123,39.8272,30.718970699685123,-3.899559630440364,3.0898161698632527,210.55933333333334,93.63666975609488,105.27966666666667,46.81833487804744,21864165.27199215,53161165.70005623,1799.4062389944286,3670.5714606032648,16090.739750451774,65199.08912978394,38.88686771662567,4.375570751471958,21864165.27199215,53161165.70005623,1789.4566814983702,3650.4735094731805,16656.297761726724,91684.84034282558,77.82977183633278,8.7587175181699,60317.460317460325,0.0,317.4603174603253,0.0,9.949557756731425,20.869551769768435,1789.456681237697,3650.473509600986,21864165.27199215,53161165.70005623,7500
60000.0,iir_o8_bw2500,8,2500.0,11.961164639104352,15.332799860944773,22.745232360269483,28.503217862794045,17.41062949005217,22.474218120534076,1.3357087955049234,0.1546519390559957,6389565056.5804405,279412729938.4957,40.88346666666666,30.743596229840122,39.88346666666666,30.743596229840122,-3.9049667132100816,3.092331114264354,210.52493333333334,93.76228929540241,105.26246666666667,46.881144647701205,21942907.684317436,53273847.97201671,1821.8837782388514,3719.8903374391307,16071.9721939232,76635.26299496696,38.8515356379672,4.3717917077278505,21942907.684317436,53273847.97201671,1811.8483253018455,3699.6279501950517,16460.465992223682,92238.80888966822,77.758669271899,8.749127147307535,60317.460317460325,0.0,317.4603174603253,0.0,10.035453482311432,21.050010724619973,1811.8483247565398,3699.627950462145,21942907.684317436,53273847.97201671,7500
