target_band_hz,cfg_id,order,bw_hz,roi_rms_mean,roi_rms_std,envelope_peak_mean,envelope_peak_std,envelope_median_mean,envelope_median_std,envelope_peak_prominence_ratio_mean,envelope_peak_prominence_ratio_std,envelope_peak_to_second_ratio_mean,envelope_peak_to_second_ratio_std,peak_count_over_35pct_mean,peak_count_over_35pct_std,false_peak_penalty_mean,false_peak_penalty_std,detectability_score_mean,detectability_score_std,peak_index_mean,peak_index_std,peak_time_us_mean,peak_time_us_std,target_energy_mean,target_energy_std,off_energy_mean,off_energy_std,main_off_ratio_mean,main_off_ratio_std,main_off_ratio_db_mean,main_off_ratio_db_std,main_peak_power_mean,main_peak_power_std,secondary_peak_power_mean,secondary_peak_power_std,main_secondary_peak_ratio_mean,main_secondary_peak_ratio_std,main_secondary_peak_ratio_db_mean,main_secondary_peak_ratio_db_std,dominant_freq_hz_mean,dominant_freq_hz_std,dominant_freq_error_hz_mean,dominant_freq_error_hz_std,energy_40k_mean,energy_40k_std,energy_50k_mean,energy_50k_std,energy_60k_mean,energy_60k_std,n_samples
40000.0,iir_o8_bw4000,8,4000.0,53.01629975013102,50.859559484709926,108.01336613543295,103.01833432082451,72.12068769831633,70.03564663556554,1.5196067364775065,0.20020832474997025,1.0000561946723703,0.00013701426878823863,14.522222222222222,13.669055520884497,13.522222222222222,13.669055520884497,-1.2542633863583135,1.3851974558943472,245.87777777777777,70.36113194718295,122.93888888888888,35.18056597359148,211234955.49649924,382079595.99510574,3170.1694698670412,4784.62944421634,213117.71129367588,599434.0429774567,47.676746304407416,5.660184012833017,211234955.49649924,382079595.99510574,3130.404541700605,4721.4576376595405,231776.7535781343,684646.411233612,95.50323534187929,11.457247681728205,41269.84126984127,0.0,1269.8412698412722,0.0,211234955.49649924,382079595.99510574,3130.404541700605,4721.4576376595405,39.76492816643618,73.50809259189677,180
40000.0,iir_o7_bw4000,7,4000.0,52.94177393934004,50.78092789644097,107.70956509095542,102.68483870801109,72.1217179374744,70.04255810645688,1.515952850034682,0.20109275611157026,1.0000606239208742,0.00014519723116247443,14.783333333333333,13.970549630678109,13.783333333333333,13.970549630678107,-1.2809744605831896,1.4156198829695368,245.5611111111111,70.4348158489446,122.78055555555555,35.2174079244723,210763984.77319226,381105438.0780152,3156.819908310664,4765.590793545849,222198.29055073432,629501.6928027343,47.706301874955635,5.717259227955056,210763984.77319226,381105438.0780152,3116.868836495353,4702.0456583891155,243989.15881465608,726718.1982123364,95.56940872022096,11.59092632694271,41269.84126984127,0.0,1269.8412698412722,0.0,210763984.77319226,381105438.0780152,3116.868836495353,4702.0456583891155,39.95107181531079,74.05816353248386,180
40000.0,iir_o8_bw4500,8,4500.0,53.525625008652426,51.25089772270191,109.69336124088966,104.49085727826137,72.1566375261813,70.28374489349571,1.5512960535745255,0.25368395255799736,1.0000587567716093,0.00011047656051888451,15.033333333333333,16.374765979819518,14.033333333333333,16.374765979819518,-1.3015096552325616,1.6606250955574262,243.87777777777777,69.71799985236257,121.93888888888888,34.85899992618128,214010264.85964447,387883636.4961796,3480.619759966801,5070.236689475671,160024.24194240046,500308.92118302407,47.037636614395474,5.2635183483634,214010264.85964447,387883636.4961796,3441.22565106157,5011.674007973575,172151.7021202318,570307.4017353937,94.20262275701451,10.623896878868582,41269.84126984127,0.0,1269.8412698412722,0.0,214010264.85964447,387883636.4961796,3441.22565106157,5011.674007973575,39.39410890523108,72.07601899386034,180
40000.0,iir_o6_bw4000,6,4000.0,52.837924436636186,50.67938539228456,107.26362388144013,102.2428971097669,72.1454863802467,70.07990838287257,1.5098565389326621,0.201694397470177,1.000057030870686,0.00015491751615806927,14.988888888888889,14.416389218113672,13.988888888888889,14.416389218113672,-1.302520489561307,1.4603138837120362,245.24444444444444,70.55356713083447,122.62222222222222,35.27678356541723,210056892.7300932,379729671.9645857,3150.2389768598796,4749.79719556238,226029.8002172552,657563.6043053466,47.69051299893578,5.735261288142818,210056892.7300932,379729671.9645857,3110.0247691633454,4686.068372251856,251920.37548606668,778914.3809437499,95.54534069526848,11.650099607967476,41269.84126984127,0.0,1269.8412698412722,0.0,210056892.7300932,379729671.9645857,3110.0247691633454,4686.068372251856,40.21420769653428,74.83328972584891,180
40000.0,iir_o7_bw4500,7,4500.0,53.49971472588098,51.23589524692012,109.41790474673024,104.26637209127782,72.27500702284149,70.38832697362865,1.54469979577172,0.25247685036091344,1.0000571320229728,0.00011021615395599563,15.333333333333334,17.0080493595462,14.333333333333334,17.0080493595462,-1.3325234070244125,1.7239969371658006,243.54444444444445,69.84966476145324,121.77222222222223,34.92483238072662,213730193.69623533,387309439.9357815,3533.17784958371,5139.203383324532,182891.37701405483,682309.5777599375,46.94991464384572,5.32537805133027,213730193.69623533,387309439.9357815,3493.6937821847782,5081.478255169807,206210.8738869008,828132.406788927,94.03746621695996,10.796434900120948,41269.84126984127,0.0,1269.8412698412722,0.0,213730193.69623533,387309439.9357815,3493.6937821847782,5081.478255169807,39.48406739893173,72.2831458804229,180
40000.0,iir_o2_bw7000,2,7000.0,56.39613893176844,53.0561057464876,117.05631204902576,106.67804226329868,74.30530868491529,70.97493208207455,1.649869575825396,0.3165036827509589,1.0001291563889743,0.00020340612210940142,15.627777777777778,16.91781995133087,14.627777777777778,16.91781995133087,-1.3470309257270965,1.7037358176330404,214.2,103.13631485243586,107.1,51.56815742621793,213211676.5936039,386549891.43510425,3174898.638851817,5843494.526021626,112.41879902619955,170.50402186948304,17.81299367459481,4.549151706892934,213211676.5936039,386549891.43510425,3142074.7951035206,5808822.793391411,126.71250979327542,227.43241179559632,35.84607036064106,9.416272443811867,41269.84126984127,0.0,1269.8412698412722,0.0,213211676.5936039,386549891.43510425,3142074.7951035206,5808822.793391411,32823.84374829676,56679.15235988072,180
40000.0,iir_o5_bw4000,5,4000.0,52.68071654157386,50.53388997170194,106.57159730619213,101.604767028089,72.18569304272106,70.12317836675251,1.499810121416023,0.20214387689167004,1.000062323565283,0.00017167637226424685,15.433333333333334,15.217638986151863,14.433333333333334,15.217638986151862,-1.348594733603341,1.540926107469068,244.75,70.76658263528833,122.375,35.383291317644165,208959344.73068967,377697545.2322904,3169.618843530821,4733.225841516662,233803.3579938594,788673.6323776677,47.53363437824429,5.7081426167323865,208959344.73068967,377697545.2322904,3128.983522910358,4670.983626125371,277523.3090206444,1042953.8787170934,95.24802190511505,11.662854378412668,41269.84126984127,0.0,1269.8412698412722,0.0,208959344.73068967,377697545.2322904,3128.983522910358,4670.983626125371,40.63532062046319,76.00850210205212,180
40000.0,iir_o6_bw4500,6,4500.0,53.45250319105689,51.19868994009598,108.9861421520823,103.89677082931695,72.42778718911555,70.53253689923044,1.5354385522322616,0.25136987555146845,1.000056729478839,0.00011455543630912532,15.594444444444445,17.58926069703911,14.594444444444445,17.589260697039112,-1.360077635619399,1.7825825046395765,243.35,70.59179015996712,121.675,35.29589507998356,213297995.28288448,386443040.57934886,3647.7794616497367,5287.534697705395,267561.5245748581,1302804.356646008,46.749203021720604,5.482493407008509,213297995.28288448,386443040.57934886,3608.093639289847,5232.500436660553,370508.64484794496,1980747.2992116685,93.67713458245653,11.311320905928136,41269.84126984127,0.0,1269.8412698412722,0.0,213297995.28288448,386443040.57934886,3608.093639289847,5232.500436660553,39.685822359889244,72.74931025976768,180
40000.0,iir_o3_bw6500,3,6500.0,55.934130243993295,52.88151853874258,113.28019145365349,105.53781970346519,74.72424834807133,71.29887096401892,1.5730423764086539,0.3035240100117748,1.0001115750197307,0.00026585394308171367,16.355555555555554,18.19804833977492,15.355555555555556,18.19804833977492,-1.4312803392457634,1.8343919324280695,215.22222222222223,100.4878911271929,107.61111111111111,50.24394556359645,215334632.6120026,390480271.0997873,818280.3976792023,1610161.7135642632,478.69802782927815,663.9172288292817,24.090433217386998,4.721864639520859,215334632.6120026,390480271.0997873,817809.1815034673,1609828.3048785164,481.8825670452758,674.3416649478203,48.196833310919395,9.463983167308898,41269.84126984127,0.0,1269.8412698412722,0.0,215334632.6120026,390480271.0997873,817809.1815034673,1609828.3048785164,471.21617573494683,787.4031266431114,180
40000.0,iir_o5_bw4500,5,4500.0,53.36959221549664,51.125698697912114,108.31111806463602,103.30883107783646,72.64924542731269,70.76571380851009,1.5219178435024752,0.2498890532916991,1.0000589809967695,0.00012639777308490863,16.32777777777778,18.84687800874719,15.327777777777778,18.84687800874719,-1.4355357338516537,1.908823351285863,242.71666666666667,72.41610634451811,121.35833333333333,36.208053172259056,212579291.6617458,385033207.2929334,3996.3258311688332,5995.773332410806,347347.6705090738,1836276.7380616234,46.245351997941384,5.701225611813687,212579291.6617458,385033207.2929334,3956.256426963442,5951.272638458988,597590.3294354103,3518416.1941560097,92.71590290986124,11.978181364851531,41269.84126984127,0.0,1269.8412698412722,0.0,212579291.6617458,385033207.2929334,3956.2126107193944,5951.301355282586,40.113220449438785,73.7337682581841,180
40000.0,iir_o2_bw6500,2,6500.0,55.63178213220652,52.54614978588886,114.2631617325938,105.09745134713005,73.97653458902298,70.82000561392523,1.6083693643412713,0.3054187511738944,1.000117292730858,0.000182413212146048,16.533333333333335,17.42963507279914,15.533333333333333,17.429635072799137,-1.4435607303143156,1.7573030881294773,220.1611111111111,99.17599974859259,110.08055555555555,49.587999874296294,212142494.62095514,384578652.19669706,2133761.139954932,3967495.6812890437,170.73555345470606,260.94690762312035,19.56885431253212,4.601700755251437,212142494.62095514,384578652.19669706,2114895.711853447,3947975.402175618,191.80047949462755,349.184194387378,39.337808194166676,9.50476064628436,41269.84126984127,0.0,1269.8412698412722,0.0,212142494.62095514,384578652.19669706,2114895.711853447,3947975.402175618,18865.42810148524,32516.962290321142,180
40000.0,iir_o3_bw7000,3,7000.0,56.747124715584505,53.422414022943784,116.02966459736075,107.1194455327801,75.03777766645136,71.26488997945181,1.6111080201960688,0.3053913113624446,1.0001454987799343,0.0002603048672388112,16.56111111111111,18.651213176318567,15.561111111111112,18.651213176318567,-1.4460503452636753,1.8781510858495505,206.02777777777777,103.5784015014905,103.01388888888889,51.78920075074525,215953120.54495117,391623398.63286614,1515130.7626164525,2922330.7899874276,260.10086711409906,393.2802859742096,21.367342574124173,4.681234104166283,215953120.54495117,391623398.63286614,1514079.9389131556,2921473.267086231,262.73544087794056,403.71274223968953,42.75396814944625,9.390301551464702,41269.84126984127,0.0,1269.8412698412722,0.0,215953120.54495117,391623398.63286614,1514079.9389131556,2921473.267086231,1050.823703297074,1741.1768317551544,180
40000.0,iir_o4_bw4000,4,4000.0,52.41860383828569,50.296344503966004,105.42085631834973,100.58992065441916,72.2144857187951,70.15210042915233,1.483258448560373,0.20218398583675984,1.0000646362510757,0.00019791005648746283,16.63888888888889,16.990882829246818,15.63888888888889,16.990882829246814,-1.471846793667188,1.7190043081188726,243.48888888888888,71.10810786643901,121.74444444444444,35.55405393321951,207112453.51178965,374385095.9502381,3433.127351448934,5290.967527049016,271151.56945885037,1133170.1262439373,46.81050469520134,5.632619988742861,207112453.51178965,374385095.9502381,3391.7577009810557,5244.022660161753,389997.38701045763,1834644.5924251038,93.85003592657242,11.752178752107632,41269.84126984127,0.0,1269.8412698412722,0.0,207112453.51178965,374385095.9502381,3391.7577009810557,5244.022660161753,41.369650467878344,77.79062455708463,180
40000.0,iir_o5_bw5000,5,5000.0,53.84814111072106,51.50778402105327,108.70518377986389,103.79894395578368,73.48432204304285,71.82460774568588,1.5208155272645278,0.2893641192835772,1.0000822261772306,0.00016870789629875406,16.755555555555556,19.70356353279151,15.755555555555556,19.70356353279151,-1.4794578599671337,1.9974989924309425,233.9,81.83442200992391,116.95,40.917211004961956,214268144.0346294,388558318.2606642,6989.239911182668,13038.763685552674,52731.757452468395,107087.73996330384,43.85927325599718,4.864719026922296,214268144.0346294,388558318.2606642,6948.275772843124,13017.787556548998,54540.095240297036,111606.1802045366,87.8301030458447,9.839622676684971,41269.84126984127,0.0,1269.8412698412722,0.0,214268144.0346294,388558318.2606642,6948.275772843124,13017.787556548998,40.96413833954363,74.19598894109333,180
40000.0,iir_o4_bw6500,4,6500.0,56.04417251877921,52.99749755278897,113.32069066351487,106.1357761961449,74.93044376053535,71.45659894328375,1.56893600947155,0.3182219282905038,1.000500425934708,0.0027756544201003462,16.927777777777777,18.908196489234005,15.927777777777777,18.908196489234005,-1.4894665781594885,1.906101988082474,210.32777777777778,103.92943623297751,105.16388888888889,51.96471811648876,216133021.99535367,392071231.4099423,360498.6313990567,740114.7196535658,1077.2008739951261,1309.851970029467,27.75600769937983,4.754715281045236,216133021.99535367,392071231.4099423,360436.2907383142,740098.195036684,1078.692990915463,1312.5006152832839,55.51724215198951,9.514876443254144,41269.84126984127,0.0,1269.8412698412722,0.0,216133021.99535367,392071231.4099423,360436.2907383142,740098.195036684,62.340660742457544,106.19100519229664,180
40000.0,iir_o4_bw5000,4,5000.0,53.802413749403776,51.44982626790944,108.15039570769821,103.28933151791234,73.71637701470131,71.93946104485738,1.5064973535013573,0.2819108320620804,1.000105027828895,0.00024606989454642176,16.91111111111111,19.605405960923463,15.911111111111111,19.605405960923463,-1.4971055149775414,1.9847312033790174,228.98333333333332,88.1661379277496,114.49166666666666,44.0830689638748,213439582.68010032,386876324.4253124,15679.585240009663,35364.75129746069,34267.004067855785,61400.84602760681,41.278759515071506,5.6480331905002465,213439582.68010032,386876324.4253124,15637.546079702226,35356.374726787864,37615.82096151477,77767.23012610964,82.69306638047121,11.522605881436808,41269.84126984127,0.0,1269.8412698412722,0.0,213439582.68010032,386876324.4253124,15637.546079702226,35356.374726787864,42.03916030743904,75.45126469317265,180
40000.0,iir_o8_bw6500,8,6500.0,56.236648119510065,53.15005541795518,114.49396630948664,107.3929995876707,75.07777542336534,71.68604266648947,1.5888387973444353,0.36034255834322015,1.0019883322992071,0.012329941850650677,17.02777777777778,19.637619397289473,16.02777777777778,19.637619397289473,-1.497233361824048,1.9779836193602558,210.35,111.44292198401475,105.175,55.72146099200737,216529010.26932186,392948488.13763154,61070.58551433018,120191.31754075011,13341.523634588675,44553.01954725676,35.3346411461995,5.602559850620674,216529010.26932186,392948488.13763154,61019.84045159452,120153.2358216878,13959.187180131654,47981.87915116008,70.70544559043272,11.28253709975065,41269.84126984127,0.0,1269.8412698412722,0.0,216529010.26932186,392948488.13763154,61019.84045159452,120153.2358216878,50.745062735657335,87.79442403021115,180
40000.0,iir_o7_bw6500,7,6500.0,56.21123061300431,53.132375408436225,114.3023824666342,107.23107739365098,75.06698479112652,71.68427190301772,1.5852388871299241,0.35485560173739344,1.001665415281131,0.010244290326183455,17.02777777777778,19.373549484158694,16.02777777777778,19.373549484158694,-1.4976916236449827,1.952243216596955,209.95555555555555,106.67738772936961,104.97777777777777,53.33869386468481,216511569.00292405,392907233.26504415,79349.07455487168,160355.92899143757,5892.021277001517,11748.206037305055,34.1197639388289,5.069885116008025,216511569.00292405,392907233.26504415,79298.05413595068,160322.62718298245,5943.909945642223,11960.862497357126,68.25793906555124,10.164175518812318,41269.84126984127,0.0,1269.8412698412722,0.0,216511569.00292405,392907233.26504415,79298.05413595068,160322.62718298245,51.02041892100626,88.99540559149652,180
40000.0,iir_o6_bw5000,6,5000.0,53.864790215975,51.53420485329289,109.12332775260451,104.16368598926502,73.31081104657794,71.73462809645952,1.531407539056179,0.2932141408746693,1.000076786155749,0.0001479725416027007,17.038888888888888,20.4724542796753,16.038888888888888,20.4724542796753,-1.5062084136904137,2.0754094025710144,235.12777777777777,80.74229856250716,117.56388888888888,40.37114928125358,214675207.8552739,389445420.27046007,5012.459964318632,7772.862314151527,96820.46457176098,346612.04829893686,45.14508686993301,4.880972161755261,214675207.8552739,389445420.27046007,4972.203139591372,7734.620241395202,102040.97749973726,376560.7514010721,90.39995243457278,9.852379587046645,41269.84126984127,0.0,1269.8412698412722,0.0,214675207.8552739,389445420.27046007,4972.203139591372,7734.620241395202,40.25682472726046,72.81491000399402,180
40000.0,iir_o8_bw7000,8,7000.0,57.24720736238437,53.887493217526504,116.95213418198065,109.31181595979224,75.85063412622726,71.75457591479707,1.6004436939244517,0.3420183939955811,1.0012659133994857,0.007852416904625027,17.2,18.01222427863053,16.2,18.01222427863053,-1.5123283146098516,1.8122991005368205,199.70555555555555,104.46681316457516,99.85277777777777,52.23340658228758,217005603.31297693,393727515.4209648,198803.05144796107,392300.0610127508,1741.139329188007,2139.9312342002436,29.990787115800934,4.535409692091128,217005603.31297693,393727515.4209648,198744.72341620803,392255.04235567455,1743.7572025236432,2145.0444172042558,59.98762492425639,9.076329965079369,41269.84126984127,0.0,1269.8412698412722,0.0,217005603.31297693,393727515.4209648,198744.72341620803,392255.04235567455,58.32803175303697,101.75010910693351,180
40000.0,iir_o6_bw6500,6,6500.0,56.17107105337061,53.10426447020136,114.0358025928531,106.99644928839687,75.0523013915706,71.65412613478205,1.580116668300343,0.34610459679347133,1.0013236337188467,0.008096345504721839,17.17222222222222,18.998626988189827,16.17222222222222,18.998626988189827,-1.5127547655831035,1.9151330448207924,210.25555555555556,106.555313735001,105.12777777777778,53.2776568675005,216473441.46091816,392818339.4056074,114007.41226115476,235798.1283516746,3496.369329430648,4711.157847435483,32.60611452938375,4.876870719122777,216473441.46091816,392818339.4056074,113955.74515020003,235770.02633215985,3510.4046099110733,4744.2861287545575,65.22480941435074,9.768182751888473,41269.84126984127,0.0,1269.8412698412722,0.0,216473441.46091816,392818339.4056074,113955.74515020003,235770.02633215985,51.66711095473137,91.37374515364964,180
40000.0,iir_o8_bw5000,8,5000.0,53.890278779685275,51.572604278216254,109.70073145844441,104.6893239987984,73.03649472847619,71.51327975198545,1.5459321150613707,0.2980780866387672,1.0000649283345011,0.00011894788016513656,17.133333333333333,20.821508003281757,16.133333333333333,20.821508003281757,-1.5134902331091098,2.1116559118335108,238.5,76.71724912201401,119.25,38.358624561007005,215042400.8656513,390311448.5214381,4051.8490549528233,5866.60098093943,229141.73283797505,1105651.4217940127,46.32848522947518,5.40695580328012,215042400.8656513,390311448.5214381,4012.2792181121845,5814.021081378228,293175.8212037443,1525966.7156645854,92.81480186826168,11.085305226245165,41269.84126984127,0.0,1269.8412698412722,0.0,215042400.8656513,390311448.5214381,4012.2792181121845,5814.021081378228,39.56983684063885,71.57918011624918,180
40000.0,iir_o5_bw6500,5,6500.0,56.11623345352861,53.061956424022604,113.68680636614774,106.64128826053022,75.01799949814277,71.58767243719451,1.5740735798149066,0.33408133667221096,1.0009440637749711,0.005679350431642243,17.183333333333334,19.35509835682151,16.183333333333334,19.35509835682151,-1.5145555548060576,1.9511632857645607,208.2722222222222,104.17614169197968,104.1361111111111,52.08807084598984,216382075.6713899,392609353.28528637,187189.70373929065,390619.92271310464,2120.1908096192024,2705.322950871833,30.566793365681193,4.834407358589291,216382075.6713899,392609353.28528637,187136.72181451487,390597.3550822614,2126.1523270325847,2720.696250483072,61.14205095726899,9.67882346674625,41269.84126984127,0.0,1269.8412698412722,0.0,216382075.6713899,392609353.28528637,187136.72181451487,390597.3550822614,52.98192477580017,94.79165417560844,180
40000.0,iir_o7_bw7000,7,7000.0,57.191362714301064,53.840164057661525,116.69427880917246,109.04966457182003,75.7705469661555,71.6937630926998,1.5988318540995838,0.3378719362829784,1.0011112753676936,0.00681726281598117,17.255555555555556,18.01089745304035,16.255555555555556,18.01089745304035,-1.518050872857994,1.8121963124226563,199.88888888888889,104.50072245287085,99.94444444444444,52.25036122643542,216969567.64941388,393663181.0223042,247002.1387837881,496341.623771838,1402.6315962960762,1613.4513557236032,29.133996474154856,4.538234489631487,216969567.64941388,393663181.0223042,246943.71481787087,496303.36634487385,1404.4586458549722,1616.8907071955023,58.27317779622312,9.0813611637544,41269.84126984127,0.0,1269.8412698412722,0.0,216969567.64941388,393663181.0223042,246943.71481787087,496303.36634487385,58.42396591720674,103.39287447787487,180
40000.0,iir_o6_bw3500,6,3500.0,51.62083022065297,49.56653585999863,102.87804739827249,98.02445266095674,71.86928562924338,69.70651377815761,1.451912743966023,0.1541577773361692,1.0000820900156924,0.00023099196342876659,17.066666666666666,15.62178682045326,16.066666666666666,15.62178682045326,-1.5188916159945696,1.577623755082841,244.5,72.84578491504,122.25,36.42289245752,202631447.43477657,364902945.93969566,2760.885820717793,4512.73780675404,467867.0392358527,2086796.9491080486,48.70606283836531,6.26440318912987,202631447.43477657,364902945.93969566,2717.3621142980583,4436.747209376681,705378.5470631325,3668994.792935362,97.69054783006565,13.024167836701892,41269.84126984127,0.0,1269.8412698412722,0.0,202631447.43477657,364902945.93969566,2717.3610587065396,4436.747859359591,43.52476201125365,82.90687705572057,180
40000.0,iir_o7_bw5000,7,5000.0,53.87581025621352,51.55283482335067,109.43514504315026,104.44701466320025,73.1542618684548,71.6055357055371,1.539489811802725,0.2959187732314862,1.0000704348796667,0.00014607640959714822,17.18888888888889,20.84842581812187,16.18888888888889,20.84842581812187,-1.5200030517676528,2.114289886333919,235.51666666666668,79.3429353921825,117.75833333333334,39.67146769609125,214901454.85474584,389970872.2916243,4356.874232259941,6370.538074999893,186584.72350759257,888757.0749283802,45.89109126601979,5.21912787312271,214901454.85474584,389970872.2916243,4317.040327886277,6322.237020624316,223513.18901972024,1131266.420007631,91.92154293840768,10.64608388474399,41269.84126984127,0.0,1269.8412698412722,0.0,214901454.85474584,389970872.2916243,4317.040327886277,6322.237020624316,39.833904373663785,72.03627444825693,180
40000.0,iir_o7_bw3500,7,3500.0,51.75938880731345,49.66841330036738,103.2409407334694,98.25040723344935,72.00837145070348,69.8218515994713,1.4546965138315202,0.15493882940625142,1.0000815300659667,0.00023441179456811087,17.105555555555554,15.695246130159338,16.105555555555554,15.695246130159338,-1.5223295241580692,1.584947629402073,244.2722222222222,72.43481604891207,122.1361111111111,36.217408024456034,203391193.67838988,365889580.709804,2782.480551778992,4515.907828368023,472850.720819803,2178531.5392543045,48.64458826428348,6.236213620923562,203391193.67838988,365889580.709804,2738.992244542327,4440.258118563207,720234.4034569649,3847595.4864871507,97.56031942015875,12.959510444408968,41269.84126984127,0.0,1269.8412698412722,0.0,203391193.67838988,365889580.709804,2738.991287899643,4440.258711843632,43.489263879349096,82.6002564679769,180
40000.0,iir_o6_bw7000,6,7000.0,57.122374625237505,53.77942269943173,116.38277983472918,108.68528874209322,75.68828229426076,71.61885799939829,1.596515024968016,0.32989513242343926,1.0008914325159302,0.005270377375320521,17.32777777777778,18.014838872861056,16.32777777777778,18.014838872861056,-1.5254706204145334,1.8124659886806296,201.36666666666667,104.66834559613713,100.68333333333334,52.334172798068565,216917395.1150337,393561375.19753027,330834.67607992544,673316.8225080443,1070.0927370861766,1215.8414404066107,27.969607319857797,4.565446483522534,216917395.1150337,393561375.19753027,330775.3935088639,673285.3284266597,1071.23484777748,1218.0171321473538,55.94339440321353,9.134957446330926,41269.84126984127,0.0,1269.8412698412722,0.0,216917395.1150337,393561375.19753027,330775.3935088639,673285.3284266597,59.28257106156774,107.00353794570168,180
40000.0,iir_o8_bw3500,8,3500.0,51.848310149141916,49.71753764062235,103.46858840409224,98.31697340785998,72.10957631574134,69.91338744815201,1.4567866707412769,0.15642096534257108,1.0000788611544764,0.00023150786967830611,17.16111111111111,15.795184857428001,16.16111111111111,15.795184857428001,-1.5275615408048595,1.5947962462669425,244.25555555555556,72.29487431101143,122.12777777777778,36.14743715550571,203842272.19503185,366226321.3250114,2809.5675310760325,4519.562421477325,469820.50926432543,2213070.1715742964,48.56892616493035,6.198757133304416,203842272.19503185,366226321.3250114,2765.9389264148845,4443.96060175907,724010.2213065459,3948931.0887280367,97.40368080383077,12.88040660539091,41269.84126984127,0.0,1269.8412698412722,0.0,203842272.19503185,366226321.3250114,2765.9381982710847,4443.961057395417,43.62933280494765,82.69210206820853,180
40000.0,iir_o2_bw6000,2,6000.0,54.83625096976349,51.99813699498912,111.53707332465092,103.61737388318731,73.5807093424145,70.73764530732295,1.571252300751422,0.3061161348675012,1.0001239626997704,0.0002796475039179818,17.383333333333333,18.40035067676518,16.383333333333333,18.40035067676518,-1.5342670181248463,1.8561422818502262,224.37777777777777,98.6425835020066,112.18888888888888,49.3212917510033,210690678.60041156,381897791.19384325,1345485.8308118628,2532268.3646846847,276.26976964799087,423.7440005691402,21.596774908982475,4.664864114802036,210690678.60041156,381897791.19384325,1335196.9410399476,2521901.7483731667,308.9069478694121,565.3715150447332,43.3769447660821,9.613533977864467,41269.84126984127,0.0,1269.8412698412722,0.0,210690678.60041156,381897791.19384325,1335196.9410399476,2521901.7483731667,10288.889771915097,17705.90627330012,180
40000.0,iir_o3_bw6000,3,6000.0,55.12744058424275,52.33665309233246,110.92232794172065,104.25712777460966,74.35728172960442,71.36214831541211,1.5430779766726352,0.3134928825306806,1.0001362406058152,0.0005406866963883377,17.344444444444445,20.444316586651173,16.344444444444445,20.444316586651173,-1.5351001366815389,2.0616271303246196,221.65555555555557,98.70877668506333,110.82777777777778,49.354388342531664,214490553.68391386,388896993.77227587,399088.5134173289,805636.017946279,1001.7945508202154,1303.2113168537846,27.272787627705515,4.828335648759376,214490553.68391386,388896993.77227587,398878.5033511106,805520.0834114455,1006.5263641061433,1314.1388485508273,54.560648794958816,9.673097047363719,41269.84126984127,0.0,1269.8412698412722,0.0,214490553.68391386,388896993.77227587,398878.5033511106,805520.0834114455,210.01006621824803,355.1315993668334,180
40000.0,iir_o4_bw4500,4,4500.0,53.218187277222206,50.98547398704179,107.28429345200293,102.46073336981809,72.92134625567901,71.0378861761058,1.5021914964855116,0.24701251268216484,1.0000708304260033,0.0001800041757827084,17.305555555555557,20.33053602884981,16.305555555555557,20.33053602884981,-1.5364284623176039,2.057272211701905,237.73888888888888,75.00371416418884,118.86944444444444,37.50185708209442,211270739.62474623,382544158.21555054,5940.180615895783,11636.958397482993,69817.47607369478,184287.49314403505,44.45799508863798,4.949335386430938,211270739.62474623,382544158.21555054,5899.291386243164,11619.945652177314,73322.85738734582,196461.52630222464,89.03984734346909,10.030678371349559,41269.84126984127,0.0,1269.8412698412722,0.0,211270739.62474623,382544158.21555054,5899.291386243164,11619.945652177314,40.88922965261979,75.14858435671785,180
40000.0,iir_o5_bw3500,5,3500.0,51.406830305284316,49.38734440886184,102.29188404834022,97.5613514727621,71.67270264388377,69.5403218990438,1.447390361935179,0.1540800681329593,1.0000834969644665,0.00022659823569781085,17.477777777777778,15.945597299769956,16.477777777777778,15.945597299769952,-1.5607554188131287,1.6102772685081912,244.35,73.01882171072295,122.175,36.50941085536147,201356125.50908312,362923094.7668534,2745.397611582333,4491.989870524607,422551.87938007864,1667610.294577858,48.71645109440849,6.264688925568104,201356125.50908312,362923094.7668534,2701.571710042595,4415.455668693179,608456.1920133551,2876523.791456302,97.72353215119553,13.032220289401627,41269.84126984127,0.0,1269.8412698412722,0.0,201356125.50908312,362923094.7668534,2701.571710042595,4415.455668693179,43.82590153973793,83.82343882623108,180
40000.0,iir_o8_bw6000,8,6000.0,55.24410669002325,52.466836896586756,111.9691519500975,105.72208886293208,74.32168564261737,71.77858184465963,1.5649714413777074,0.3598561017523327,1.0006813868037847,0.0038187773954294064,17.67222222222222,21.13876223380066,16.67222222222222,21.13876223380066,-1.5655722052617538,2.1326364266661124,213.67222222222222,104.60854567116574,106.83611111111111,52.30427283558287,215992295.14298296,392074940.1471909,17624.116367473587,32957.90846273309,26314.71798262152,57408.48659541844,40.33092655707599,5.10974601739715,215992295.14298296,392074940.1471909,17579.634781510355,32926.761333174785,27548.44580710789,63272.49259949966,80.73367610565997,10.329080592089905,41269.84126984127,0.0,1269.8412698412722,0.0,215992295.14298296,392074940.1471909,17579.634781510355,32926.761333174785,44.48158596323295,77.59746454010917,180
40000.0,iir_o7_bw6000,7,6000.0,55.22192035705147,52.455777324998664,111.789437521758,105.59568214874825,74.34305671142967,71.72555209471349,1.560398130717816,0.3534750452327333,1.000846582185811,0.004888235308369892,17.705555555555556,21.46705862094025,16.705555555555556,21.46705862094025,-1.5694387127540106,2.16509337246865,215.87777777777777,106.27342491985543,107.93888888888888,53.136712459927715,215980631.18882498,392028647.4752268,23173.045495225408,45791.59574866292,58643.36025821187,272527.0939109259,39.52302736073616,6.003009534050227,215980631.18882498,392028647.4752268,23128.90822472867,45764.84138224067,91742.80040166329,489163.9015762582,79.21266580281096,12.51896580058156,41269.84126984127,0.0,1269.8412698412722,0.0,215980631.18882498,392028647.4752268,23128.01722213261,45765.28885211359,45.028273092797725,78.82773383664767,180
40000.0,iir_o3_bw5500,3,5500.0,54.3673797550039,51.809693202494586,108.99323683204841,103.34135321337065,74.01915861810105,71.55592602101147,1.514879250535703,0.29343765246439985,1.0001285640786304,0.0004207464712096187,17.666666666666668,21.50250082896037,16.666666666666668,21.50250082896037,-1.5714207486974734,2.170332439057319,226.23888888888888,95.1485380300787,113.11944444444444,47.57426901503935,213293398.27757746,386622830.2061091,173525.181696077,362635.8071994241,2569.261433105897,3564.128621977345,31.010064209446742,5.108819127636562,213293398.27757746,386622830.2061091,173424.28376064196,362600.33677706856,2584.2803579655088,3595.2413213904115,62.039908138022646,10.239089643248025,41269.84126984127,0.0,1269.8412698412722,0.0,213293398.27757746,386622830.2061091,173424.28376064196,362600.33677706856,100.89793543503752,170.8779740603689,180
40000.0,iir_o5_bw7000,5,7000.0,57.03361353497784,53.69950094868645,116.0777712417081,108.23730420675717,75.55428319863658,71.52061757890634,1.596022610765048,0.3216805182103979,1.000586666887409,0.003159383186513053,17.86111111111111,18.29239970661836,16.86111111111111,18.29239970661836,-1.5787235675901943,1.8414272489108916,203.3111111111111,104.61807575794369,101.65555555555555,52.30903787897184,216825263.79230165,393370863.2018747,488161.043533006,993816.9033162056,744.0414041582691,856.8991747905118,26.366564285981376,4.592036100969979,216825263.79230165,393370863.2018747,488099.3940280253,993792.5887827806,744.5993353548045,857.7926734362027,52.73623456720731,9.187053166234856,41269.84126984127,0.0,1269.8412698412722,0.0,216825263.79230165,393370863.2018747,488099.3940280253,993792.5887827806,61.64950498067381,112.09879783012822,180
40000.0,iir_o4_bw7000,4,7000.0,56.91578139842553,53.58974847500117,115.88672294040757,107.7284845399244,75.37443883910767,71.45620508151508,1.5989388135949292,0.31278991901204656,1.000199872223481,0.0007526142523726556,17.92222222222222,18.9121626070495,16.92222222222222,18.9121626070495,-1.584222376935779,1.9032347422766023,203.41666666666666,104.97532963702584,101.70833333333333,52.48766481851292,216611863.12515226,392927444.0740236,808696.7912830533,1616981.7499747965,462.9017785512836,569.7958574435125,24.19587723351511,4.625696584037576,216611863.12515226,392927444.0740236,808606.7721426463,1616956.17419889,463.26959896089386,570.4207017076636,48.394858723453396,9.254483899957467,41269.84126984127,0.0,1269.8412698412722,0.0,216611863.12515226,392927444.0740236,808606.7721426463,1616956.17419889,90.01914040717816,155.1749351748443,180
40000.0,iir_o2_bw5500,2,5500.0,54.00726751803502,51.402012217313455,108.88465666897757,102.1652283571199,73.41002575848627,70.84693809523246,1.5312069719750654,0.2946519211540127,1.0000866887269033,0.00016041899018214993,17.866666666666667,19.851515850540125,16.866666666666667,19.851515850540128,-1.5886714786191245,2.0023143145151434,227.27777777777777,94.54844494734701,113.63888888888889,47.274222473673504,208677102.13281685,378177173.6456564,787445.7362688354,1504234.469241485,481.2992634709998,733.3123613220398,23.94169650234318,4.745346861808907,208677102.13281685,378177173.6456564,782162.776131139,1499099.346983351,533.258801309764,958.756757672732,48.051948591435625,9.751308218930467,41269.84126984127,0.0,1269.8412698412722,0.0,208677102.13281685,378177173.6456564,782162.776131139,1499099.346983351,5282.960137696353,9081.852824978947,180
40000.0,iir_o8_bw5500,8,5500.0,54.331681091400675,51.86768783252339,109.69631159060802,104.55628615798533,73.90186838379901,72.30467668250914,1.5398946188596192,0.333561702747536,1.0000804635475675,0.00015883397041670835,17.877777777777776,20.90325027667019,16.877777777777776,20.90325027667018,-1.5896899120078507,2.118880823663193,221.38888888888889,94.06941386261985,110.69444444444444,47.03470693130993,215454491.43802372,391175926.3869898,6518.260547904055,10262.487231803338,51769.25489649196,107443.07761016263,44.13832352547754,4.588194949016615,215454491.43802372,391175926.3869898,6477.246746142969,10222.956457943103,52982.79816843802,110044.7346539196,88.37716090268833,9.256305389844421,41269.84126984127,0.0,1269.8412698412722,0.0,215454491.43802372,391175926.3869898,6477.246746142969,10222.956457943103,41.013801761084416,73.3427251766216,180
40000.0,iir_o7_bw5500,7,5500.0,54.36438068071376,51.88760752446562,109.69692433967775,104.52720310593675,73.91628714585997,72.2265763340352,1.5379513543713588,0.3317846518879523,1.000085183486619,0.00018340420365005748,17.9,20.860563954304304,16.9,20.860563954304304,-1.5921547107969376,2.1140199501044714,221.7888888888889,94.44042719757957,110.89444444444445,47.22021359878978,215437949.9170784,391081489.0788562,7875.368043257082,13403.700190262682,41903.39394380576,68208.7483145078,43.38347627434666,4.665096524983744,215437949.9170784,391081489.0788562,7833.900789168581,13372.45669549564,43366.26530291207,71445.07454003164,86.87394244050604,9.449028327519397,41269.84126984127,0.0,1269.8412698412722,0.0,215437949.9170784,391081489.0788562,7833.900789168581,13372.45669549564,41.467254088500766,73.98886471309977,180
40000.0,iir_o3_bw5000,3,5000.0,53.65489749937067,51.28668861387841,107.29846579551815,102.37431800806878,73.74688789399592,71.72082794588275,1.4909212760645487,0.26905897312336796,1.0001157803009002,0.0003632762382108572,17.927777777777777,21.263978131663446,16.927777777777777,21.263978131663446,-1.6009325345496108,2.1487022423223228,229.24444444444444,89.74349681375261,114.62222222222222,44.87174840687631,211484866.1077181,383161136.3257591,66689.21236551931,146081.19612645844,10850.464374040324,25312.0525244804,35.44322241941435,5.882634029523269,211484866.1077181,383161136.3257591,66629.91795596514,146071.48417132755,11379.965792562685,27655.622568012564,70.94679953898725,11.873048452852572,41269.84126984127,0.0,1269.8412698412722,0.0,211484866.1077181,383161136.3257591,66629.91795596514,146071.48417132755,59.29440955417853,99.0370976097915,180
40000.0,iir_o6_bw5500,6,5500.0,54.39227223692743,51.90213788996015,109.64072359532604,104.4555566053657,73.9348227182975,72.1123591009343,1.5343747903909613,0.32777688991846093,1.0000849125905746,0.00021574187929966285,18.05,20.959198191410273,17.05,20.959198191410273,-1.607602833529982,2.1230897507662503,222.82222222222222,94.71823286723755,111.41111111111111,47.35911643361877,215367112.21753743,390865791.4108746,10895.113997916038,20909.539427164378,44493.83771278606,99300.91072152968,42.33723089195342,5.268020815777115,215367112.21753743,390865791.4108746,10852.976762236733,20887.987647784397,52284.56728556798,142192.99561032862,84.83290430608044,10.855999051734043,41269.84126984127,0.0,1269.8412698412722,0.0,215367112.21753743,390865791.4108746,10852.966157474422,20887.99318568063,42.147840441616474,75.20999455453172,180
40000.0,iir_o6_bw6000,6,6000.0,55.20792152185713,52.447119404599846,111.5847679185025,105.4275054027973,74.378789018758,71.67269294236809,1.555228096723335,0.3463645822293567,1.0008969339543226,0.0051605877078929226,18.083333333333332,21.85423395819312,17.083333333333332,21.85423395819312,-1.6078462550489478,2.2039364745697676,216.14444444444445,106.4464678964154,108.07222222222222,53.2232339482077,215943814.75931656,391915031.6761679,34675.49271068899,72277.18355744256,19998.53173720494,56562.6545596147,37.857836323738965,5.634599035484823,215943814.75931656,391915031.6761679,34629.63904837185,72255.53787280734,21250.642932614865,63157.387265127894,75.77712900502019,11.386381317235543,41269.84126984127,0.0,1269.8412698412722,0.0,215943814.75931656,391915031.6761679,34629.63904837185,72255.53787280734,45.85366231714414,80.85026682254066,180
40000.0,iir_o4_bw5500,4,5500.0,54.42294667893265,51.895306453778005,109.28311537621371,103.98908414693051,74.0469591921628,71.80819155899324,1.5207599023392353,0.30877275398405346,1.0001210711912216,0.00036881260150950615,18.177777777777777,21.360213512301872,17.177777777777777,21.360213512301872,-1.6220280948727315,2.1595023099255073,227.57222222222222,95.51296560355614,113.78611111111111,47.75648280177807,214679415.41480246,389330541.7538912,48535.93383350245,107784.02132040345,13955.937606411117,31603.76127072674,36.780632470947175,5.80146194594832,214679415.41480246,389330541.7538912,48491.064805417205,107773.99173833845,14754.668106576342,35365.36156228358,73.6256024496506,11.72530628151561,41269.84126984127,0.0,1269.8412698412722,0.0,214679415.41480246,389330541.7538912,48491.064805417205,107773.99173833845,44.86902808524362,78.5996481659509,180
40000.0,iir_o4_bw6000,4,6000.0,55.18282111559907,52.41358240478774,111.09452443386502,104.85377515215917,74.47359352548688,71.55610578018312,1.5433990939231668,0.32624406269625555,1.000553269572174,0.003069355296844972,18.211111111111112,21.71526993797695,17.211111111111112,21.71526993797695,-1.6220293609493195,2.1901715362012655,217.51111111111112,100.40568485813519,108.75555555555556,50.202842429067594,215509984.77094698,390921532.06672233,140997.65738511854,299835.8561674568,3248.835430517426,4808.977482399634,31.95731583134154,5.123435390760442,215509984.77094698,390921532.06672233,140947.17664295997,299822.6298754095,3268.1642624933843,4868.963983378285,63.92893135842176,10.266222861726003,41269.84126984127,0.0,1269.8412698412722,0.0,215509984.77094698,390921532.06672233,140947.17664295997,299822.6298754095,50.48074215857396,86.64326550991072,180
40000.0,iir_o5_bw6000,5,6000.0,55.1979482956912,52.43679041396282,111.35301604369288,105.1990727618615,74.41890385658748,71.60362383437639,1.5494231441788366,0.33750748954868376,1.000804587397259,0.004617997387169476,18.33888888888889,21.8714282354905,17.33888888888889,21.871428235490498,-1.6341107862623045,2.2055731417047446,218.23333333333332,103.8104256289981,109.11666666666666,51.90521281449905,215833814.2529118,391636018.8314896,62425.36416333499,134226.6680214507,7642.0410518259805,11701.042615291753,35.410411883348985,5.281671356561558,215833814.2529118,391636018.8314896,62378.27664114088,134208.8383228681,7734.295619023372,11958.586405373482,70.8497789536442,10.603063050482447,41269.84126984127,0.0,1269.8412698412722,0.0,215833814.2529118,391636018.8314896,62378.27664114088,134208.8383228681,47.087522194110456,83.71689185778236,180
40000.0,iir_o4_bw3500,4,3500.0,51.06292927403004,49.08382920687952,101.29567478289933,96.70823177191174,71.3741265824296,69.26923263174847,1.4391342825345776,0.15514149459674276,1.0000805688346748,0.00022146959296625104,18.205555555555556,16.806389188839123,17.205555555555556,16.806389188839127,-1.6349343163804053,1.6967765162487607,243.87222222222223,73.21965350804801,121.93611111111112,36.609826754024006,199175658.41246304,359318029.2230783,2742.3884234546454,4372.7766423680505,261444.68117801956,659465.7172592356,48.379794139263836,5.882767865095093,199175658.41246304,359318029.2230783,2697.876066238919,4297.811712839933,320609.1884328994,924080.4186846918,97.0261500596387,12.171277262055824,41269.84126984127,0.0,1269.8412698412722,0.0,199175658.41246304,359318029.2230783,2697.876066238919,4297.811712839933,44.51235721572611,85.55528337886665,180
40000.0,iir_o3_bw4500,3,4500.0,52.90574168262873,50.687982091468164,105.66801586156157,101.11264902255417,73.08144191478799,71.16105412749512,1.4756079119983683,0.240815195776522,1.0000973118921896,0.0002535024627667377,18.383333333333333,21.216699178296945,17.383333333333333,21.216699178296945,-1.6483946152474147,2.143761359389911,237.01666666666668,82.36636205251122,118.50833333333334,41.18318102625561,208557644.0093423,377563538.20714325,22955.2330825468,52867.55168295228,35073.44721183298,85857.03763865553,40.03395432404041,6.205827946117763,208557644.0093423,377563538.20714325,22909.74837368723,52864.649013529466,42240.05486053936,119536.59372311736,80.25157645319638,12.781919904066088,41269.84126984127,0.0,1269.8412698412722,0.0,208557644.0093423,377563538.20714325,22909.74837368723,52864.649013529466,45.484708859572734,77.87186624182395,180
40000.0,iir_o5_bw5500,5,5500.0,54.41493369329996,51.908696555902026,109.50411466108137,104.29958719462446,73.99480439016139,72.00505882749384,1.5285543542257227,0.3206825268310481,1.0000946171079572,0.00025007551185658933,18.533333333333335,21.369952277326117,17.533333333333335,21.369952277326117,-1.6566649853905633,2.1632501128113737,227.1888888888889,96.05019572763608,113.59444444444445,48.02509786381804,215175425.66332266,390396465.3697496,19272.136526671413,41513.779419913335,31431.505764458085,67707.84201457206,40.37756025186756,5.695721013950202,215175425.66332266,390396465.3697496,19228.951091060822,41499.760315046995,33798.703494926514,76444.76034449089,80.86493900202846,11.580155037890497,41269.84126984127,0.0,1269.8412698412722,0.0,215175425.66332266,390396465.3697496,19228.951091060822,41499.760315046995,43.185435610588485,77.25302029764808,180
40000.0,iir_o3_bw4000,3,4000.0,51.93088727753086,49.85093156676422,103.41776020621859,98.89451238778985,72.16266565378896,70.15622498904949,1.456725876935036,0.20172128377550394,1.000076328036453,0.0002187658113988106,18.766666666666666,20.217559711062833,17.766666666666666,20.217559711062833,-1.6889983157099033,2.042184259118791,242.48888888888888,76.18732345831408,121.24444444444444,38.09366172915704,203597363.34225842,368178960.43503124,7799.287918962361,17558.359127030082,72219.44552017863,208697.0995275114,43.679201844104284,5.467602035097618,203597363.34225842,368178960.43503124,7756.57481783186,17552.939785679606,88300.54213801763,303775.5759837586,87.54559898678608,11.27310857810162,41269.84126984127,0.0,1269.8412698412722,0.0,203597363.34225842,368178960.43503124,7756.57481783186,17552.939785679606,42.713101130502146,77.71886468814023,180
40000.0,iir_o2_bw5000,2,5000.0,53.12023141807552,50.727529054748715,106.25767992154252,100.58727109713315,72.99823480996615,70.7510746964979,1.4935960322786428,0.25867947977182965,1.0000758778949332,0.00010680463504504182,19.461111111111112,22.35302433861149,18.461111111111112,22.353024338611487,-1.7534526912330892,2.2537988507348423,231.73333333333332,92.56443324342226,115.86666666666666,46.28221662171113,205817234.47990468,372896436.81027204,422210.7518552749,822079.9547952007,916.6800595838733,1364.291774252649,26.658400304854926,4.858563828315225,205817234.47990468,372896436.81027204,419680.8497929126,819744.2393146553,998.2308621422026,1692.169702449942,53.4707171321908,9.942786184075377,41269.84126984127,0.0,1269.8412698412722,0.0,205817234.47990468,372896436.81027204,419680.8497929126,819744.2393146553,2529.9020623622823,4350.943781425938,180
40000.0,iir_o2_bw4500,2,4500.0,52.1114328641733,49.911755786504216,103.45550972630085,98.64078384669095,72.44844775159459,70.51471177787917,1.4598397343201148,0.2309129956004093,1.0001011143382195,0.0002601881216573059,19.488888888888887,23.468864168312745,18.488888888888887,23.468864168312745,-1.7612436273844294,2.3657354369148527,233.45555555555555,91.11103927265493,116.72777777777777,45.55551963632747,201660341.50836837,365240778.1019683,204156.94304005426,407791.1682725291,1974.090225033694,2871.940180079618,29.818487297642985,5.047773699745084,201660341.50836837,365240778.1019683,203037.74639120346,406836.92235402303,2096.809007100131,3256.722126320177,59.776387490967934,10.273345413476406,41269.84126984127,0.0,1269.8412698412722,0.0,201660341.50836837,365240778.1019683,203037.74639120346,406836.92235402303,1119.1966488508235,1933.2678596652424,180
40000.0,iir_o3_bw3500,3,3500.0,50.45535583769278,48.53738173150496,99.45431733638131,95.10800102417657,70.88264406170639,68.85512107370423,1.422727367352451,0.15868659538161686,1.0000851198634233,0.00021212149463501498,19.47222222222222,18.359668743605432,18.47222222222222,18.359668743605432,-1.76443385447253,1.8527180134454888,243.10555555555555,74.36303049337693,121.55277777777778,37.18151524668846,195145989.23792037,352489564.66474915,3477.168576618715,6114.902526529327,75185.12609090439,134003.16902221498,46.17849707320226,4.285325782251943,195145989.23792037,352489564.66474915,3431.8766546144248,6080.612217262509,78352.62467604032,146385.7443819892,92.49554316930215,8.673080232663903,41269.84126984127,0.0,1269.8412698412722,0.0,195145989.23792037,352489564.66474915,3431.8766546144248,6080.612217262509,45.291922004290576,86.34083599931472,180
40000.0,iir_o2_bw4000,2,4000.0,50.86339929503748,48.84794677379032,100.1707965707599,95.96265434921908,71.43140114758046,69.59400416719281,1.4272864418790896,0.19989796413619362,1.0001135946382942,0.00029615660160904405,21.538888888888888,23.122062280896646,20.538888888888888,23.122062280896646,-1.971091773469718,2.330467595943595,237.31666666666666,87.91886019309867,118.65833333333333,43.95943009654933,195509559.71025056,353971255.38286823,87381.59053928235,180690.38033564718,5394.400538975033,8880.119299727141,33.53245051217985,5.459482804273329,195509559.71025056,353971255.38286823,86924.73953509572,180350.0155340151,5644.186618795034,9470.14013721289,67.2013405988303,11.06695236702004,41269.84126984127,0.0,1269.8412698412722,0.0,195509559.71025056,353971255.38286823,86924.73953509572,180350.0155340151,456.85100418663325,800.9510053279321,180
40000.0,iir_o8_bw3000,8,3000.0,49.381179673870065,47.62390259089311,95.39829472069843,91.3795665426357,70.36041821117651,68.31961729784712,1.3727165680210358,0.10338258619445641,1.0000904476076444,0.0002450093521537386,21.738888888888887,17.942292314727748,20.738888888888887,17.942292314727748,-1.9988685058856999,1.803911207753234,240.3388888888889,84.51307550739962,120.16944444444445,42.25653775369981,190352980.11823052,343116692.9541073,2516.3826865420137,4588.242534009015,894138.309656333,3874718.8425740576,49.643910595781136,6.480557494489267,190352980.11823052,343116692.9541073,2465.942635426762,4493.936683484767,1257831.2769868637,5846664.175636554,99.60264388102725,13.464988999382442,41269.84126984127,0.0,1269.8412698412722,0.0,190352980.11823052,343116692.9541073,2465.942635426762,4493.936683484767,50.44005111525161,97.25107889774347,180
40000.0,iir_o7_bw3000,7,3000.0,49.32410112623383,47.5263664975476,95.28367362558858,91.13098549015773,70.28204867583226,68.20835000572144,1.3730959033310202,0.10441318806187434,1.0000897919514324,0.00024452478421611694,22.25,18.547801749012475,21.25,18.547801749012475,-2.0499267508872836,1.8651211964646304,240.47222222222223,83.75472507678458,120.23611111111111,41.87736253839229,189363316.38715577,340861603.4603744,2556.4028891804064,4682.5139068792405,810834.6600678116,3468512.513101903,49.56316191804387,6.356882685745109,189363316.38715577,340861603.4603744,2505.098644984934,4585.882388701482,1092326.0489989407,4951683.802654556,99.42443576770516,13.16380069074968,41269.84126984127,0.0,1269.8412698412722,0.0,189363316.38715577,340861603.4603744,2505.098644984934,4585.882388701482,51.30424419547252,99.49635451497575,180
40000.0,iir_o6_bw3000,6,3000.0,49.23414023314078,47.41981725322997,95.1172012669424,90.90898309083617,70.1554706633055,68.08349108677996,1.3734221223909446,0.10581108655553104,1.000098104888401,0.00025666225458017015,22.88888888888889,19.074651607672045,21.88888888888889,19.074651607672045,-2.1137753708456963,1.918293238634047,240.25555555555556,83.21796930886235,120.12777777777778,41.608984654431175,188336995.82334405,338863256.4828145,2587.04040520144,4753.152354051234,757378.0044749948,3267131.1732058367,49.49450019495819,6.260421247827233,188336995.82334405,338863256.4828145,2535.071828727282,4654.86467575692,1001367.7959137956,4585148.870486241,99.27739069569763,12.940894745552493,41269.84126984127,0.0,1269.8412698412722,0.0,188336995.82334405,338863256.4828145,2535.071828727282,4654.86467575692,51.9685764741581,101.15555949743683,180
40000.0,iir_o2_bw3500,2,3500.0,49.19871428423796,47.38033451857727,95.9280608663812,92.09888227024197,69.743700340357,67.93685672491037,1.3952585005918188,0.16637744708683508,1.000080904740081,0.00021304475525663264,23.116666666666667,22.81116922344802,22.116666666666667,22.81116922344802,-2.1337239282231804,2.298335059325038,242.23333333333332,84.64603261812583,121.11666666666666,42.323016309062915,186341561.5718325,337308832.6461355,32559.367549936105,70184.88715119935,32927.05581387945,100340.120339311,37.98648265347159,6.584840587455541,186341561.5718325,337308832.6461355,32380.547328039884,70079.36618982864,45188.36641553724,154007.8175127697,76.27627560387609,13.763385909284144,41269.84126984127,0.0,1269.8412698412722,0.0,186341561.5718325,337308832.6461355,32379.21314037518,70079.97415661471,180.15440956092093,327.428907648496,180
40000.0,iir_o5_bw3000,5,3000.0,49.07109512857747,47.26826374473053,94.81337520868496,90.6319507407952,69.94038849007528,67.92095356468865,1.3733167547957768,0.10791456909705091,1.000097857318454,0.0002515676610685604,23.305555555555557,19.56199062834008,22.305555555555557,19.56199062834008,-2.155488623128826,1.967525416803844,240.62222222222223,81.79304552778383,120.31111111111112,40.896522763891916,187057583.6118886,336715747.1922808,2605.8423674515598,4787.194600937157,743295.6066203411,3370054.263562164,49.431477213094,6.198406962155576,187057583.6118886,336715747.1922808,2553.432797401676,4687.962306553614,1004637.7452999805,4972074.718647809,99.15067083607379,12.820424320738757,41269.84126984127,0.0,1269.8412698412722,0.0,187057583.6118886,336715747.1922808,2553.432797401676,4687.962306553614,52.409570049883705,102.21344890805152,180
40000.0,iir_o4_bw3000,4,3000.0,48.76372494431195,47.0023675317981,94.21029240763932,90.1327579230538,69.53320976010562,67.59852951801219,1.3725753528178564,0.11097472473084015,1.0000920789963095,0.00023580553576838035,23.761111111111113,19.919212221328216,22.761111111111113,19.919212221328216,-2.201216732157078,2.0039158026286232,241.31666666666666,80.91118484117159,120.65833333333333,40.455592420585795,185060434.01732868,333534610.63428414,2606.4961311576294,4725.96136881724,646362.4503837422,3007172.259506367,49.26201274383447,6.027585396991654,185060434.01732868,333534610.63428414,2553.8106289976213,4626.659187506078,869620.2644327966,4427411.6003938215,98.80025633717048,12.447220251248183,41269.84126984127,0.0,1269.8412698412722,0.0,185060434.01732868,333534610.63428414,2553.8106289976213,4626.659187506078,52.6855021600083,102.80532279583439,180
40000.0,iir_o3_bw3000,3,3000.0,48.16368766615778,46.47406770643182,92.93380994908665,89.04814844561777,68.74697886504265,66.93026606393383,1.3693328486786291,0.11682611813539845,1.0000827692597989,0.00022200552100533024,24.633333333333333,20.958831687341835,23.633333333333333,20.958831687341835,-2.289091915907671,2.109060863880787,241.85,78.76572114070716,120.925,39.38286057035358,181268688.40826592,327326601.4478693,2618.6099258124764,4345.278185875805,228101.54005371753,834557.1452282758,48.24242712841119,5.022654821674602,181268688.40826592,327326601.4478693,2566.00473736565,4254.497875218655,328258.6660438633,1477220.991378509,96.76489162331319,10.541405050090388,41269.84126984127,0.0,1269.8412698412722,0.0,181268688.40826592,327326601.4478693,2566.0003242416374,4254.500550328591,52.609601570839025,102.32516263114803,180
40000.0,iir_o2_bw3000,2,3000.0,46.88470836594881,45.307787500608434,90.04845558438275,86.58915300726628,67.15062635149121,65.54593008841648,1.357883645264994,0.13068829717131,1.0000827399180976,0.00021289081834676538,26.544444444444444,23.487146662565277,25.544444444444444,23.487146662565277,-2.4824315852421486,2.3632191403131686,241.15,83.20490121736927,120.575,41.602450608684634,172780765.96600586,312925830.2087326,10834.966048485852,23524.28965241246,39222.93642244382,65442.14393640121,41.904951107678606,5.739811064158342,172780765.96600586,312925830.2087326,10750.653670965787,23487.48146274386,42078.96722232633,70725.43738213701,84.03966502607805,11.737318363784428,41269.84126984127,0.0,1269.8412698412722,0.0,172780765.96600586,312925830.2087326,10750.653670965787,23487.48146274386,84.3123775200646,160.3549084480802,180
40000.0,iir_o2_bw2500,2,2500.0,43.64092852089087,42.388959652931504,81.79542990200942,78.89907134420623,63.346010878524986,62.08617608223694,1.3070474955314897,0.09828627503216768,1.00060513682609,0.0056297282115384505,35.65555555555556,27.584167230723835,34.65555555555556,27.584167230723835,-3.40214191398554,2.769498478168366,235.87222222222223,92.99828979959075,117.93611111111112,46.499144899795375,153223390.6167628,278164209.5921739,4185.999475069229,7563.7107564777625,50826.06726543571,68997.33759219841,44.817518183639336,4.246795726109407,153223390.6167628,278164209.5921739,4122.206502419265,7506.460419501209,52736.836352991144,73140.71226146296,89.81636819256893,8.613531426784835,41269.84126984127,0.0,1269.8412698412722,0.0,153223390.6167628,278164209.5921739,4122.206502419265,7506.460419501209,63.7929726499645,123.44761099325572,180
40000.0,iir_o3_bw2500,3,2500.0,44.75287408694859,43.41386987741154,83.46624362208124,80.38270185119906,65.15205222260678,63.82860177075624,1.2976321603148249,0.08486791485808227,1.0003561373032663,0.002821904002050163,37.08888888888889,27.26617994129242,36.08888888888889,27.26617994129242,-3.5470889935745666,2.735737505731821,236.40555555555557,92.15736463914068,118.20277777777778,46.07868231957034,160082037.39045417,289814065.805677,2864.332894127032,5363.367048468215,160480.93949457552,302909.2031179107,48.6053093093304,4.606558436617549,160082037.39045417,289814065.805677,2799.4643590576993,5239.050256427872,171819.41176921266,341621.90697664616,97.44399420075325,9.356777281390052,41269.84126984127,0.0,1269.8412698412722,0.0,160082037.39045417,289814065.805677,2799.4643590576993,5239.050256427872,64.86853506933237,125.90519445487018,180
40000.0,iir_o4_bw2500,4,2500.0,45.288226827772206,43.91101749166895,84.16654959781022,81.02730263735397,66.1025781441509,64.81204287254836,1.29071383846836,0.08058782856626445,1.0002158604109657,0.0012476514599709782,38.21666666666667,27.546867122563256,37.21666666666667,27.546867122563256,-3.6611252167839106,2.762792754849317,234.76666666666668,94.16763253241412,117.38333333333334,47.08381626620706,163100875.22519615,294980398.1107711,2994.0602931201884,5787.718839906281,166139.30746444405,372020.4988259572,48.792162164845195,4.5106296400889025,163100875.22519615,294980398.1107711,2926.8525397710387,5657.840469082236,173333.63055780856,394310.10866403725,97.80113645454023,9.09146981510854,41269.84126984127,0.0,1269.8412698412722,0.0,163100875.22519615,294980398.1107711,2926.8525397710387,5657.840469082236,67.20775334914977,130.64468997883512,180
40000.0,iir_o5_bw2500,5,2500.0,45.62123844405654,44.22929791428468,84.61842794285472,81.49436763743323,66.7142581425706,65.4301755904742,1.285999470592337,0.07913617490000154,1.0001625010119675,0.0009935382224374116,38.86666666666667,28.366397620538297,37.86666666666667,28.366397620538297,-3.726996064548516,2.844113373419677,235.32777777777778,93.35496207891046,117.66388888888889,46.67748103945523,164703232.9940732,297915164.1428531,3064.9419838556773,5972.0761843655255,159651.31170762808,345996.0605568377,48.78662014034541,4.4237254697469695,164703232.9940732,297915164.1428531,2996.1578390029595,5838.798883714517,166390.7560470165,367096.64994164027,97.78853594892122,8.910077013719214,41269.84126984127,0.0,1269.8412698412722,0.0,164703232.9940732,297915164.1428531,2996.1578390029595,5838.798883714517,68.78414485271787,133.89475777684535,180
40000.0,iir_o6_bw2500,6,2500.0,45.891635410450284,44.48749974793044,85.05121852943881,81.9812126683258,67.15899185620484,65.8906749488511,1.2835609091163787,0.07879049156981793,1.0001843376603778,0.0012564953456950779,39.611111111111114,28.590225483055264,38.611111111111114,28.590225483055264,-3.8018868918632736,2.8662940735766713,234.2722222222222,94.88498362722716,117.1361111111111,47.44249181361358,165632444.46058124,299835440.5667269,3140.14501558962,6147.628220068244,153617.01159049498,312843.3262264615,48.73546969051919,4.387766551854138,165632444.46058124,299835440.5667269,3069.925909459861,6011.276693299118,159704.17509327648,330759.72381167626,97.68371750443221,8.831069030904064,41269.84126984127,0.0,1269.8412698412722,0.0,165632444.46058124,299835440.5667269,3069.925909459861,6011.276693299118,70.21910612975898,136.89973795009314,180
40000.0,iir_o7_bw2500,7,2500.0,46.15064843415355,44.72109405024835,85.52854396843694,82.51195771951191,67.50111373269498,66.20886092438992,1.2829463868428985,0.07848329106249888,1.0002078889363428,0.0015826378911185045,40.40555555555556,28.98038196428368,39.40555555555556,28.98038196428368,-3.881437676342701,2.90502807668892,233.13333333333333,96.58732118930072,116.56666666666666,48.29366059465036,166140912.79984233,301074624.9719619,3233.3340859130426,6352.3034207600285,151395.1106970954,291663.4301822654,48.66911388281934,4.437403076931637,166140912.79984233,301074624.9719619,3161.615392801444,6212.789088907259,157077.91877984974,307086.803460734,97.54893858237443,8.926472042927696,41269.84126984127,0.0,1269.8412698412722,0.0,166140912.79984233,301074624.9719619,3161.615392801444,6212.789088907259,71.71869311159828,140.04210083842247,180
40000.0,iir_o8_bw2500,8,2500.0,46.42094604838131,44.943880875349194,86.07974368390543,83.08713857685044,67.83097282418215,66.4399645990278,1.2829003374537227,0.07777995323145476,1.000330773593818,0.002269428054281189,41.361111111111114,30.0356889929909,40.361111111111114,30.0356889929909,-3.976969478353553,3.0101740830816186,231.42777777777778,99.22267889050025,115.71388888888889,49.611339445250124,166347890.17332506,301784748.2305591,3351.5495317205155,6598.767473488166,153311.18251289186,284005.4310070345,48.59789276941384,4.584647048637632,166347890.17332506,301784748.2305591,3278.1538158871367,6455.815528231592,158841.43512735784,297735.1571543326,97.40513532779437,9.220028103278837,41269.84126984127,0.0,1269.8412698412722,0.0,166347890.17332506,301784748.2305591,3278.1538158871367,6455.815528231592,73.3957158333785,143.50426786557864,180
50000.0,iir_o2_bw7000,2,7000.0,27.698731151134922,22.287446201282123,69.91538808087695,56.08380367665594,31.138060033227227,27.138276764185186,2.348989243480184,0.6812567210163826,1.0057803264204492,0.029236669788678612,10.65,12.153338277400007,9.65,12.153338277400007,-0.7684971414444666,1.2361343814502652,250.9777777777778,123.54330910285844,125.4888888888889,61.77165455142922,54178953.3481226,94179193.14142163,10946522.576597799,17933381.654758118,7.389597196238527,6.04411719804018,7.298937875433104,3.9004964335656345,54178953.3481226,94179193.14142163,8756873.779888988,14799908.091094933,9.792794418722961,8.401932784483176,16.77284617790764,8.083825492073297,50793.6507936508,0.0,793.6507936507987,0.0,8608870.608286018,14842617.614569582,54178953.3481226,94179193.14142163,2337651.9683117797,3849801.058550496,180
50000.0,iir_o2_bw6500,2,6500.0,26.691873228917725,21.65018529756712,64.93504240872784,52.239364884214716,32.43388498153552,28.700886214863772,2.0985153120064064,0.6196361101717904,1.0067488575100398,0.03581524523859488,12.894444444444444,13.815826574455967,11.894444444444444,13.815826574455967,-1.0196204241311104,1.40029298482503,249.45555555555555,123.43719467978805,124.72777777777777,61.718597339894025,54003082.918676496,93794585.50142527,6874473.692010239,11160237.42526562,11.854260901442153,10.248476105153285,9.310341449006193,3.9187260095834113,54003082.918676496,93794585.50142527,5424914.13279519,9087719.663686192,15.952077969267258,14.683016181669034,20.904844623042308,8.136082972847507,50793.6507936508,0.0,793.6507936507987,0.0,5315053.586357235,9117085.17035799,54003082.918676496,93794585.50142527,1559420.1056530043,2543462.21538363,180
50000.0,iir_o2_bw6000,2,6000.0,25.896232560639863,21.17714736550848,60.49564474232834,48.926431686141754,33.68933213564942,30.005839452015625,1.8885682737218474,0.5946476231998654,1.007660885413183,0.043008510536425515,14.883333333333333,15.602347266468072,13.883333333333333,15.602347266468074,-1.2439635254711734,1.5711332177217152,247.80555555555554,121.68969132408039,123.90277777777777,60.84484566204019,53745876.7109974,93247443.32633528,4052470.506426913,6519359.634621886,20.31895270934115,18.50577993163966,11.598380213912588,3.9492184796109164,53745876.7109974,93247443.32633528,3152374.2879410028,5230779.17495996,27.89524510253067,27.63341633452566,25.606375972930284,8.229506455339035,50793.6507936508,0.0,793.6507936507987,0.0,3076187.15878302,5249354.963028577,53745876.7109974,93247443.32633528,976283.3476438937,1577582.9244350274,180
50000.0,iir_o3_bw7000,3,7000.0,26.642664400727128,21.654687824387995,62.530578811272335,49.89693680810457,34.03723837615911,30.23863564000956,1.9153513700838805,0.547553978022799,1.0077770363515792,0.03778921185071109,14.95,16.645255334168503,13.95,16.645255334168507,-1.2460600867268357,1.6766463608604496,255.09444444444443,138.20912408425343,127.54722222222222,69.10456204212672,54780937.8723151,95338480.23325855,5308728.195539149,8207938.635620492,17.498497533229898,23.902424280167786,10.517148609155699,4.144714099195164,54780937.8723151,95338480.23325855,4284693.138424942,6911299.648736485,24.51726200100399,38.77917163698166,23.31582539610382,8.68618907246727,50793.6507936508,0.0,793.6507936507987,0.0,4203489.22151762,6931172.405434202,54780937.8723151,95338480.23325855,1105238.974021529,1680671.458471766,180
50000.0,iir_o2_bw5500,2,5500.0,25.27309140066377,20.819270673802134,56.64874147859397,46.14570543915438,34.31811850856281,30.029104296413447,1.7236320560893492,0.5204020456061519,1.0083835452267809,0.04971742776063702,16.988888888888887,18.046801009915754,15.988888888888889,18.046801009915754,-1.475273744496502,1.8095502612861276,243.7888888888889,117.99597516518567,121.89444444444445,58.997987582592835,53365563.76050643,92455009.02555005,2222452.5571148335,3542635.9034196245,37.46606663899318,35.466966269681144,14.197525316807845,3.9901754935220266,53365563.76050643,92455009.02555005,1703995.452433878,2796755.4404994524,52.49733897528931,54.87672014182087,30.92486962545719,8.349401915134617,50793.6507936508,0.0,793.6507936507987,0.0,1654818.669750724,2807596.614541639,53365563.76050643,92455009.02555005,567633.8873641097,909223.4863281855,180
50000.0,iir_o4_bw7000,4,7000.0,26.243806240793575,21.448543474828117,58.76021684446933,46.94595877841245,35.67861626472393,31.771644322038036,1.7114264997810589,0.46183978221608474,1.0088194274036488,0.04110154502068873,17.094444444444445,17.8355921923452,16.094444444444445,17.8355921923452,-1.4862302251607575,1.7843908814981466,249.5,143.3242017791917,124.75,71.66210088959585,54902389.734078966,95572311.86063914,3186792.0798042556,4749715.65416866,37.12477420890952,68.99750163989742,12.934599802130935,4.612115088129405,54902389.734078966,95572311.86063914,2630721.2340578334,4120346.961326131,47.6999577608906,77.47542293417209,28.04267352861598,9.45450139793543,50793.6507936508,0.0,793.6507936507987,0.0,2591214.0567384185,4130460.7915937,54902389.734078966,95572311.86063914,595578.0230658372,861297.008368602,180
50000.0,iir_o3_bw6500,3,6500.0,25.900287393047773,21.23650142403059,57.96855769199094,46.71207857688789,35.504197338708515,31.294310121471266,1.6993130506664522,0.49990634051849353,1.009284929914057,0.047476803927334346,17.97222222222222,19.206153156123865,16.97222222222222,19.206153156123865,-1.5765289712805965,1.9237325455581613,251.21666666666667,135.1827347988991,125.60833333333333,67.59136739944955,54731776.6409359,95206159.29239091,2672049.6918154513,4089568.6420472427,38.10933325076313,58.55430504128697,13.595062296696286,4.329372833314462,54731776.6409359,95206159.29239091,2131016.1560781384,3403615.433198328,52.40169381895784,80.78493587363877,29.58184935530694,8.999181084975133,50793.6507936508,0.0,793.6507936507987,0.0,2080068.7570128364,3414643.399398218,54731776.6409359,95206159.29239091,591980.9348026145,889490.1768459716,180
50000.0,iir_o5_bw7000,5,7000.0,26.066139245115057,21.364940864034164,56.758707400438105,45.39514914208527,36.458982170577244,32.08145081257857,1.6134512025859402,0.43094145108918297,1.0097105012996088,0.043001257285432845,18.42222222222222,17.37491788672548,17.42222222222222,17.37491788672548,-1.6325329739720371,1.731710601995357,241.76666666666668,143.49913281033594,120.88333333333334,71.74956640516797,54932063.01438925,95623626.04250462,2275920.033392902,3341852.869140761,63.49071330684334,113.81783149240879,14.651712090347472,5.076420391061485,54932063.01438925,95623626.04250462,1922041.5667632392,2975071.5147213046,89.75202303799391,171.0663945177982,31.425053349571833,10.66257997940991,50793.6507936508,0.0,793.6507936507987,0.0,1908352.378715487,2980702.56494897,54932063.01438925,95623626.04250462,367567.65467741544,524123.45274963306,180
50000.0,iir_o8_bw4500,8,4500.0,24.913508141013786,20.710123078962386,52.74637839503177,43.701711971620355,32.50361744451806,28.21241306187724,1.676704681801803,0.33695345391061626,1.00682928689337,0.04505517191629104,19.644444444444446,23.857262277486587,18.644444444444446,23.857262277486587,-1.7439889612929846,2.3898018015167755,229.01666666666668,71.27705602144214,114.50833333333334,35.63852801072107,54827250.58180458,95356290.4669934,18680.476373360023,28507.622713813747,6371.262335633909,9188.231935091972,35.16223255424289,5.0395947948166615,54827250.58180458,95356290.4669934,17284.465535544445,27057.5324242323,7141.516841728573,9731.117277615553,71.28843631848017,10.326384847770898,50793.6507936508,0.0,793.6507936507987,0.0,17213.70706732099,27098.305614534263,54827250.58180458,95356290.4669934,1466.7693060390338,2677.948365944551,180
50000.0,iir_o7_bw4500,7,4500.0,24.892224483560028,20.697023302112285,52.58421733955329,43.57628166380837,32.58057017079057,28.27032751498891,1.6669373446741753,0.3336143830820247,1.0068514064868748,0.04518240973074133,19.8,23.922687392244192,18.8,23.922687392244192,-1.7609002075799156,2.3959860757510905,228.74444444444444,71.46606197109307,114.37222222222222,35.733030985546534,54770524.646217026,95216396.77728881,18048.031409252493,27410.48698438272,7048.916018641358,14133.735446767281,35.248084058573205,5.040694814866162,54770524.646217026,95216396.77728881,16622.13780454033,25869.214161474327,7839.633409063877,14589.683459418213,71.5010672765604,10.321295143794327,50793.6507936508,0.0,793.6507936507987,0.0,16543.920301740796,25913.78104053444,54770524.646217026,95216396.77728881,1504.1111075116974,2728.571714279599,180
50000.0,iir_o6_bw4500,6,4500.0,24.860963154607003,20.677998017175135,52.33486775124795,43.38365059286049,32.69544820723016,28.357497707142432,1.6521560842252652,0.328388124889184,1.0068886652434113,0.045416103764959984,19.97222222222222,24.221840312139083,18.97222222222222,24.221840312139083,-1.780182339876642,2.425859424784116,228.53333333333333,71.78011115582017,114.26666666666667,35.89005557791008,54680067.55231042,95006777.02991608,17289.97161067796,26539.5126058947,12755.190451708617,53898.02345154068,35.441393106121375,5.314694805160383,54680067.55231042,95006777.02991608,15817.290259014117,24896.87456692808,14644.25959638742,61795.7832362086,71.98036883088393,10.935466673784628,50793.6507936508,0.0,793.6507936507987,0.0,15716.03946492802,24952.036723311623,54680067.55231042,95006777.02991608,1573.9321457499418,2803.8311489713506,180
50000.0,iir_o6_bw7000,6,7000.0,25.97541227858771,21.32492311204937,55.60829824024062,44.49408708250544,36.94854558123273,32.24902496579166,1.5574452604828328,0.411122575118928,1.0102772460033675,0.04453933627572499,20.2,17.57391413716815,19.2,17.57391413716815,-1.8183857778786559,1.7466799370758312,237.9611111111111,142.5487220006196,118.98055555555555,71.2743610003098,54939826.14179558,95631974.46732016,1831541.3462811832,2680671.564151199,98.92633753896394,202.06374895923508,15.818352815999111,5.4737665431348335,54939826.14179558,95631974.46732016,1583489.1844986153,2434707.1604569927,141.5675390989744,316.9510277975519,33.61538430570289,11.530714142143474,50793.6507936508,0.0,793.6507936507987,0.0,1576957.6581192268,2437872.7202226482,54939826.14179558,95631974.46732016,254583.68816195594,365501.192955266,180
50000.0,iir_o5_bw4500,5,4500.0,24.811956240337818,20.647805474402563,51.924880894269,43.06777205921137,32.86859703684291,28.486847038571184,1.6288585103570925,0.32027860099716093,1.0069573042734965,0.04585831174462716,20.33888888888889,24.14323271455945,19.33888888888889,24.14323271455945,-1.8201263797380594,2.4174231886734097,228.84444444444443,72.25001766617265,114.42222222222222,36.125008833086326,54526240.122040756,94664725.80502348,16705.846603605944,27057.59419895743,8588.86941739066,25767.96333859023,35.46527817171571,4.960184792221354,54526240.122040756,94664725.80502348,15159.18957733415,25332.469814137105,10994.203068159966,36204.806904117475,72.27873920947974,10.461555344722836,50793.6507936508,0.0,793.6507936507987,0.0,14907.314506877,25427.470256568864,54526240.122040756,94664725.80502348,1798.5320967289392,3045.195442111041,180
50000.0,iir_o8_bw5000,8,5000.0,25.008247267442343,20.7555835164703,52.86787661514729,43.74614095989642,32.661464661174165,28.464160813233306,1.6810491244677104,0.36989147793672367,1.0067968915216763,0.04478731618181059,20.533333333333335,24.589455886255852,19.533333333333335,24.589455886255852,-1.8332159630614424,2.4682182236526535,228.62222222222223,76.42121992855998,114.31111111111112,38.21060996427999,54985039.74521695,95694136.2930098,27140.36946064084,43738.56587734498,3494.0346634032994,5466.987980769719,33.06499571892416,4.393656790197788,54985039.74521695,95694136.2930098,25276.55729119651,41231.386545055706,3894.5636089666687,5654.198417162532,66.9964982860042,9.09012880060049,50793.6507936508,0.0,793.6507936507987,0.0,25238.604519360455,41251.22781023345,54985039.74521695,95694136.2930098,1901.7649412803853,3488.8320781338984,180
50000.0,iir_o2_bw5000,2,5000.0,24.766305669636363,20.524038655014863,53.42961144625555,43.87176143216023,34.24998891434506,29.568397729230778,1.607549452978457,0.41900474111470776,1.0081501404923738,0.05100048147076538,20.511111111111113,21.015421017582415,19.511111111111113,21.015421017582415,-1.842134077994947,2.101673545130096,236.42222222222222,112.36020267813744,118.21111111111111,56.18010133906872,52796187.86607293,91287757.883035,1122385.0024637287,1772289.13649364,74.84201083855052,72.03114417295733,17.144554965194562,4.038736655115397,52796187.86607293,91287757.883035,850363.6978009136,1375937.9714426554,106.36419356185046,112.61138895406194,36.90896663088792,8.468410962756275,50793.6507936508,0.0,793.6507936507987,0.0,819690.2030656519,1380995.8545613755,52796187.86607293,91287757.883035,302694.7993980766,480916.5252407336,180
50000.0,iir_o7_bw5000,7,5000.0,24.996788017758433,20.751056088927513,52.67825700169452,43.600846215780486,32.79333983988051,28.564780197761483,1.6668306881191792,0.36471160216788806,1.0068094792151918,0.04488258295281415,20.694444444444443,24.744526446774216,19.694444444444443,24.744526446774216,-1.8512680127284868,2.48345831291404,228.9611111111111,76.63104406805151,114.48055555555555,38.315522034025754,54953946.660963036,95624978.08605114,26654.295209522363,45643.81945118709,3513.3531241567525,4468.459377075543,33.20633627148027,4.412517934414019,54953946.660963036,95624978.08605114,24668.976645394803,43150.02152734488,4062.3294946744654,4940.645611006135,67.42189514024865,9.250183061090834,50793.6507936508,0.0,793.6507936507987,0.0,24586.173545981448,43189.91217912971,54953946.660963036,95624978.08605114,2068.1216635409155,3635.8998550603646,180
50000.0,iir_o6_bw5000,6,5000.0,24.979384620122534,20.74332436688275,52.38590826969904,43.374693099043576,32.97938064400083,28.702487994442265,1.6461204956998436,0.35716208775793395,1.0068415202375287,0.04509075146300596,20.8,24.757460361988244,19.8,24.757460361988244,-1.8646744247292455,2.483995646794191,228.73888888888888,77.39006359276759,114.36944444444444,38.695031796383795,54902851.85963086,95509497.78046034,26696.226777943437,49387.31752312723,3700.8146540665816,4767.578894056055,33.33934697419724,4.505481979183674,54902851.85963086,95509497.78046034,24444.25790236384,46974.74861808513,4839.550891081362,7091.474077736735,68.0582725867223,9.8275493422861,50793.6507936508,0.0,793.6507936507987,0.0,24229.293951368927,47056.84402337443,54902851.85963086,95509497.78046034,2466.9328265745103,4045.1694319236676,180
50000.0,iir_o8_bw4000,8,4000.0,24.6752719553769,20.572745824976145,51.619116346364336,42.9238130567179,32.83425322976269,28.281178057382338,1.6071816333523796,0.2716769448732681,1.0067394238078426,0.04443716981216536,21.005555555555556,24.69783814804122,20.005555555555556,24.69783814804122,-1.8889462811202666,2.4694276164336277,227.47222222222223,69.11963804700675,113.73611111111111,34.55981902350337,54308894.55428649,94108244.01658653,10436.386490956662,16323.923776992779,15943.512625992586,30745.32781677727,37.93467338415785,5.563531690627426,54308894.55428649,94108244.01658653,9289.357748880728,15107.92487480425,19693.334599250767,41255.431673402694,77.36117834081057,11.441275517786268,50793.6507936508,0.0,793.6507936507987,0.0,9097.481329766573,15177.929425992083,54308894.55428649,94108244.01658653,1338.9051611900882,2405.8893487392315,180
50000.0,iir_o3_bw6000,3,6000.0,25.403651350429787,20.966712972202398,54.431211146865955,44.33024735829042,35.75482663561396,30.9525629468762,1.5746733386752803,0.4406939905848791,1.0097113480908968,0.052625697725213305,20.983333333333334,22.59492082144512,19.983333333333334,22.59492082144512,-1.8947397458719972,2.2562002289944614,247.87222222222223,128.79185192987083,123.93611111111112,64.39592596493542,54639859.65387371,94987679.61712848,1210848.082651549,1837270.373013256,93.06822982680407,149.09007293829697,17.154970543344746,4.553465171667515,54639859.65387371,94987679.61712848,954218.0520247127,1508088.4636976947,128.63445469638876,205.94336632581525,36.7758874398984,9.4208819049656,50793.6507936508,0.0,793.6507936507987,0.0,924700.4067146298,1513640.0938293387,54639859.65387371,94987679.61712848,286147.67593691923,425930.2902424945,180
50000.0,iir_o7_bw7000,7,7000.0,25.924395547963588,21.303320678679817,54.9212034041769,43.97074675924165,37.250181888538165,32.350109562533255,1.523981518651694,0.3961447298498877,1.0105675842755937,0.045318168468259666,21.05,17.874883286722927,20.05,17.874883286722927,-1.9083017925738344,1.7741336984204543,238.1,140.32528451729695,119.05,70.16264225864848,54941671.380986735,95629722.30037558,1590080.9718953066,2332808.2953037103,142.60902340198226,363.3286358541482,16.565331590722355,5.729450474008006,54941671.380986735,95629722.30037558,1400753.1378804161,2151312.479206234,193.01905157451364,534.5787221682034,34.880936225379585,11.879358630171696,50793.6507936508,0.0,793.6507936507987,0.0,1397157.8660493302,2153077.6972765536,54941671.380986735,95629722.30037558,192923.1058459766,280627.81171518785,180
50000.0,iir_o7_bw4000,7,4000.0,24.648734214317166,20.557754389118227,51.48398022144401,42.8240388243274,32.853397886310255,28.303536741502324,1.602403483837039,0.27013352895861975,1.0066724893848682,0.044024826153618433,21.238888888888887,24.869798131342574,20.238888888888887,24.86979813134257,-1.9129946543139857,2.4865361467545264,227.4111111111111,69.27612863576122,113.70555555555555,34.63806431788061,54209435.734808266,93916674.69279179,10401.449356767564,16272.66267983955,14646.147524213025,25518.01308499265,37.893017998049075,5.451590982997844,54209435.734808266,93916674.69279179,9258.873166005134,15009.472806574364,17703.529394819405,32118.58083708922,77.26181645483634,11.191963228256196,50793.6507936508,0.0,793.6507936507987,0.0,9061.4879337245,15081.937516247375,54209435.734808266,93916674.69279179,1339.9614230430639,2411.278596671377,180
50000.0,iir_o5_bw5000,5,5000.0,24.9518281674512,20.729314237802143,51.918842145132395,43.00875322846759,33.24303226144745,28.891167147055988,1.6151399114219451,0.346323814603765,1.0069167700644344,0.04557938078712394,21.25,24.91300506219694,20.25,24.91300506219694,-1.9139996543744517,2.497492980669201,230.07222222222222,77.949634975409,115.03611111111111,38.9748174877045,54810348.11372569,95302467.48559394,29934.269351539533,58017.6739649539,3739.3348071673736,5538.566362342492,33.10003135085172,4.692396321160096,54810348.11372569,95302467.48559394,27299.11501723445,55250.845097935715,4775.7930072743675,6729.706916007344,67.82285321932102,10.053026737004894,50793.6507936508,0.0,793.6507936507987,0.0,26114.60405177661,55580.45883380025,54810348.11372569,95302467.48559394,3819.665299762927,5855.314489097025,180
50000.0,iir_o4_bw4500,4,4500.0,24.72890400486466,20.594076965933066,51.20568326299879,42.514962709774586,33.136164794961566,28.68382004665935,1.5893378687783193,0.3058176201753952,1.0070879571446043,0.04675622480155711,21.466666666666665,24.492707841930578,20.466666666666665,24.492707841930578,-1.9385390042296444,2.4506903504640927,230.73888888888888,72.69814870802539,115.36944444444444,36.34907435401269,54237819.88344397,94046817.6438416,19604.26292711102,34435.528929925524,5288.467100393592,7363.274233427699,34.78657451975507,4.6210790676325875,54237819.88344397,94046817.6438416,17387.37917493348,32118.894061360894,6715.395961668379,8523.835006942032,71.34519680240382,9.796777185601936,50793.6507936508,0.0,793.6507936507987,0.0,16418.355452988362,32359.98914070333,54237819.88344397,94046817.6438416,3185.9074741226596,4939.051651527154,180
50000.0,iir_o6_bw4000,6,4000.0,24.60856740670682,20.53212870082205,51.28012570945427,42.665789109124724,32.8820188806719,28.332329070768647,1.5950418720019008,0.2679667173051998,1.0066198468697771,0.043670890517669265,21.5,25.039744943102804,20.5,25.039744943102804,-1.9402032073408997,2.5034579389220464,227.54444444444445,69.57920788626943,113.77222222222223,34.789603943134715,54064877.48984658,93614970.10585324,10337.498540694165,16160.280315751434,12991.611081245339,19504.9510208212,37.82333377028107,5.271864838850185,54064877.48984658,93614970.10585324,9203.11990212286,14841.340320719715,15449.264061732243,22743.717136865478,77.11444124943702,10.826948556161957,50793.6507936508,0.0,793.6507936507987,0.0,8995.935651948206,14917.456776312949,54064877.48984658,93614970.10585324,1341.562888745959,2413.01343369877,180
50000.0,iir_o5_bw4000,5,4000.0,24.544268473232453,20.488099563861123,50.94764638104085,42.40311909145329,32.93470806662359,28.381551239277773,1.5821915863684066,0.26375717515527236,1.0065955448621893,0.04352109325316493,21.866666666666667,25.170790910970577,20.866666666666667,25.170790910970574,-1.9787730705616584,2.516538919800822,227.79444444444445,70.10102026068576,113.89722222222223,35.05051013034288,53834878.12574816,93127584.15624073,10208.152818498751,16079.32282438322,11271.917530450055,14339.238180257027,37.724407007521066,4.999136099300719,53834878.12574816,93127584.15624073,9099.603905434244,14704.634703376729,13608.725869627408,16487.938886816984,76.94570427201694,10.374694633300889,50793.6507936508,0.0,793.6507936507987,0.0,8856.779106053351,14790.448588246169,53834878.12574816,93127584.15624073,1351.3737124453999,2407.9681219813397,180
50000.0,iir_o8_bw7000,8,7000.0,25.89352077653564,21.29048288146292,54.49266874710026,43.66823932309272,37.44515785504083,32.43437771861656,1.5030700385622313,0.38582584063105874,1.0105733477941892,0.04504949697013033,21.8,18.040116686315134,20.8,18.040116686315134,-1.9864378151133883,1.789838260301781,238.20555555555555,140.55868959392026,119.10277777777777,70.27934479696013,54941853.19899791,95625368.91950357,1446551.974097311,2132773.0890132296,154.91461073761937,427.1866387783246,16.967687566224146,5.661800987543044,54941853.19899791,95625368.91950357,1291744.2991917431,1989777.6617679794,222.0376929352482,720.6571758731171,35.606605432134636,11.856601867700396,50793.6507936508,0.0,793.6507936507987,0.0,1290166.462490349,1990559.0388275003,54941853.19899791,95625368.91950357,156385.51160696175,230356.19356942002,180
50000.0,iir_o4_bw6500,4,6500.0,25.628731752492513,21.110215699029837,54.723988844129835,44.24366767691446,36.54529538236345,31.779011625718613,1.5538018628185328,0.44946994718212147,1.0109192401572857,0.05320592048852588,22.05,22.451505778718793,21.05,22.451505778718793,-2.0046904482144168,2.240795847950228,241.37777777777777,137.18869912721854,120.68888888888888,68.59434956360927,54896979.548807375,95531825.58957346,1358720.9436607205,2022549.2013952553,106.04994453872057,193.16489279223154,16.906108369092536,5.033695885555829,54896979.548807375,95531825.58957346,1117813.5562280514,1748118.2187841265,143.84926918702763,269.3885907796727,36.044940784052436,10.333228639025249,50793.6507936508,0.0,793.6507936507987,0.0,1095445.472450279,1753195.2497739084,54896979.548807375,95531825.58957346,263275.47121044155,379447.57356576103,180
50000.0,iir_o8_bw5500,8,5500.0,25.056823682330347,20.79166842416056,52.2887949126171,43.23359632565729,33.44729109589575,29.178124889195615,1.624734889912856,0.3718310775194817,1.008079641496106,0.04525961634308824,22.266666666666666,26.227964946815767,21.266666666666666,26.227964946815767,-2.0147797508634238,2.6319320756406315,223.47222222222223,94.55230768674497,111.73611111111111,47.276153843372484,55001214.24908799,95727976.45078117,46600.64779036131,107235.42657310936,3064.332804412169,4462.296404031798,31.75455393264541,5.176530747804661,55001214.24908799,95727976.45078117,43488.672118168,103608.22714614238,4414.256593835495,7617.335554025904,65.14726303235615,11.544072190907695,50793.6507936508,0.0,793.6507936507987,0.0,42869.58533386243,103786.80643822638,55001214.24908799,95727976.45078117,3731.062456498877,5894.104457248566,180
50000.0,iir_o7_bw5500,7,5500.0,25.0552599755154,20.792210687050353,52.0722773776902,43.04633361592962,33.60079110609269,29.28921293889785,1.6086700227608497,0.3660151699065631,1.0081901494646248,0.04557186683875639,22.416666666666668,26.273991430658644,21.416666666666668,26.273991430658644,-2.032004759576838,2.634820034151878,225.2,94.61019114321896,112.6,47.30509557160948,54988718.46602018,95698214.89262006,50028.22675144424,113328.15325661676,2799.4196284917175,3598.125197291223,31.50116581449433,5.145559333414361,54988718.46602018,95698214.89262006,46773.51209996907,109655.64884710395,3821.154081902303,5445.491677600684,64.63247775186086,11.274451041699413,50793.6507936508,0.0,793.6507936507987,0.0,45431.858851226156,110056.0390955504,54988718.46602018,95698214.89262006,4596.36790021808,6887.366881532804,180
50000.0,iir_o4_bw4000,4,4000.0,24.434271910381838,20.409221444548038,50.35306170402267,41.93511974508642,33.02584016075849,28.45546301354848,1.5578860342997025,0.2547140379553615,1.0066963433402387,0.04417193873924021,22.705555555555556,25.56265109441017,21.705555555555556,25.56265109441017,-2.0662464866183012,2.5555608158167633,228.2,70.9355990873207,114.1,35.46779954366035,53429076.89026042,92288673.80994876,10455.995415821772,17414.100812030534,9039.57733607895,9108.387410373609,37.39695255729731,4.548138742718274,53429076.89026042,92288673.80994876,9341.546681636866,15984.973258346869,11577.129339150146,12349.758223035258,76.39539182548563,9.701835737245247,50793.6507936508,0.0,793.6507936507987,0.0,8920.518811524273,16109.592471556487,53429076.89026042,92288673.80994876,1535.4766042974993,2594.5074127173434,180
50000.0,iir_o4_bw5000,4,5000.0,24.905964001255573,20.701912780075926,51.159841447226306,42.40479334137423,33.6198734759408,29.149673179506586,1.5682611133807105,0.333783654549333,1.007087190907131,0.04672425729104928,22.755555555555556,25.24574685618362,21.755555555555556,25.24574685618362,-2.071315174172107,2.526351218581155,230.94444444444446,84.48170753193179,115.47222222222223,42.240853765965895,54621227.9260015,94891940.16584314,50153.22658433936,86384.57865149852,2508.5077683104237,4541.213493563175,31.09630609289738,4.843411376682712,54621227.9260015,94891940.16584314,43133.63080097725,78922.56761434811,3391.58254141215,6940.320122907532,64.08954723774225,10.07137301131878,50793.6507936508,0.0,793.6507936507987,0.0,40109.66348624446,79470.32982225095,54621227.9260015,94891940.16584314,10043.563098094903,14858.99629664913,180
50000.0,iir_o6_bw5500,6,5500.0,25.053529790985195,20.79258691060622,51.76528718485708,42.77616428444568,33.81375771405784,29.441390595598445,1.5865166421195174,0.35963020211791374,1.0083290275635575,0.04612825549605733,22.983333333333334,26.472812025478376,21.983333333333334,26.47281202547838,-2.0918071098008215,2.6526102964334357,225.80555555555554,96.50258903072896,112.90277777777777,48.25129451536448,54964404.61800602,95643205.45790839,58579.26875874707,124359.06327309921,2304.845202712919,3217.034143223657,30.73640022964356,4.987544799363628,54964404.61800602,95643205.45790839,54285.733778428264,120045.36175127514,2971.370809776096,4226.350358713521,63.09062174458461,10.624324964387403,50793.6507936508,0.0,793.6507936507987,0.0,51899.19328411594,120750.90228309117,54964404.61800602,95643205.45790839,6680.075474631142,9833.903254176972,180
50000.0,iir_o5_bw6500,5,6500.0,25.51041559988838,21.0575305764987,53.138444140576695,43.02818915240157,36.797754232797,31.778654655933245,1.4915464967807124,0.41207266907027207,1.0119751185199897,0.056470873668811386,22.88888888888889,21.90657891766428,21.88888888888889,21.90657891766428,-2.097461796381511,2.180267388308317,236.59444444444443,134.06684304747975,118.29722222222222,67.03342152373988,54943604.13886511,95617827.2162462,868810.7123696251,1294029.492735693,238.7903933485104,611.4272915347357,19.169834986547617,5.557987411536391,54943604.13886511,95617827.2162462,738946.621431469,1161059.1078817563,291.6628873245214,668.9430356515052,40.390076844544815,11.317687805219597,50793.6507936508,0.0,793.6507936507987,0.0,729828.224616219,1163919.0806500968,54943604.13886511,95617827.2162462,138982.48775340608,200173.00871855923,180
50000.0,iir_o8_bw3500,8,3500.0,24.231819238028958,20.321432235298637,49.29500226949432,41.28020603688147,33.30822794855393,28.463854137615616,1.495359738336381,0.18030726349889528,1.005591593824439,0.03688382534893,23.461111111111112,26.196371425323523,22.461111111111112,26.196371425323523,-2.150530458277142,2.6166263700084533,227.12222222222223,67.70133685381637,113.56111111111112,33.850668426908186,52926175.55159368,91088255.34060842,5839.0207124066865,8975.113502408667,19778.363296351232,44877.19195131537,39.9142694160797,4.455457556119359,52926175.55159368,91088255.34060842,4866.5226903862485,7502.0861389190795,24439.899056285652,50112.7452252244,81.6059591687733,9.12391558746892,50793.6507936508,0.0,793.6507936507987,0.0,4625.647623580198,7560.382935153548,52926175.55159368,91088255.34060842,1213.3730888264872,2189.6922930780092,180
50000.0,iir_o7_bw3500,7,3500.0,24.192105759057984,20.283777780899207,49.18311388734571,41.16772684583754,33.27070391389315,28.435854104744585,1.4944711189168525,0.1826228489345265,1.0056858316973378,0.0375316928468499,23.65,26.338466251269715,22.65,26.338466251269715,-2.169584088015956,2.6312018420450625,226.4777777777778,69.02266290888915,113.2388888888889,34.51133145444457,52811090.842774495,90816097.96244693,6037.074198581027,9276.162545782956,19013.089246698604,40389.013073701535,39.80802802263772,4.480124340902375,52811090.842774495,90816097.96244693,5087.957293221553,7863.287688702428,23487.26453981427,45325.46098846647,81.35851416593923,9.190402978455491,50793.6507936508,0.0,793.6507936507987,0.0,4845.433671316402,7928.976156138485,52811090.842774495,90816097.96244693,1191.6405272646243,2148.5515338538235,180
50000.0,iir_o5_bw5500,5,5500.0,25.051946719204242,20.792342451449215,51.328769851344795,42.37603719561349,34.1089480470942,29.647384849059076,1.5571754813582612,0.35597986416787936,1.0083687063560713,0.04687836134842325,23.85,27.191535611997853,22.85,27.191535611997853,-2.1828200383249037,2.722864044275111,227.45555555555555,100.75016515628766,113.72777777777777,50.37508257814383,54913496.20387207,95531651.48187579,82436.55364412053,151352.96257405498,1524.6229900768506,2325.055259147375,29.126865257791785,4.802291484960881,54913496.20387207,95531651.48187579,73858.59025443874,142888.67099735353,2004.9747290452667,3480.435070406766,59.96514417630251,10.038439391932506,50793.6507936508,0.0,793.6507936507987,0.0,69739.04475941489,143962.56516409628,54913496.20387207,95531651.48187579,12697.508884705645,18738.209365114573,180
50000.0,iir_o8_bw6000,8,6000.0,25.148620663689623,20.85995901154021,51.38515582973151,42.2932977291961,34.88604965263051,30.401159389817458,1.5279169832812654,0.3613071215311519,1.009885921557048,0.04891576957505954,23.833333333333332,25.206964542612297,22.833333333333332,25.206964542612297,-2.185678060227033,2.5209020738853596,231.21666666666667,105.24588262756821,115.60833333333333,52.622941313784104,54987236.28554327,95677446.8049373,136952.53764718102,273139.1499885157,1064.6211923467235,1744.6045465348323,27.295252175864036,4.934685208450623,54987236.28554327,95677446.8049373,127336.61345116925,266048.6552821794,1433.7118683241295,2320.6505151294296,56.21601992127833,10.782064306785548,50793.6507936508,0.0,793.6507936507987,0.0,124941.7739309718,266902.0798156114,54987236.28554327,95677446.8049373,12010.763716209207,16993.360795973917,180
50000.0,iir_o6_bw3500,6,3500.0,24.139254995178003,20.238330868453204,49.026508221071346,41.02678118769071,33.21951346354293,28.398727935729816,1.4927631949314863,0.18448443262928388,1.0057539523219956,0.03794715115195239,23.83888888888889,26.527557904327978,22.83888888888889,26.527557904327978,-2.1887704492056295,2.650453668200677,226.71666666666667,69.13586938597206,113.35833333333333,34.56793469298603,52628036.78513225,90436916.5522319,6253.6471754626955,9641.435093860338,17643.870897677534,32441.98242383976,39.67556075571331,4.467992632445157,52628036.78513225,90436916.5522319,5328.072747088137,8270.749846658293,21821.06166962133,37150.81075948505,81.04430253765578,9.185489006196635,50793.6507936508,0.0,793.6507936507987,0.0,5087.673429705673,8342.42035174538,52628036.78513225,90436916.5522319,1165.9737457570225,2101.2975814358415,180
50000.0,iir_o3_bw4500,3,4500.0,24.57619146160129,20.484929589014094,50.0113364623362,41.603935332631735,33.5124831004567,28.945117076367538,1.5269807307834975,0.2910939139128833,1.0073800435646723,0.04874795523791497,23.955555555555556,25.556339825495854,22.955555555555556,25.556339825495854,-2.1967067439415358,2.5526796605945026,231.5,82.8148301295455,115.75,41.40741506477275,53612712.0784954,92770551.93449108,58200.49621928187,90136.97903096126,1940.1895226417605,2423.267448333118,30.34062213988009,4.77681746166371,53612712.0784954,92770551.93449108,46545.03921346623,74807.29694019223,2507.208846237976,3037.6129129262604,62.83562213923153,9.683335435027233,50793.6507936508,0.0,793.6507936507987,0.0,42765.51166532863,75156.90139720135,53612712.0784954,92770551.93449108,15434.984553953242,22767.187815519417,180
50000.0,iir_o7_bw6000,7,6000.0,25.159084700815498,20.864715245997786,51.27559160252555,42.16182196932576,35.03544590470696,30.48387468643811,1.5165227163019592,0.36075793027817604,1.010026052368321,0.049643359993036505,23.95,26.036775667329433,22.95,26.036775667329433,-2.199061934112708,2.602149465754616,234.45555555555555,107.35147318867597,117.22777777777777,53.675736594337984,54982424.455062136,95671550.40362267,157197.03752291208,292922.75714557344,843.9011927583343,1258.9230561376053,26.552344288051067,4.8097791934134735,54982424.455062136,95671550.40362267,143959.93971863075,283506.3506121123,1087.020235767258,1491.4384639818873,54.73382908982543,10.331308712011742,50793.6507936508,0.0,793.6507936507987,0.0,141171.60026693373,284527.12002428365,54982424.455062136,95671550.40362267,16025.437255978353,23205.550058325796,180
50000.0,iir_o4_bw5500,4,5500.0,25.053124685513048,20.790446600874603,51.07795654123838,42.13495516597691,34.50191583032301,29.887384024427476,1.5257981725841707,0.35606211637231827,1.008494225482594,0.048399920239639925,24.155555555555555,25.085289646979838,23.155555555555555,25.085289646979838,-2.2181252424758426,2.50390868339526,230.58333333333334,109.06263256142798,115.29166666666667,54.53131628071399,54794908.27401496,95278383.47935463,161438.40399676573,251996.28140933064,771.5043378190252,901.3568778287035,26.25002952066192,4.943818057349032,54794908.27401496,95278383.47935463,134917.4112427179,220999.97577093067,1026.3987366140075,1225.885603385288,54.619403525556976,10.219631915734197,50793.6507936508,0.0,793.6507936507987,0.0,127677.57110594797,222320.38030177826,54794908.27401496,95278383.47935463,33760.832890817765,49110.7102901194,180
50000.0,iir_o3_bw4000,3,4000.0,24.22830401205794,20.25380545591323,49.214821494142576,41.045193895090826,33.159328853459776,28.54479576144003,1.5116587013501401,0.2414583456743798,1.0072832814326698,0.0480761016384488,24.194444444444443,25.994648616068538,23.194444444444443,25.994648616068538,-2.222078320365302,2.5961371442452914,228.80555555555554,73.17775841405144,114.40277777777777,36.58887920702572,52611513.601166315,90671710.68543646,20098.07162849731,33494.28451540607,5412.050013831911,8602.086193390758,34.661294843562935,4.635422133920475,52611513.601166315,90671710.68543646,16725.964183543743,29572.716072348463,7707.82140201331,14026.326955703778,71.4448410943186,9.78901416268977,50793.6507936508,0.0,793.6507936507987,0.0,15344.992720962277,29730.2550617081,52611513.601166315,90671710.68543646,4753.078907535031,7157.396710917317,180
50000.0,iir_o5_bw3500,5,3500.0,24.06167064955858,20.17523783186014,48.784020226717765,40.82142862966931,33.15206309991565,28.35540994982725,1.4891851441687638,0.18599152063409286,1.0058010525872987,0.038240564960090914,24.17222222222222,26.50473354067294,23.17222222222222,26.50473354067294,-2.2227061660604637,2.6484350382982504,226.76666666666668,69.44529618347939,113.38333333333334,34.72264809173969,52331752.913905725,89855852.86385687,6489.612921519674,10112.54962128857,15463.88651012869,21746.09652189944,39.486101917167815,4.36411841792062,52331752.913905725,89855852.86385687,5597.985755695119,8775.027292701412,19107.66082290351,26341.70207286894,80.56930737939958,8.99312428916552,50793.6507936508,0.0,793.6507936507987,0.0,5355.800774938163,8852.855075380478,52331752.913905725,89855852.86385687,1133.8121465815116,2040.9360891786148,180
50000.0,iir_o2_bw4500,2,4500.0,24.305706529829923,20.237221184897464,50.75384136099891,42.00984479805696,33.612748726453965,28.85552814431382,1.5367335328508145,0.33359225296356193,1.007904781964847,0.051678666916479064,24.27777777777778,22.943714358265822,23.27777777777778,22.943714358265822,-2.2279464912730855,2.291065510351251,236.8388888888889,103.06802894660065,118.41944444444445,51.534014473300324,51933429.56522664,89544302.85762195,516133.2144374033,807254.4466366597,163.26273338804174,156.3158007687556,20.47624267349399,4.091943362004622,51933429.56522664,89544302.85762195,388862.2621481083,616896.1025755336,230.98564866541682,238.17131467061404,43.57833524884634,8.526941646740552,50793.6507936508,0.0,793.6507936507987,0.0,370319.06015975855,618704.7135392171,51933429.56522664,89544302.85762195,145814.1542776448,229933.15239119352,180
50000.0,iir_o6_bw6000,6,6000.0,25.175932137108994,20.872443865935892,51.216295623190874,42.05872450133044,35.24021637585547,30.595804934146386,1.5036921395029799,0.3618490921037899,1.0102207944247972,0.05062411412708726,24.833333333333332,27.03308546017651,23.833333333333332,27.03308546017651,-2.2893638785337065,2.700193330056532,235.3388888888889,112.18909435686382,117.66944444444445,56.09454717843191,54971025.040160686,95652858.83038273,196143.8718605177,335314.9090782605,717.2460632230589,1181.6275527317455,25.562946529944444,4.952221161961648,54971025.040160686,95652858.83038273,175656.7151882742,318796.26107821387,869.2206436358194,1281.6738807283261,52.747131384220424,10.242986459918013,50793.6507936508,0.0,793.6507936507987,0.0,171661.13019792645,320179.2755145451,54971025.040160686,95652858.83038273,24482.74166259128,35958.1886372574,180
50000.0,iir_o4_bw3500,4,3500.0,23.934411062615442,20.072927196796336,48.358377561038026,40.469496911489294,33.057565422338875,28.29058263989703,1.4807196512179712,0.18597984722599054,1.005894069494055,0.03885232806827671,24.877777777777776,26.502378001358252,23.877777777777776,26.502378001358252,-2.2946331707640866,2.6483309802440083,227.1,70.03742814225922,113.55,35.01871407112961,51820685.8733092,88877942.72077683,6780.529532932737,10966.4892038663,12863.882525222749,13355.80427765644,39.18231809982891,4.105650164344109,51820685.8733092,88877942.72077683,5955.275246254331,9688.791448761516,15697.006551608743,17359.35513372777,79.75716226022699,8.493566504769339,50793.6507936508,0.0,793.6507936507987,0.0,5678.365596291877,9777.85446989969,51820685.8733092,88877942.72077683,1102.163936640859,1959.4721856949332,180
50000.0,iir_o3_bw5500,3,5500.0,25.07554344113106,20.786763477491835,51.97851579218997,42.741174343128094,34.89591536852753,30.063140732623562,1.5290637466774324,0.3831483244302636,1.0088366186027617,0.051590603776909036,24.983333333333334,24.99932401320721,23.983333333333334,24.99932401320721,-2.3007513058653237,2.4962304103166146,242.10555555555555,120.46954214027924,121.05277777777778,60.23477107013962,54471992.05250471,94613025.92918523,488318.2780744777,735577.3972058322,252.4201542735882,398.6817932312639,21.215872302096944,4.775872198879518,54471992.05250471,94613025.92918523,381224.7024510958,595158.5763808789,364.20792319563566,628.6602118834137,44.96746500548197,9.94048479920864,50793.6507936508,0.0,793.6507936507987,0.0,365247.3418110028,597555.5496744837,54471992.05250471,94613025.92918523,123070.9362634749,181936.33234408486,180
50000.0,iir_o6_bw6500,6,6500.0,25.448910160501914,21.03071906959864,52.337371938058375,42.457194879990546,36.82785674608911,31.79574150061513,1.4680453346426974,0.39475252683659257,1.0122729133552693,0.05717978568487657,25.033333333333335,22.213514432968214,24.033333333333335,22.213514432968214,-2.3153676163195773,2.214126410833786,240.25,131.22494972438588,120.125,65.61247486219294,54958893.64409078,95639299.69050142,651981.1350842582,988713.2758297295,240.8213946801038,419.15676368234034,20.382510657842914,5.243793523796676,54958893.64409078,95639299.69050142,570097.5665577902,914585.5984515005,333.55645817761257,618.4020257360486,42.74928975733623,11.089849581456082,50793.6507936508,0.0,793.6507936507987,0.0,566472.4954573959,916348.4439837054,54958893.64409078,95639299.69050142,85508.63962686223,124909.87235740745,180
50000.0,iir_o4_bw6000,4,6000.0,25.262312914956446,20.909718168955155,52.07982154705118,42.578086169199516,35.76086577470339,30.88583432763426,1.5020074543651245,0.3909415662954166,1.0102440584917898,0.052903409771866625,25.16111111111111,24.83671005500327,24.16111111111111,24.83671005500327,-2.322854666179297,2.47861771716273,234.61111111111111,126.82598771848656,117.30555555555556,63.41299385924328,54869353.52964406,95451716.65341005,502055.9999780459,752698.6088188102,342.40560111203615,699.7589264755519,21.450263400586383,5.343953607795312,54869353.52964406,95451716.65341005,412859.7190756915,650152.1941603523,458.737019224645,913.5189923831978,45.190876416896536,10.990465227675712,50793.6507936508,0.0,793.6507936507987,0.0,400673.8147488777,652661.7259176188,54869353.52964406,95451716.65341005,101382.18522916817,146409.16261693797,180
50000.0,iir_o3_bw5000,3,5000.0,24.829361241496013,20.643498413887745,50.63495388795371,41.95776910049993,34.07147760119556,29.43865446794737,1.5237158750263156,0.3371279409939637,1.0075309597173527,0.049375016983743865,25.211111111111112,25.999567871116472,24.211111111111112,25.999567871116472,-2.323680985057485,2.5952198027851168,242.0,97.67366713396524,121.0,48.83683356698262,54166948.54655613,93951983.49497814,175332.3503858961,264132.9350839258,696.0221068761728,977.8696260847755,25.68848565007903,4.8499569511421,54166948.54655613,93951983.49497814,137582.96787930385,212873.25915125644,989.3021931337651,1544.889239312727,53.83944245185469,10.050909616674149,50793.6507936508,0.0,793.6507936507987,0.0,128824.53983874101,213613.317155362,54166948.54655613,93951983.49497814,46507.81054715508,68475.88796372544,180
50000.0,iir_o5_bw6000,5,6000.0,25.205016879942328,20.88541971903598,51.32131864995118,42.04874787263398,35.50189871801019,30.733609275176466,1.4937870079476485,0.37032847269845054,1.0103619256305107,0.05170707340448265,25.18888888888889,25.352220245655683,24.18888888888889,25.352220245655683,-2.3266044909610986,2.529860521279267,235.53333333333333,118.25478600635077,117.76666666666667,59.127393003175385,54943304.754659206,95600457.8280305,281189.4779705545,441292.4129263712,495.00792506993207,666.3782694342591,23.995511398108132,5.090201615852699,54943304.754659206,95600457.8280305,242706.62784802972,403596.487402564,628.4363306744962,825.0601869229325,49.90838653280305,10.455762758278503,50793.6507936508,0.0,793.6507936507987,0.0,236400.54878294675,405416.9148971492,54943304.754659206,95600457.8280305,44788.929187607704,65335.2412143259,180
50000.0,iir_o7_bw6500,7,6500.0,25.412701343919203,21.015039647412916,51.92153421110116,42.19284066488792,36.72227981308371,31.74104524537623,1.4608155706122121,0.38392888730482,1.011944562710369,0.05567789915892131,25.27777777777778,22.983369152584498,24.27777777777778,22.983369152584498,-2.3408588117149796,2.2900397062195266,241.42777777777778,129.53945196404788,120.71388888888889,64.76972598202394,54964611.13915262,95641443.05957824,541034.3933176167,842016.164472553,280.15965690938316,511.30871089731374,21.17568298734157,5.100101792492789,54964611.13915262,95641443.05957824,484020.23691018077,795553.9088458101,367.2506840198849,660.1212306916832,44.1346910982221,10.78661162895915,50793.6507936508,0.0,793.6507936507987,0.0,481461.77466445137,796823.9012769882,54964611.13915262,95641443.05957824,59572.6186531653,87879.93732948769,180
50000.0,iir_o8_bw6500,8,6500.0,25.389234691324027,21.004712740178494,51.690724701527564,42.051005822858066,36.59434819846939,31.652947117881478,1.4591251431325158,0.37668941954725954,1.0116168942628412,0.054255174038911634,25.33888888888889,23.24394890653713,24.33888888888889,23.24394890653713,-2.347174283452893,2.3172506183575416,242.42777777777778,126.89066382073403,121.21388888888889,63.44533191036702,54967171.38648192,95637643.15980233,477227.1172759272,762565.945352988,456.7511582193782,1545.6886622865227,21.794684235743688,5.283330702736071,54967171.38648192,95637643.15980233,433616.96813323273,730186.4140206949,551.7581593491684,1711.3479240939675,45.219985507179146,11.08831002762815,50793.6507936508,0.0,793.6507936507987,0.0,431597.7070623105,731204.0707184194,54967171.38648192,95637643.15980233,45629.41021361675,67319.39380974587,180
50000.0,iir_o3_bw3500,3,3500.0,23.697580573729105,19.87945126189073,47.4986275296707,39.76891499633724,32.92129329288121,28.196226831886605,1.4594543990813855,0.18475213091984766,1.0063296509861304,0.04180038047095955,25.68888888888889,26.873859885160716,24.68888888888889,26.873859885160716,-2.379151299413487,2.6844906231411496,228.12777777777777,71.01231544425805,114.06388888888888,35.506157722129025,50836347.74636698,87039487.04258156,9006.451374397066,15965.250991051344,8817.090315236543,8286.722235716958,37.77045160735652,3.891867517071981,50836347.74636698,87039487.04258156,7826.074594321774,14518.945771948627,11527.925847024264,12520.757371582471,77.15176749225431,8.332911138115891,50793.6507936508,0.0,793.6507936507987,0.0,7334.0330560482635,14612.423776752064,50836347.74636698,87039487.04258156,1672.4183183488026,2683.2352406055033,180
50000.0,iir_o2_bw4000,2,4000.0,23.810884913585838,19.900936690320115,48.43086528221786,40.362593108385646,33.082678851902976,28.417836404788904,1.4834696633695617,0.26635513411798517,1.0079138901931277,0.051885438464573795,27.16111111111111,25.28920185775167,26.16111111111111,25.28920185775167,-2.523551737700965,2.523064870873699,234.4777777777778,96.59010067344774,117.2388888888889,48.29505033672387,50613839.63067552,86917775.68462202,213798.4013146949,331747.0942097341,392.25684661222806,373.8639004808744,24.220116104258032,4.14623658653597,50613839.63067552,86917775.68462202,161314.03490461357,250698.77008267824,549.6800870495663,565.3362388608627,51.01501422114163,8.574658109131898,50793.6507936508,0.0,793.6507936507987,0.0,151506.36952521992,251355.21696594747,50613839.63067552,86917775.68462202,62292.031789474975,97552.48264924451,180
50000.0,iir_o2_bw3500,2,3500.0,23.192927838265284,19.448114989662393,46.1425813166203,38.665942449726366,32.52907268289458,27.8795011752569,1.4302278009540055,0.2054423034650233,1.0078609108525152,0.05171491238120999,28.883333333333333,27.707223308438667,27.883333333333333,27.707223308438667,-2.7035353675562983,2.764605308362887,233.04444444444445,88.3570601632672,116.52222222222223,44.1785300816336,48587803.65797294,82958580.90047155,79585.391305847,123649.86233312183,1036.9006496302145,1017.5996940889323,28.354460196427247,4.185028167254667,48587803.65797294,82958580.90047155,61040.511607876535,94095.49564325677,1442.5917024395785,1561.7398194131836,59.16795273881471,8.633451402043656,50793.6507936508,0.0,793.6507936507987,0.0,56486.70870348792,94447.92568811588,48587803.65797294,82958580.90047155,23098.682602359087,35966.353868166196,180
50000.0,iir_o4_bw3000,4,3000.0,23.134765826074368,19.483840877331943,45.1450566617615,38.03323409291025,32.88660560155609,27.959157266956407,1.3764870045051971,0.119568491207078,1.0050628063618754,0.033333500792855374,31.85,29.27360337827585,30.85,29.27360337827585,-3.0085911996680528,2.9263418063735775,229.4777777777778,70.2069928837772,114.7388888888889,35.1034964418886,48839329.205851205,82841716.60303468,6156.955962067068,10075.692500836072,10467.642841886367,6877.498589633741,39.35299277651092,2.7556936413324635,48839329.205851205,82841716.60303468,5403.672308452713,9121.818129285388,13351.746354760386,10773.824538361001,80.33889180261413,6.077255603763084,50793.6507936508,0.0,793.6507936507987,0.0,5337.010762720221,9148.389247143505,48839329.205851205,82841716.60303468,819.9451993468462,1455.2398035863082,180
50000.0,iir_o5_bw3000,5,3000.0,23.2657790289275,19.60007076361619,45.375785785834864,38.24844753378831,33.12099381074046,28.141896739149605,1.3724208461372098,0.11238003405038352,1.0048407674004367,0.03187699876102927,31.944444444444443,29.515211913969118,30.944444444444443,29.515211913969118,-3.018691729987889,2.950501186117344,229.98333333333332,70.25997016666909,114.99166666666666,35.129985083334546,49383460.94107942,83804657.55521706,6212.2292839748525,10115.17055177865,10137.405755984753,6150.717702045682,39.32521064195899,2.5674253404474823,49383460.94107942,83804657.55521706,5408.511061885092,9154.471580339588,12929.747750939618,9732.717566272491,80.32397869480556,5.696786579536271,50793.6507936508,0.0,793.6507936507987,0.0,5360.316123027736,9176.796011642813,49383460.94107942,83804657.55521706,851.9131609471164,1517.9189351885836,180
50000.0,iir_o3_bw3000,3,3000.0,22.88753719151727,19.26675380529086,44.62463487941319,37.56915189274313,32.50256618184672,27.65439420662887,1.378014186744942,0.13048401418549063,1.0055851927964228,0.03678307251524265,32.0,29.407368057841992,31.0,29.407368057841985,-3.02338335128815,2.9395767665723334,228.7277777777778,71.74347774108874,114.3638888888889,35.87173887054437,47795320.302212216,81037795.76237112,6457.4186303900115,11269.889553084635,10466.213239795557,8081.147462400839,39.13915997408531,3.0576247288163256,47795320.302212216,81037795.76237112,5787.521406435775,10359.648377921136,12877.814241423566,12015.719443758337,79.57523813396058,6.586681336186812,50793.6507936508,0.0,793.6507936507987,0.0,5608.976848424645,10416.429408950193,47795320.302212216,81037795.76237112,848.4417819653655,1446.494627418328,180
50000.0,iir_o6_bw3000,6,3000.0,23.3400910867361,19.6667937991116,45.488166926111305,38.35861337271895,33.25926620007678,28.256916941345196,1.3692855595479265,0.10854624218713824,1.0047522245205325,0.03127919967961297,32.02777777777778,29.806720129302086,31.02777777777778,29.806720129302086,-3.027541506983431,2.9795460433885723,230.3388888888889,70.18197924716172,115.16944444444445,35.09098962358086,49686551.000474125,84391994.84048876,6309.969640112498,10359.386396145508,9897.50547028791,5711.430570122865,39.284344365019,2.458118171525214,49686551.000474125,84391994.84048876,5478.542165991909,9412.67311563971,12636.219779011464,9126.981815483896,80.26082900028767,5.492966676568697,50793.6507936508,0.0,793.6507936507987,0.0,5439.156645119223,9432.60249358136,49686551.000474125,84391994.84048876,870.8129949932761,1554.6226791683937,180
50000.0,iir_o7_bw3000,7,3000.0,23.38220424201805,19.70395077057935,45.53845637979087,38.410840478204,33.347232447940215,28.33441143797235,1.3669058535259384,0.10739894927994999,1.0047424670918723,0.03125114481106119,32.11666666666667,30.031877849226117,31.116666666666667,30.031877849226113,-3.036834741069325,3.0021110115618934,231.05555555555554,70.561255311157,115.52777777777777,35.2806276555785,49860069.265861794,84791444.08847022,6436.240806454827,10704.6736802456,9732.957784528937,5467.7646581296685,39.23987265735148,2.411300431928226,49860069.265861794,84791444.08847022,5593.1082615164105,9778.730352279834,12410.360796964182,8742.14613045422,80.16648610511525,5.404549793390716,50793.6507936508,0.0,793.6507936507987,0.0,5555.715252850255,9797.916683021345,49860069.265861794,84791444.08847022,880.525553604574,1573.7218448353726,180
50000.0,iir_o8_bw3000,8,3000.0,23.404987325825267,19.72217850836462,45.55149890664988,38.426512690588424,33.403703192119515,28.38822379628319,1.3649471280424217,0.1077361227121732,1.0047819813454295,0.03151462731104922,32.26111111111111,30.608423255331687,31.261111111111113,30.608423255331687,-3.0516188125672183,3.0599209701331125,231.05,71.08058806734789,115.525,35.540294033673945,49958282.651575245,85087029.11802632,6585.311208825645,11125.700390102418,9630.523357011612,5368.430639882849,39.19684491719349,2.412151715624431,49958282.651575245,85087029.11802632,5741.518835919803,10226.678183456757,12282.582015618687,8584.792354499545,80.07111157095696,5.423597948751477,50793.6507936508,0.0,793.6507936507987,0.0,5703.394032189514,10245.861068480945,49958282.651575245,85087029.11802632,881.9171766361312,1575.6829618121446,180
50000.0,iir_o2_bw3000,2,3000.0,22.35044834982901,18.79334565491239,43.43873701450169,36.558244675336304,31.7678827368157,27.081788146378678,1.3715005040278987,0.15430965347186185,1.0074682936985404,0.04909054334411315,33.12777777777778,28.6736658338723,32.12777777777778,28.6736658338723,-3.137325724327029,2.862584142632075,231.76666666666668,85.5517158763369,115.88333333333334,42.77585793816845,45492939.28345325,77050989.57086265,27801.606130140768,44719.69638236605,3111.116170154506,4913.057945307673,32.67133232827129,4.216636822896942,45492939.28345325,77050989.57086265,22298.13402997126,36092.579891719986,4017.0027262743797,6202.490720377677,67.43875130207574,8.528302521268717,50793.6507936508,0.0,793.6507936507987,0.0,20499.778760881014,36351.36804740811,45492939.28345325,77050989.57086265,7301.827369259752,11357.546653265794,180
50000.0,iir_o2_bw2500,2,2500.0,21.154711202908004,17.81904413801202,39.934505104815265,33.67514364959977,30.538271951209982,25.920829640499377,1.3066655420656936,0.11713595580174328,1.0087435079059826,0.047524377765192104,41.611111111111114,31.094627405825904,40.611111111111114,31.094627405825904,-3.9965194797633177,3.1061534979118153,226.4,89.3108687949916,113.2,44.6554343974958,40852264.37380369,68444975.3583742,11066.576601103623,19299.43725834734,8202.32826643123,20528.00199236637,36.32274549374736,3.9670115672181696,40852264.37380369,68444975.3583742,9495.53731931169,17449.146307352465,11954.763185675243,34660.046734898926,74.59252399061917,8.635564623464823,50793.6507936508,0.0,793.6507936507987,0.0,9051.347073504372,17560.138839501764,40852264.37380369,68444975.3583742,2015.229527599253,3172.5208588627006,180
50000.0,iir_o3_bw2500,3,2500.0,21.66754762281628,18.27801784678966,40.59758686852063,34.322205462827455,31.49024936171871,26.678000162894076,1.2871532329252202,0.09315703974271475,1.006532548078423,0.03611863597945707,43.37222222222222,33.24902326545497,42.37222222222222,33.24902326545497,-4.176324387254345,3.32354740929407,226.27777777777777,92.5287245483397,113.13888888888889,46.26436227416985,42846795.92015001,71726917.02955765,6477.430329456027,11315.494165190123,9202.822073015694,6565.810628791972,38.86024226026255,2.5181194444348733,42846795.92015001,71726917.02955765,5952.84141961612,10687.51171262757,11406.3131224101,10373.3159584031,79.02923176032873,5.714656758370364,50793.6507936508,0.0,793.6507936507987,0.0,5934.374198613793,10696.959017509762,42846795.92015001,71726917.02955765,543.0561308422344,896.0697527437305,180
50000.0,iir_o4_bw2500,4,2500.0,21.900021973584938,18.48645774209225,40.828231074758804,34.55344984368509,31.948935173154926,27.064640333250818,1.2746061752794264,0.08167308825246451,1.0059969397491426,0.03217855111302092,44.49444444444445,34.19635990008133,43.49444444444445,34.19635990008133,-4.290856882734414,3.418756332963377,225.82222222222222,100.25454505951343,112.91111111111111,50.127272529756716,43746293.45696986,73169258.91269565,6903.843039328976,12010.74521392915,8344.82256644989,5346.989603549041,38.597081949775514,2.232932830655141,43746293.45696986,73169258.91269565,6360.611329340464,11352.431153969726,10025.759151792137,7880.239430885709,78.38669609094084,5.048452083010178,50793.6507936508,0.0,793.6507936507987,0.0,6352.801840252538,11356.573395262254,43746293.45696986,73169258.91269565,551.0411990764379,933.1581813339078,180
50000.0,iir_o5_bw2500,5,2500.0,22.018254040807374,18.585977189195262,40.90919541797312,34.630026435911184,32.20859986286726,27.275541639525322,1.266090221243677,0.07519053757755768,1.0057124582796055,0.029862811525399966,45.25555555555555,34.27152868578499,44.25555555555555,34.27152868578499,-4.368554081592658,3.4266230653752188,228.61111111111111,97.95839892804621,114.30555555555556,48.979199464023104,44240802.36240111,73895308.16039678,7217.5063787324725,12646.691689614263,8012.243709886982,4971.981253727337,38.45115793812403,2.1738142650099426,44240802.36240111,73895308.16039678,6668.006321523436,11994.488637624556,9576.651474838283,7154.38604134975,78.06595196745083,4.937770722960301,50793.6507936508,0.0,793.6507936507987,0.0,6662.514391797472,11997.3927190549,44240802.36240111,73895308.16039678,554.9919869350008,940.6848377458214,180
50000.0,iir_o6_bw2500,6,2500.0,22.085533975389495,18.63152988238299,40.93537489226727,34.63497789316934,32.37348352201987,27.39385691641568,1.2600529819775017,0.07103289653668406,1.0054828064334187,0.028286095223584645,46.08888888888889,34.04454671117986,45.08888888888889,34.04454671117986,-4.453030392055656,3.404494652265071,230.53333333333333,97.95606129349055,115.26666666666667,48.978030646745275,44579215.72931855,74267063.08081979,7421.790182062078,13047.42631234427,7856.954849215654,4845.463006567614,38.36516189860362,2.176238374901783,44579215.72931855,74267063.08081979,6867.064391728371,12401.369463847685,9391.354040806173,6882.973318215544,77.89089962293795,4.962416538274473,50793.6507936508,0.0,793.6507936507987,0.0,6863.1112355598025,12403.466320959926,44579215.72931855,74267063.08081979,558.6789465022754,944.4875000884767,180
50000.0,iir_o7_bw2500,7,2500.0,22.131899198886803,18.65119823454998,40.95388286802194,34.62715312890471,32.46523789166565,27.448738235931053,1.2564261856246068,0.06833632315957604,1.0052373963757555,0.027278085426421295,46.51111111111111,33.754037853036685,45.51111111111111,33.754037853036685,-4.49596201486869,3.3760377446115837,230.41666666666666,94.26041871492428,115.20833333333333,47.13020935746214,44864013.005234785,74441383.38685437,7564.345137479249,13304.256033067188,7803.380733912843,4852.351360010756,38.31564041102102,2.2161644559323888,44864013.005234785,74441383.38685437,7000.809939814925,12658.286268307922,9333.604807966924,6778.749536123165,77.79747020092219,5.053114605187592,50793.6507936508,0.0,793.6507936507987,0.0,6997.886513953139,12659.851010378718,44864013.005234785,74441383.38685437,566.4586235261104,954.3439942001343,180
50000.0,iir_o8_bw2500,8,2500.0,22.173598261448834,18.66116291822388,40.99882985198965,34.62424040904557,32.520325976569175,27.48218720537718,1.2550490228839206,0.06742026752840909,1.0052316488588307,0.02692245107278031,46.644444444444446,33.45264679964687,45.644444444444446,33.45264679964687,-4.509551289468848,3.346172422145511,230.77777777777777,92.08318777005103,115.38888888888889,46.04159388502551,45139776.51569745,74510768.70897399,7684.653828838822,13519.389812544556,7823.358230403561,4979.091777578304,38.28854015590219,2.28953094725782,45139776.51569745,74510768.70897399,7104.65991210043,12863.706731043689,9364.931145464694,6806.7416437721895,77.75404520854453,5.199719367905691,50793.6507936508,0.0,793.6507936507987,0.0,7102.532593197937,12864.859504735046,45139776.51569745,74510768.70897399,582.1212356408861,977.5672189936732,180
60000.0,iir_o2_bw7000,2,7000.0,21.748701431546255,20.06033757272381,48.491171648190694,42.31321919002381,30.109655159904015,29.50487898791346,1.764936187478573,0.36127069354276825,1.007104382983512,0.036765828325988265,18.266666666666666,16.637643258116746,17.266666666666666,16.637643258116746,-1.5942161818219787,1.6635178600715532,219.7111111111111,118.91297643755696,109.85555555555555,59.45648821877848,44399570.513070725,83009564.96907018,2482535.6001843507,4365789.651455309,24.638027662551835,47.2357528114965,10.809619264420373,4.756915800431855,44399570.513070725,83009564.96907018,2469388.7843735088,4359489.530876753,25.571179373774612,51.64103536138006,21.6971600589219,9.601870315486373,60317.460317460325,0.0,317.4603174603253,0.0,13146.815810841386,22493.07482478986,2469388.7843735088,4359489.530876753,44399570.513070725,83009564.96907018,180
60000.0,iir_o2_bw6500,2,6500.0,21.365488060766367,19.83019997109835,46.52733987019462,40.97755874278893,30.11022154852999,29.115533839490446,1.6722087734671058,0.3335768555760401,1.008247440900061,0.03859332681104325,21.183333333333334,19.13914792356816,20.183333333333334,19.13914792356816,-1.8981311170997865,1.909379002481697,218.60555555555555,118.30438429434919,109.30277777777778,59.152192147174596,44240853.219755255,82681034.88815528,1534997.9180806326,2716478.8719180645,40.32600847381215,78.00988400590158,12.912145224499964,4.7760203865693,44240853.219755255,82681034.88815528,1527836.8495272961,2713141.2391166966,41.686559816961555,84.4311942314959,25.893939111790566,9.630980813372195,60317.460317460325,0.0,317.4603174603253,0.0,7161.068553336623,12176.38232092778,1527836.8495272961,2713141.2391166966,44240853.219755255,82681034.88815528,180
60000.0,iir_o3_bw7000,3,7000.0,21.589083311807833,20.061420954218175,45.94126811286912,40.35063308884497,30.993171537686674,29.985526630017755,1.6117387464384223,0.33237285728492544,1.0103821509479938,0.04268980679517011,25.155555555555555,23.511039181133285,24.155555555555555,23.511039181133285,-2.304034551938355,2.3454528158705905,211.95,123.0264210620207,105.975,61.51321053101035,44939808.17237006,84156616.80140842,1178181.1448024216,2166742.765647514,60.20583548345528,124.79613230132419,14.284407963786933,5.0580321841407345,44939808.17237006,84156616.80140842,1177982.6723020892,2166653.4018980092,60.261269512037984,125.003514917391,28.57144540977337,10.11865119509925,60317.460317460325,0.0,317.4603174603253,0.0,198.47250033232422,318.79516104043046,1177982.6723020892,2166653.4018980092,44939808.17237006,84156616.80140842,180
60000.0,iir_o2_bw6000,2,6000.0,21.03567878069225,19.62055258004492,44.78314776751059,39.83245857492635,29.98170202200656,28.899011587133863,1.6106274976999064,0.3112669233025332,1.009130741930167,0.04059713945435643,25.255555555555556,22.815784554323322,24.255555555555556,22.815784554323322,-2.3138367850521813,2.274075069247487,217.8111111111111,117.22440823918325,108.90555555555555,58.612204119591624,44008845.949042164,82202605.44215241,888296.3949186525,1581473.449327904,70.50728400504032,137.60192231065093,15.302938759522362,4.790590194325495,44008845.949042164,82202605.44215241,884555.8599136447,1579767.7831348458,72.64769306872556,147.67434973004163,30.669306008291787,9.65263522750128,60317.460317460325,0.0,317.4603174603253,0.0,3740.5350050078614,6306.554000827315,884555.8599136447,1579767.7831348458,44008845.949042164,82202605.44215241,180
60000.0,iir_o8_bw4500,8,4500.0,20.818360415652432,19.575741084320335,44.04759363960836,40.68059100259438,27.479168608801217,26.719900953357897,1.6664789312519395,0.2523755590863188,1.010369119674246,0.05451362177371162,25.86111111111111,26.015630000926887,24.86111111111111,26.015630000926887,-2.3649206799401226,2.5983160652319595,215.25,70.41504053084749,107.625,35.207520265423746,45135817.43629839,84768317.32068825,3431.721554127747,5696.311972193357,72468.37386602502,233592.03599358478,41.00844979492724,7.213500693768767,45135817.43629839,84768317.32068825,3415.736566776653,5679.689298945622,83675.94172698811,297061.89057609095,82.15227616861657,14.637261076820705,60317.460317460325,0.0,317.4603174603253,0.0,15.984987351094011,22.730013968299467,3415.736566776653,5679.689298945622,45135817.43629839,84768317.32068825,180
60000.0,iir_o7_bw4500,7,4500.0,20.797988065102956,19.557875485063704,43.90498561498228,40.53892963105231,27.53837000245584,26.775124803830188,1.6580274757642444,0.24991490888840634,1.0103104584828067,0.05432072000655874,26.216666666666665,26.13678565252066,25.216666666666665,26.13678565252066,-2.401675939427369,2.610223267346123,215.19444444444446,70.75744209213246,107.59722222222223,35.37872104606623,45076692.75487308,84628075.74972752,3397.008190935752,5672.047497031217,100396.51217080909,412905.89923537226,41.11014352495696,7.337378534791553,45076692.75487308,84628075.74972752,3380.9375542783278,5655.380530816511,150284.44183905583,742029.314223602,82.41136192918385,15.090741829294885,60317.460317460325,0.0,317.4603174603253,0.0,16.070636657424377,22.817285535962412,3380.9375542783278,5655.380530816511,45076692.75487308,84628075.74972752,180
60000.0,iir_o6_bw4500,6,4500.0,20.767592547470365,19.531410917028065,43.693199356643305,40.329514563640615,27.624731618287104,26.8580925516641,1.6456061742445438,0.24635285256226688,1.0102288006666509,0.054051971924489704,26.594444444444445,26.420682862671388,25.594444444444445,26.420682862671388,-2.4412284204386276,2.6382455795465733,214.9111111111111,71.61218404563897,107.45555555555555,35.806092022819485,44983899.76058534,84408040.06499857,3316.1592623723664,5600.104817201397,66000.62300265278,218215.70393009437,41.09328541905391,6.941927547231204,44983899.76058534,84408040.06499857,3299.966033370031,5583.199402025263,72214.96668445617,248617.30889484347,82.29755947132969,14.025005692284047,60317.460317460325,0.0,317.4603174603253,0.0,16.19322900233566,22.932238744974498,3299.966033370031,5583.199402025263,44983899.76058534,84408040.06499857,180
60000.0,iir_o8_bw4000,8,4000.0,20.61298006925547,19.410946656226702,43.21250853134521,40.03888692312656,27.549803465810147,26.678141050398427,1.6154515277018346,0.20729794057876766,1.0087705425966678,0.045988690328049094,26.6,26.28094876819375,25.6,26.28094876819375,-2.4457369969791167,2.622767616004899,214.95555555555555,70.11242545797607,107.47777777777777,35.05621272898804,44700453.330553345,83788502.49003758,2410.3270332056904,3639.5785614371525,276281.4163377194,1419753.117774018,41.95856769500652,7.098895266963479,44700453.330553345,83788502.49003758,2394.729344536914,3621.1465353947965,316895.239299379,1698268.720510243,84.02301122740198,14.347160832995703,60317.460317460325,0.0,317.4603174603253,0.0,15.597688668776568,22.646220709320342,2394.729344536914,3621.1465353947965,44700453.330553345,83788502.49003758,180
60000.0,iir_o8_bw5000,8,5000.0,20.891485160217016,19.625002397094217,44.019539246536006,40.42734934184629,27.765816409914617,27.10298507383458,1.6648833897903814,0.2780866566904253,1.011816911318228,0.05509015563375235,26.82777777777778,26.967771072122105,25.82777777777778,26.967771072122105,-2.4620931474114647,2.69468295981187,212.2722222222222,79.06505563753878,106.1361111111111,39.53252781876939,45205546.57323246,84865066.63839628,5033.8862705286,9103.864117904779,78248.32255505794,254568.25100337953,40.16923605741202,8.06374758311154,45205546.57323246,84865066.63839628,5016.556968296239,9085.788799649672,98256.75128851854,391681.9827552054,80.52347273269088,16.448958487963765,60317.460317460325,0.0,317.4603174603253,0.0,17.329302232360906,24.58251679991445,5016.556968296239,9085.788799649672,45205546.57323246,84865066.63839628,180
60000.0,iir_o7_bw4000,7,4000.0,20.58137793796952,19.384384123311133,43.08019031046265,39.90796801725861,27.564799887452352,26.70017535911767,1.6102875590140826,0.2059321729660986,1.008639866185285,0.0453894377459498,26.822222222222223,26.289993328718904,25.822222222222223,26.289993328718904,-2.468728788024197,2.623583198846132,214.8388888888889,70.37419250567336,107.41944444444445,35.18709625283668,44590112.32825557,83543086.92785223,2464.74077612976,3721.63678534421,188186.15126545407,1037717.6349929508,41.782325454492934,6.800344097849752,44590112.32825557,83543086.92785223,2449.038784984166,3703.309608685107,198359.39460199,1109027.031835971,83.64935783403774,13.6689061776946,60317.460317460325,0.0,317.4603174603253,0.0,15.701991145594183,22.650398020439322,2449.038784984166,3703.309608685107,44590112.32825557,83543086.92785223,180
60000.0,iir_o7_bw5000,7,5000.0,20.883675288181237,19.619750378536622,43.88756840522244,40.29613162853751,27.855634214715273,27.188934013997674,1.6550468790538095,0.2747216767664861,1.0119124976892766,0.05494169069213206,27.055555555555557,27.01845473630345,26.055555555555557,27.01845473630345,-2.486225317464891,2.6997138769027695,212.4611111111111,79.58603537487902,106.23055555555555,39.79301768743951,45180322.488569506,84802946.95709726,4821.391099668525,8853.569254025015,46206.33104044286,117874.80205281868,40.0484933263683,7.346373270682558,45180322.488569506,84802946.95709726,4804.042212226025,8835.185017709031,48748.22945681702,127313.38887350941,80.20598646027209,14.819172113135325,60317.460317460325,0.0,317.4603174603253,0.0,17.34888744250015,24.582729504426336,4804.042212226025,8835.185017709031,45180322.488569506,84802946.95709726,180
60000.0,iir_o5_bw4500,5,4500.0,20.719687738987794,19.48982085612529,43.3717783305595,40.01018153540676,27.75103459381238,26.983243256581595,1.6274306034559467,0.2412304219440173,1.0102039360518837,0.05357486541159655,27.094444444444445,26.63233998748865,26.094444444444445,26.63233998748865,-2.4938303485628004,2.6586644105711597,212.1,77.76084953670704,106.05,38.88042476835352,44828840.22688662,84045435.99558793,3224.8341110558767,5555.658829961924,45498.726341417605,187071.5846489831,40.99286264252182,6.281305656080607,44828840.22688662,84045435.99558793,3208.454104576298,5537.960376291199,45922.3279762698,187652.7105047676,82.05930033585189,12.593297034878024,60317.460317460325,0.0,317.4603174603253,0.0,16.3800064795787,23.084940693047248,3208.454104576298,5537.960376291199,44828840.22688662,84045435.99558793,180
60000.0,iir_o6_bw4000,6,4000.0,20.536559993466717,19.345482870081774,42.89434902996526,39.723320258980166,27.58586763305363,26.725877080450267,1.6029407859516243,0.20448597885596928,1.0085896364281273,0.04522007932055566,27.25,26.451362554802103,26.25,26.4513625548021,-2.51259495032387,2.639539963060669,214.91666666666666,70.54202558972685,107.45833333333333,35.271012794863424,44437598.322900206,83198127.8015517,2522.7967181105687,3817.2756891722584,139286.5166728482,789870.9998534409,41.604107152740504,6.541931679865758,44437598.322900206,83198127.8015517,2506.965840959492,3798.981614565739,144652.0798284195,830754.8539518006,83.28548523897723,13.12987451874326,60317.460317460325,0.0,317.4603174603253,0.0,15.830877151076821,22.715105522746455,2506.965840959492,3798.981614565739,44437598.322900206,83198127.8015517,180
60000.0,iir_o6_bw5000,6,5000.0,20.87072198044679,19.610505324166287,43.6957622696169,40.107419789436626,27.98117586057611,27.306065452300697,1.6411929203483153,0.27008057752994813,1.0119459274138136,0.0545266621271505,27.32777777777778,27.103326097306464,26.32777777777778,27.103326097306464,-2.515388534652758,2.7075373040072916,212.46666666666667,80.79212584011736,106.23333333333333,40.39606292005868,45135348.61088753,84695615.47372876,4651.4323913654935,8587.01044239193,26250.65432094068,46567.46975279376,39.724090547348666,6.385777687474124,45135348.61088753,84695615.47372876,4634.02978752945,8567.738207859205,26612.269563461487,47242.51084124107,79.51419942620029,12.811892502162685,60317.460317460325,0.0,317.4603174603253,0.0,17.40260383604374,24.58833068496775,4634.02978752945,8567.738207859205,45135348.61088753,84695615.47372876,180
60000.0,iir_o5_bw5000,5,5000.0,20.8475775560226,19.59262152059621,43.409184780697935,39.82539472921522,28.15575645412531,27.464086915010817,1.6212377449398958,0.2630770674634002,1.0119213962038707,0.05380511532691415,27.694444444444443,27.23190234405643,26.694444444444443,27.23190234405643,-2.5548894806751354,2.7187943108105594,211.55,82.91041641939808,105.775,41.45520820969904,45049651.74087088,84495280.7537811,4949.105141230515,8680.047594499525,89812.20758557938,402824.3323469208,39.68529169038279,7.1409564353307555,45049651.74087088,84495280.7537811,4931.604138931694,8658.694827054222,118091.12462574063,569651.4366887923,79.52602410117105,14.631336268845319,60317.460317460325,0.0,317.4603174603253,0.0,17.547933828445988,24.641099224134802,4931.557207402069,8658.721688815467,45049651.74087088,84495280.7537811,180
60000.0,iir_o5_bw4000,5,4000.0,20.468529539358176,19.285066126337618,42.60888604083134,39.439357565415705,27.61922663385952,26.75977109344288,1.5916443789952992,0.20324162215105562,1.0085720817691644,0.045220924594192635,27.666666666666668,26.623801675238983,26.666666666666668,26.623801675238983,-2.5559518502170406,2.6563148600031936,214.95,70.99203472512538,107.475,35.49601736256269,44205676.88641922,82673239.46301399,2571.626441534005,3925.555525895276,68646.56650967702,283620.39828502527,41.38112084642232,6.059994816207406,44205676.88641922,82673239.46301399,2555.6326620364352,3907.1476254025783,69569.0519337824,288253.79573495575,82.83114032289984,12.140497911724278,60317.460317460325,0.0,317.4603174603253,0.0,15.99377949757005,22.826065559367283,2555.6326620364352,3907.1476254025783,44205676.88641922,82673239.46301399,180
60000.0,iir_o4_bw4000,4,4000.0,20.355962941159746,19.183745069745374,42.12978483102549,38.96647871950744,27.674144204789936,26.82205698704083,1.572960769284811,0.2017112772439706,1.008498311043547,0.045027891258596756,28.016666666666666,26.75973691113335,27.016666666666666,26.75973691113335,-2.5937955496665093,2.6696678800425713,215.2111111111111,71.86043183535016,107.60555555555555,35.93021591767508,43810671.91374063,81797093.16972455,2653.5136567463433,4189.535797446873,33087.528970562125,65049.65586085948,41.15320618752268,5.418082505404336,43810671.91374063,81797093.16972455,2637.2846986482814,4170.50950013424,33415.039942458076,65616.22331184066,82.37540142792658,10.85352276742814,60317.460317460325,0.0,317.4603174603253,0.0,16.228958098061906,22.969689214871337,2637.2846986482814,4170.50950013424,43810671.91374063,81797093.16972455,180
60000.0,iir_o4_bw4500,4,4500.0,20.63757584255618,19.417908696148434,42.86676936175964,39.500848099408756,27.936401511238753,27.16416873231215,1.6000242060001884,0.23332672694931494,1.010334949228544,0.0514953397213549,28.183333333333334,27.095831380717783,27.183333333333334,27.095831380717783,-2.606649071512371,2.7037506938329936,211.59444444444443,79.42458544703052,105.79722222222222,39.71229272351526,44544930.738052435,83397808.99999258,3659.5453446388265,6231.1537256802285,56085.31202928281,152729.08253436096,40.746928464297525,6.626144141523901,44544930.738052435,83397808.99999258,3642.7830483077573,6211.02493210245,60154.1901530485,168938.54371453344,81.61134453605409,13.406221994959658,60317.460317460325,0.0,317.4603174603253,0.0,16.76229633106892,23.375975031440596,3642.7830483077573,6211.02493210245,44544930.738052435,83397808.99999258,180
60000.0,iir_o4_bw5000,4,5000.0,20.802037456076533,19.55422363198824,42.970496631112546,39.3974813713379,28.404209462142717,27.687820480714592,1.59251134996753,0.25383786440319556,1.0119221468016082,0.052813629742797776,28.41111111111111,27.141423306336208,27.41111111111111,27.141423306336208,-2.630711955099494,2.708011693467219,210.9111111111111,85.97279606691296,105.45555555555555,42.98639803345648,44870210.540875174,84084827.86645682,8271.177563434616,14225.660975243618,14198.908390868855,42216.81364499489,37.07262891550921,5.525283130956911,44870210.540875174,84084827.86645682,8253.07743101125,14205.73952940633,16291.460518387827,63978.96027740422,74.22896340233943,11.207176692880655,60317.460317460325,0.0,317.4603174603253,0.0,18.100132423365107,25.121788369218827,8253.07743101125,14205.73952940633,44870210.540875174,84084827.86645682,180
60000.0,iir_o5_bw6000,5,6000.0,21.050980831734794,19.76408145203696,42.68385908237674,38.60813212418169,29.734796326542373,28.983537779950876,1.542216781656281,0.2864684093038236,1.0134408094429699,0.05322319304500405,28.483333333333334,25.11637161106333,27.483333333333334,25.11637161106333,-2.6461317300708456,2.5075373295172616,206.60555555555555,104.48984860063433,103.30277777777778,52.244924300317166,45109346.56293193,84531623.28014214,46920.957045486146,92688.68142867547,3448.5088425540034,8686.021880544227,30.03476236676688,6.158615000344509,45109346.56293193,84531623.28014214,46899.20998240759,92676.95782363172,3498.875792197589,8925.06026693502,60.095906200943894,12.35168768281509,60317.460317460325,0.0,317.4603174603253,0.0,21.747063078554202,30.446330716734032,46899.20998240759,92676.95782363172,45109346.56293193,84531623.28014214,180
60000.0,iir_o8_bw5500,8,5500.0,20.938884377765905,19.66455213603026,43.45846982631537,39.68419393468762,28.490272718344514,27.84076967415754,1.615334920669085,0.28372230594644765,1.01311478869829,0.056436010388819347,28.733333333333334,28.655066727579115,27.733333333333334,28.655066727579115,-2.6598814840859557,2.864584840918225,212.7,85.47062614115387,106.35,42.735313070576936,45177852.03236944,84714136.61003947,7511.658395066679,14659.989394708324,70208.56671801052,314684.1677799877,38.13720485265197,7.433177721615436,45177852.03236944,84714136.61003947,7492.883903856327,14638.376375474196,107317.75013668984,554234.0405593266,76.44007094201466,15.301216166292596,60317.460317460325,0.0,317.4603174603253,0.0,18.778269209083195,26.905419575874646,7492.880125857596,14638.37831892835,45177852.03236944,84714136.61003947,180
60000.0,iir_o4_bw6000,4,6000.0,21.060404693241143,19.76285009927299,42.77009666819043,38.61881207582067,29.890568840263963,29.056783087239598,1.5379499002768837,0.28674005344512526,1.0133538147177583,0.052568917683616205,28.77777777777778,26.259673515386638,27.77777777777778,26.259673515386638,-2.67624236582746,2.6191965611870422,204.97222222222223,109.01070782090697,102.48611111111111,54.505353910453486,45046040.602449626,84402864.60313334,92453.77796452369,183778.6878863572,1313.7155636365292,2739.1631361081136,26.440493459850977,5.903862962740037,45046040.602449626,84402864.60313334,92429.43920755721,183767.4561340457,1317.139495065763,2748.7172278686126,52.88886063388346,11.815271387147286,60317.460317460325,0.0,317.4603174603253,0.0,24.33875696648639,34.451816045176415,92429.43920755721,183767.4561340457,45046040.602449626,84402864.60313334,180
60000.0,iir_o8_bw3500,8,3500.0,20.14794608933375,19.039826875866897,41.26410558693306,38.35929668286287,27.714005437752764,26.74681434053389,1.5216796693179997,0.154522642691764,1.0059968068400162,0.03265236536136687,28.772222222222222,26.943522672964527,27.772222222222222,26.943522672964527,-2.6769754178357714,2.687161027715761,216.13333333333333,71.41173400912446,108.06666666666666,35.70586700456223,43325658.255931325,80780535.1727111,2648.8285486259215,3747.551149515556,22541.87768835538,43809.77533884017,40.58926552221397,4.417291651977218,43325658.255931325,80780535.1727111,2632.008529756934,3725.4825745819894,22802.229141102085,44884.124265831495,81.23839160632278,8.84304917457302,60317.460317460325,0.0,317.4603174603253,0.0,16.82001886898784,24.341002735583245,2632.008529756934,3725.4825745819894,43325658.255931325,80780535.1727111,180
60000.0,iir_o7_bw5500,7,5500.0,20.940668625695125,19.668242916993886,43.35737634035318,39.587247878356045,28.57713382739814,27.92040144911975,1.6073822806356866,0.28104485830140086,1.0130834078134816,0.056207717705363335,28.9,28.640928638856828,27.9,28.640928638856828,-2.67770092684228,2.8625361438152166,212.63333333333333,86.18421870083077,106.31666666666666,43.092109350415384,45169840.77890906,84700698.29074132,7822.631778264355,14480.682885074659,28099.154277596637,93708.59485807162,37.65314287281282,6.582285629966749,45169840.77890906,84700698.29074132,7803.833871003909,14458.200524745858,29065.41497801358,97599.79776312748,75.3686087524981,13.239495162698113,60317.460317460325,0.0,317.4603174603253,0.0,18.797907260446188,26.83050732245376,7803.833871003909,14458.200524745858,45169840.77890906,84700698.29074132,180
60000.0,iir_o3_bw6500,3,6500.0,21.2897604233656,19.885268126303696,44.32874478070901,39.40445254066002,30.781548192365108,29.757520498088397,1.5642333223887321,0.3208214095201709,1.0118379746549135,0.046528699029057236,28.866666666666667,25.6783716568968,27.866666666666667,25.6783716568968,-2.6818860885696414,2.5598579576367806,210.69444444444446,119.90164019277918,105.34722222222223,59.95082009638959,44907170.2162181,84092858.71199965,570709.7638054623,1066225.4019051264,130.2338360703332,271.6157284790465,17.54872883468571,5.1257074080697596,44907170.2162181,84092858.71199965,570609.0317957327,1066181.7926636478,130.3463723813381,271.99774672968783,35.10026231999258,10.253944955379254,60317.460317460325,0.0,317.4603174603253,0.0,100.73200972960966,162.43027417478592,570609.0317957327,1066181.7926636478,44907170.2162181,84092858.71199965,180
60000.0,iir_o3_bw5000,3,5000.0,20.700710867660213,19.460531149539477,42.34272776069078,38.7512236648011,28.734245423386437,27.936055762799803,1.5549712294943276,0.24820308787600281,1.0118102374588989,0.05055962821434616,28.91111111111111,27.00264602984833,27.91111111111111,27.00264602984833,-2.686392643862261,2.6915279514007113,211.45,91.66518349908972,105.725,45.83259174954486,44438630.730957806,83130881.62227334,32653.891346508255,61224.05692273769,3765.116442237556,12787.34072594367,30.733922946377916,5.646582217885208,44438630.730957806,83130881.62227334,32629.657155707395,61207.56755983783,3954.0372603051824,14856.893563204248,61.49529174126868,11.346325919631049,60317.460317460325,0.0,317.4603174603253,0.0,24.23419080085621,34.976480004739294,32629.657155707395,61207.56755983783,44438630.730957806,83130881.62227334,180
60000.0,iir_o7_bw3500,7,3500.0,20.114927215840176,19.006012900867763,41.18752917076286,38.273018953680044,27.680351715898542,26.71820805926763,1.521243881775905,0.15663227243071234,1.0061523549713376,0.03340220150919295,28.894444444444446,26.947807452653294,27.894444444444446,26.947807452653294,-2.6892665360511177,2.687560574919729,216.22222222222223,71.3608780944324,108.11111111111111,35.6804390472162,43225151.460275754,80522251.70732908,2624.8312230348356,3730.4834622538747,22885.540552405513,42771.57205755432,40.613948809514255,4.482026421644809,43225151.460275754,80522251.70732908,2608.0637015745992,3708.3780995430634,23123.175428890125,43633.51821396642,81.28749275866342,8.971029695145287,60317.460317460325,0.0,317.4603174603253,0.0,16.76752146023577,24.34869628473531,2608.0637015745992,3708.3780995430634,43225151.460275754,80522251.70732908,180
60000.0,iir_o6_bw3500,6,3500.0,20.066191640691994,18.95803291091249,41.067159818599684,38.144922751965744,27.630712870717435,26.673840205851754,1.5202791893460494,0.15968472184840712,1.0063383919363844,0.03436090851193806,28.93888888888889,27.09844743720825,27.93888888888889,27.09844743720825,-2.693871903228142,2.702590767633368,216.31666666666666,71.3604020675348,108.15833333333333,35.6802010337674,43061555.889522925,80139983.36430581,2611.6779744257005,3727.1874874216983,23469.487444085782,43326.099486259394,40.62806545237871,4.567753431359755,43061555.889522925,80139983.36430581,2594.9803683231166,3705.1932121411705,23693.96597549123,44038.95695478029,81.31556759869783,9.141726685239936,60317.460317460325,0.0,317.4603174603253,0.0,16.69760610258394,24.288267490711167,2594.9803683231166,3705.1932121411705,43061555.889522925,80139983.36430581,180
60000.0,iir_o6_bw5500,6,5500.0,20.941440515606775,19.671021444185993,43.21907259371522,39.45183690855432,28.69670091852965,28.027881616285185,1.5966496173029936,0.27760692576939516,1.0129646305647861,0.05549020055244062,29.06111111111111,28.419279766483985,28.06111111111111,28.419279766483985,-2.6953929246873427,2.839338384816536,211.33333333333334,87.75301806075362,105.66666666666667,43.87650903037681,45151520.69814001,84664333.65257946,8931.114281405899,15419.931904392248,12093.65393996464,23045.601262103257,36.78073663641116,5.594138417158063,45151520.69814001,84664333.65257946,8912.229832127481,15397.203775912454,12289.617791817145,23666.43695836447,73.60892013071873,11.23102106290573,60317.460317460325,0.0,317.4603174603253,0.0,18.884449278418103,26.790132251263472,8912.229832127481,15397.203775912454,45151520.69814001,84664333.65257946,180
60000.0,iir_o3_bw4500,3,4500.0,20.47763189443274,19.274295011309935,42.03081547637688,38.67417011612238,28.190088002715,27.397416334692746,1.5586692167624931,0.22497481435078548,1.010399184386925,0.047687473309713575,29.044444444444444,27.400775224979625,28.044444444444444,27.400775224979625,-2.698920043417498,2.731660039820241,211.98888888888888,84.83984181111532,105.99444444444444,42.41992090555766,43945151.79827823,82085426.24306352,10765.71703557759,19242.712869729985,33270.16087334714,124883.06687347002,36.24881972755335,6.906637364733663,43945151.79827823,82085426.24306352,10746.611648981192,19223.47555862837,43543.14761642298,175110.04290420195,72.67920950029917,14.269407884093951,60317.460317460325,0.0,317.4603174603253,0.0,19.590153074755673,27.106554566163034,10746.126882502835,19223.74735254855,43945151.79827823,82085426.24306352,180
60000.0,iir_o5_bw5500,5,5500.0,20.93863589369682,19.67002413100805,43.02662296634367,39.254012297626886,28.859368043696303,28.165906713031738,1.5821138278318156,0.27315490403159587,1.0127523298263443,0.05421874588912591,29.105555555555554,27.994711635912626,28.105555555555554,27.994711635912626,-2.7020028658361555,2.795448688023616,209.22222222222223,91.20684059636343,104.61111111111111,45.60342029818172,45108653.44768172,84572605.89139237,12775.052449617056,22414.09356872821,6356.226492588161,9237.25456753392,35.14785835943176,4.917734121274311,45108653.44768172,84572605.89139237,12755.876332058895,22394.97508608067,6439.4763769427,9544.041004508457,70.33651413732335,9.870207733989194,60317.460317460325,0.0,317.4603174603253,0.0,19.176117558159806,26.947302763584133,12755.876332058895,22394.97508608067,45108653.44768172,84572605.89139237,180
60000.0,iir_o4_bw5500,4,5500.0,20.925092773922064,19.65673574298082,42.78847865818499,38.993771094541884,29.0805675702866,28.327280581768196,1.563235953648356,0.26886869573791944,1.0125650279121707,0.0528380801654253,29.07777777777778,27.861079068796233,28.07777777777778,27.861079068796233,-2.7020803398257276,2.780172640760166,209.48333333333332,95.19298099799646,104.74166666666666,47.59649049899823,45001578.53996688,84336678.62476465,27520.179456810245,52878.02233373919,5681.552212495539,14821.832228539533,32.15839641220869,6.0193113365397135,45001578.53996688,84336678.62476465,27499.845185007212,52864.29133205732,6112.105512638024,17348.13962608121,64.37362695742148,12.157212616075569,60317.460317460325,0.0,317.4603174603253,0.0,20.33427180303318,28.356868727410546,27499.845185007212,52864.29133205732,45001578.53996688,84336678.62476465,180
60000.0,iir_o4_bw7000,4,7000.0,21.511312843026044,20.05080220259202,44.7359184953343,39.341174310731716,31.40107753837182,30.452848295124802,1.5602543766089951,0.33055715984331974,1.0123165714784574,0.046696791810459805,29.094444444444445,26.32175157231914,28.094444444444445,26.32175157231914,-2.705525446818012,2.6263033842960977,209.13888888888889,123.38945763614399,104.56944444444444,61.694728818071994,45039668.25793776,84361886.8524325,675347.3317758372,1297212.6613907488,130.5683401947838,281.06977299948477,17.051183860700753,5.49766821240915,45039668.25793776,84361886.8524325,675300.5038760924,1297183.723644091,130.6120650050119,281.20158908446626,34.10356148479586,10.996207935545264,60317.460317460325,0.0,317.4603174603253,0.0,46.82789974489444,71.19654713830651,675300.5038760924,1297183.723644091,45039668.25793776,84361886.8524325,180
60000.0,iir_o5_bw3500,5,3500.0,19.990107061513108,18.885177035292138,40.86419247242428,37.93504781162893,27.563970782348846,26.615592937657894,1.5177756373216003,0.1634463327689019,1.006567215456528,0.035565514882982964,29.105555555555554,27.22726558635195,28.105555555555554,27.22726558635195,-2.710949155643471,2.715387202759542,216.20555555555555,71.38531038523107,108.10277777777777,35.69265519261553,42791006.46942119,79544188.52837208,2604.8189389539543,3732.3430981198544,24093.50150673544,44681.210306472705,40.63058022568582,4.653817559187027,42791006.46942119,79544188.52837208,2588.219347484371,3710.6068497395645,24308.322393892162,45280.704564719155,81.3204182782148,9.31329367976373,60317.460317460325,0.0,317.4603174603253,0.0,16.59959146958331,24.134870829490378,2588.219347484371,3710.6068497395645,42791006.46942119,79544188.52837208,180
60000.0,iir_o2_bw5500,2,5500.0,20.737627888903116,19.414942881542665,43.29217503474149,38.92024587569508,29.49702936153834,28.328528169701798,1.5690245157576976,0.2827023176781528,1.009976261712746,0.0424666185018468,29.227777777777778,25.612023746616913,28.227777777777778,25.612023746616913,-2.7167343351068927,2.5497592853239355,215.13333333333333,112.71962547170058,107.56666666666666,56.35981273585029,43664894.11496709,81495605.44170345,477071.67755368387,853762.014415791,133.1047937429719,262.6838752842484,18.018117494393667,4.8021453374874365,43664894.11496709,81495605.44170345,475207.140416869,852919.8544606236,136.76319692023878,279.7061665382178,36.09517919844669,9.669453578372085,60317.460317460325,0.0,317.4603174603253,0.0,1864.5371368147783,3105.976693083305,475207.140416869,852919.8544606236,43664894.11496709,81495605.44170345,180
60000.0,iir_o5_bw6500,5,6500.0,21.221609427751197,19.888831180410513,43.00452704016867,38.41931855975206,30.721241989143696,29.89210282132663,1.5250144800202778,0.312317680874502,1.0140066305057591,0.05304340071901694,29.183333333333334,25.596891178204185,28.183333333333334,25.59689117820419,-2.7193078137861573,2.5562325070839536,203.99444444444444,115.02904647613656,101.99722222222222,57.51452323806828,45088695.163447864,84463305.89504676,159898.6625534297,321790.8493705116,1288.5779305225594,3469.5382977038907,24.377739735126195,6.680818108934799,45088695.163447864,84463305.89504676,159871.30121425592,321778.7650400855,1294.595181363014,3495.1012778673185,48.762487273653804,13.371259323891433,60317.460317460325,0.0,317.4603174603253,0.0,27.36133917377135,37.91284794517127,159871.30121425592,321778.7650400855,45088695.163447864,84463305.89504676,180
60000.0,iir_o4_bw3500,4,3500.0,19.862004555536316,18.765392245487718,40.49433264421497,37.56008994097573,27.47269480037463,26.538903933053334,1.5115395854701676,0.1680643982475649,1.006857877219874,0.03713045606308129,29.35,27.221310046917115,28.35,27.221310046917115,-2.736405273054055,2.7147248978732246,216.26666666666668,71.68511217304868,108.13333333333334,35.84255608652434,42318246.52534864,78550500.47870407,2592.8386743316355,3756.0995042354957,23442.20157753028,41971.25582744411,40.616524472630076,4.617273619761923,42318246.52534864,78550500.47870407,2576.3818831207927,3734.731028902636,23644.52565503633,42529.34473304399,81.29212910193631,9.23894908910016,60317.460317460325,0.0,317.4603174603253,0.0,16.456791210842695,23.837379624785974,2576.3818831207927,3734.731028902636,42318246.52534864,78550500.47870407,180
60000.0,iir_o6_bw6000,6,6000.0,21.041514754762694,19.75954243274985,42.70215265835163,38.67798778225503,29.624219520411316,28.909228258369662,1.54639314495702,0.285338276710322,1.0135942695406752,0.054152157874432665,29.405555555555555,25.72017385759771,28.405555555555555,25.72017385759771,-2.7376578942727274,2.569890683907213,208.44444444444446,101.98253888347655,104.22222222222223,50.991269441738275,45130359.0980487,84567207.76441576,30644.24797534036,57392.56777668348,10049.284082832874,43895.23855284056,31.995026699038483,6.280507849180673,45130359.0980487,84567207.76441576,30623.41648146809,57378.19933030292,11480.886414180906,55348.21990586513,64.06256962361648,12.728701853793506,60317.460317460325,0.0,317.4603174603253,0.0,20.83149387227025,29.465486837898098,30623.41648146809,57378.19933030292,45130359.0980487,84567207.76441576,180
60000.0,iir_o3_bw4000,3,4000.0,20.14594218815782,18.99376312269991,41.261013690082905,38.127598662468415,27.761058880437663,26.921593072597485,1.5404064967098898,0.2003544169083675,1.008293745476253,0.044050709005955944,29.416666666666668,27.174559865996255,28.416666666666668,27.174559865996255,-2.73887253929057,2.709911678451489,212.55555555555554,79.01334462090091,106.27777777777777,39.506672310450455,43033306.32312515,80145948.60282761,4329.11524826382,7410.83319904875,18934.532242088455,28554.375071696228,39.462344106259415,5.16776628101265,43033306.32312515,80145948.60282761,4311.658697161838,7390.366598071158,19355.778466506697,29651.776418792422,79.00430393062722,10.399527046664277,60317.460317460325,0.0,317.4603174603253,0.0,17.456551101981898,24.15879646648497,4311.658697161838,7390.366598071158,43033306.32312515,80145948.60282761,180
60000.0,iir_o4_bw6500,4,6500.0,21.24580674207931,19.89048088465798,43.4271817164934,38.739444321439095,30.76133670168388,29.829956278496905,1.535174978479094,0.3146278865307919,1.0134264063769778,0.050927744525759426,29.427777777777777,25.90486043036754,28.427777777777777,25.904860430367535,-2.7422343523597723,2.5840504235752997,206.15,117.3210499908253,103.075,58.66052499541265,45051450.95416434,84395466.5345315,269613.4347242407,529829.0503109974,384.1904939797398,831.0732131923377,21.365203982325504,5.731637832917873,45051450.95416434,84395466.5345315,269581.2507062151,529813.8717039139,384.52478205093973,832.1541536955243,42.733047436768985,11.465538072882598,60317.460317460325,0.0,317.4603174603253,0.0,32.184018025604885,46.84126757116038,269581.2507062151,529813.8717039139,45051450.95416434,84395466.5345315,180
60000.0,iir_o6_bw6500,6,6500.0,21.207587643952625,19.886800519628807,42.779977043377066,38.25375021654779,30.67062632443363,29.90286384904797,1.5218469099679601,0.312353456025019,1.0140348370179297,0.053183543723998854,29.455555555555556,25.428467358525577,28.455555555555556,25.428467358525577,-2.7470555402719485,2.542086264025256,204.75555555555556,114.51747797720431,102.37777777777778,57.258738988602154,45099232.680037804,84474323.10111496,113166.19390402905,226323.82935640667,2688.19617620981,9908.310322226505,26.30412963832665,7.0399757373092,45099232.680037804,84474323.10111496,113140.9825564734,226312.95058775076,2744.5995453795904,10297.097921513432,52.62303887034118,14.106975104596978,60317.460317460325,0.0,317.4603174603253,0.0,25.211347555646505,34.82962913836876,113140.9825564734,226312.95058775076,45099232.680037804,84474323.10111496,180
60000.0,iir_o7_bw7000,7,7000.0,21.456310979603682,20.054664100175703,43.62608336837603,38.473574013484345,31.740461546118997,31.0431174364383,1.5263458101789884,0.34885856886603683,1.0137680791164179,0.051550139297460676,29.533333333333335,24.953901632889202,28.533333333333335,24.953901632889202,-2.7550604757484556,2.4926274194994216,204.57222222222222,122.03246342310865,102.28611111111111,61.01623171155432,45064096.82326637,84387327.08496514,295459.5805634655,589913.5738611686,779.546216121815,1859.5343109180017,21.834515235359333,7.150803951356416,45064096.82326637,84387327.08496514,295424.84175689117,589894.0541866631,781.2161019369933,1864.3683885224057,43.67362666921759,14.307313668862266,60317.460317460325,0.0,317.4603174603253,0.0,34.738806574351656,46.89277197267654,295424.84175689117,589894.0541866631,45064096.82326637,84387327.08496514,180
60000.0,iir_o3_bw5500,3,5500.0,20.879802530086213,19.604137037650343,42.5827120683961,38.69529412536916,29.377178469351524,28.48963825814258,1.5430900495615114,0.26867585017241,1.012429044057413,0.05081354332543936,29.63888888888889,26.679928615671102,28.63888888888889,26.679928615671102,-2.76132684394192,2.6605182041513857,211.15,101.28528628521073,105.575,50.642643142605365,44700809.15896491,83676956.42696038,95122.06073129088,181131.13077702152,845.4803703411276,1631.6774494127553,25.67552632235158,5.197128669383132,44700809.15896491,83676956.42696038,95088.01023274436,181114.11516518513,846.9324806550798,1635.6868493896613,51.35752468809657,10.399353007184077,60317.460317460325,0.0,317.4603174603253,0.0,34.05049854650951,52.319952309794516,95088.01023274436,181114.11516518513,44700809.15896491,83676956.42696038,180
60000.0,iir_o8_bw7000,8,7000.0,21.4550289517948,20.05905655480662,43.50889304433584,38.3897651063883,31.7658895467193,31.10255167781494,1.5240743390294391,0.35324626966995243,1.013944978843396,0.052482458331574514,29.605555555555554,24.67634001777561,28.605555555555554,24.67634001777561,-2.7627389958771573,2.464924005487119,204.55555555555554,121.88877713436025,102.27777777777777,60.94438856718013,45063807.83927733,84382254.39918467,262518.830060455,519489.58996640507,1011.7019842278518,2488.981068123374,22.523562762096745,7.371160132521208,45063807.83927733,84382254.39918467,262485.8657182458,519472.2724707407,1015.6052851783625,2502.555199353034,45.05346823018844,14.75153183608155,60317.460317460325,0.0,317.4603174603253,0.0,32.964342209208006,44.29739349025747,262485.8657182458,519472.2724707407,45063807.83927733,84382254.39918467,180
60000.0,iir_o6_bw7000,6,7000.0,21.461942089074146,20.05066161741158,43.818194959314525,38.622084720297536,31.695299631647444,30.938700915213417,1.5311821874400289,0.344719826467637,1.0134951440579658,0.05042087792079115,29.67222222222222,25.728021059922945,28.67222222222222,25.728021059922945,-2.768102843551939,2.570091555828655,205.73333333333332,122.11481912642434,102.86666666666666,61.05740956321217,45063847.47390174,84393305.29464759,352065.67396541126,704105.7774289479,551.2550221446037,1385.3647035187148,20.784722786806483,6.792986326232056,45063847.47390174,84393305.29464759,352028.6470743523,704083.4107966407,552.1881764841595,1388.5778715273839,41.572790480632676,13.589935187333793,60317.460317460325,0.0,317.4603174603253,0.0,37.0268910589491,50.584020975258376,352028.6470743523,704083.4107966407,45063847.47390174,84393305.29464759,180
60000.0,iir_o5_bw7000,5,7000.0,21.476733979031838,20.048406107922244,44.13771686784636,38.866102959764916,31.600937258384587,30.775374336238823,1.5409128361012174,0.3390847112764929,1.0130979652936811,0.04896955912402365,29.694444444444443,25.85673836128694,28.694444444444443,25.85673836128694,-2.768685725259202,2.582405219303221,206.82222222222222,122.55771211761186,103.41111111111111,61.27885605880593,45060108.50206629,84394439.95181341,457657.4339353879,904950.2602510417,271.73929632488984,622.1853080439595,19.186839460483636,6.105959476738492,45060108.50206629,84394439.95181341,457617.4606209991,904924.795884343,271.95307043028583,622.9311237126012,38.37566946876792,12.213760693601724,60317.460317460325,0.0,317.4603174603253,0.0,39.97331438876408,56.137643148856505,457617.4606209991,904924.795884343,45060108.50206629,84394439.95181341,180
60000.0,iir_o3_bw3500,3,3500.0,19.62183273288455,18.54592637671337,39.760287858756534,36.83870676869475,27.335235292066056,26.436895171516976,1.4965612245977846,0.17392657026549838,1.0072856775515866,0.03947988039317536,29.711111111111112,27.26048337916622,28.711111111111112,27.260483379166217,-2.7749450701709972,2.7184437198087523,215.6888888888889,73.54315336304094,107.84444444444445,36.77157668152047,41401486.3268125,76713318.47125487,2841.6799551332883,4494.616427677737,23460.952318371368,44044.92605807255,40.520207644250036,4.6507866691644235,41401486.3268125,76713318.47125487,2825.096762090555,4473.754811747266,23863.44084049468,45284.07444726717,81.11478675768136,9.335870524212783,60317.460317460325,0.0,317.4603174603253,0.0,16.583193042733356,23.60583517596778,2825.096762090555,4473.754811747266,41401486.3268125,76713318.47125487,180
60000.0,iir_o7_bw6500,7,6500.0,21.19900953902892,19.885256377482737,42.66253791034422,38.18819060458396,30.633481232781836,29.89239216708597,1.5199067014987637,0.3114171010945157,1.0140821416277364,0.05348011662463654,29.9,25.76670147744823,28.9,25.76670147744823,-2.791791638028331,2.5775837964713877,205.2,113.9008880145488,102.6,56.9504440072744,45102446.799274825,84471748.52029014,90282.85223573954,176343.86435563109,8276.122432916945,76746.30546866886,27.40820969795232,7.092736080030887,45102446.799274825,84471748.52029014,90258.95336856849,176333.10020359987,13978.598745022759,152553.4276736801,54.865143883144206,14.367268621633901,60317.460317460325,0.0,317.4603174603253,0.0,23.89887192712898,33.278144423670376,90258.95336381241,176333.1002060479,45102446.799274825,84471748.52029014,180
60000.0,iir_o3_bw6000,3,6000.0,21.063581280567863,19.738488686533348,43.20447990260382,38.88017751075865,30.0844541368546,29.039932749941542,1.5422607331698632,0.2911974413079898,1.0127274513872777,0.049966640103215845,29.988888888888887,26.70404503263324,28.988888888888887,26.70404503263324,-2.7968097134604157,2.6625393409959015,206.57777777777778,114.74869094349805,103.28888888888889,57.374345471749024,44837848.85226953,83955404.74591497,247461.2784286196,468601.77277309913,311.668919736359,640.3453941111314,21.323143568226783,5.1620223069654125,44837848.85226953,83955404.74591497,247406.1372590784,468577.85597073205,311.96998128362924,641.2580046485962,42.64991974459492,10.326939165795801,60317.460317460325,0.0,317.4603174603253,0.0,55.141169541170306,88.22066150301498,247406.1372590784,468577.85597073205,44837848.85226953,83955404.74591497,180
60000.0,iir_o7_bw6000,7,6000.0,21.03347214371758,19.754131119503125,42.72992748486527,38.7380397252807,29.54303106059446,28.84790960336075,1.5495525406732318,0.28343828740562077,1.0137774525763914,0.05509806577962777,30.122222222222224,26.48424335094603,29.122222222222224,26.48424335094603,-2.8087503428613276,2.6477082010248165,208.54444444444445,100.22808191678403,104.27222222222223,50.11404095839202,45137093.99968169,84572830.08350451,23736.874643191717,42118.569668586366,4744.329195270918,13078.979879149978,32.505576928895636,5.026715903600782,45137093.99968169,84572830.08350451,23716.46216183681,42101.095790047795,4839.580575169861,13610.568208755976,65.03935207193278,10.090435278640468,60317.460317460325,0.0,317.4603174603253,0.0,20.412481354907484,29.160491002114107,23716.46216183681,42101.095790047795,45137093.99968169,84572830.08350451,180
60000.0,iir_o8_bw6500,8,6500.0,21.193488355686323,19.884108967910265,42.59345394326188,38.15149056198278,30.60777320958468,29.87932870996892,1.5185071401313315,0.310234032348227,1.014181304562995,0.05385173565897445,30.316666666666666,25.809026830196206,29.316666666666666,25.809026830196203,-2.8336488515527747,2.5829806953649137,204.8388888888889,113.14899278646244,102.41944444444445,56.57449639323122,45103682.88117534,84466964.83209658,77681.01477866349,147551.75296134132,1990.1842720457098,4272.645104548302,27.80447334520201,6.202487409342543,45103682.88117534,84466964.83209658,77657.95375501181,147540.5119073787,2001.6963822548046,4306.275789672742,55.62377149423163,12.422052306763838,60317.460317460325,0.0,317.4603174603253,0.0,23.06102365167241,32.40817649423385,77657.95375501181,147540.5119073787,45103682.88117534,84466964.83209658,180
60000.0,iir_o8_bw6000,8,6000.0,21.026966232149306,19.749241205631627,42.75487589934128,38.78106667289825,29.486667341060613,28.800794519397748,1.551814247681717,0.28242474454126737,1.0139571176036217,0.05593079544944128,30.52777777777778,26.88116421302374,29.52777777777778,26.88116421302374,-2.8488905449934054,2.6884622651868764,209.69444444444446,99.00404016485075,104.84722222222223,49.502020082425375,45138523.962485,84568584.64174673,20372.41283281293,35182.973283938765,4631.215101958469,9194.653000701544,33.09533476899745,4.936408287676933,45138523.962485,84568584.64174673,20352.203667170063,35163.0577492348,4726.649377275431,9549.65855582977,66.22538647891642,9.924723492535348,60317.460317460325,0.0,317.4603174603253,0.0,20.209165642867838,29.07627141551946,20352.203667170063,35163.0577492348,45138523.962485,84568584.64174673,180
60000.0,iir_o2_bw4000,2,4000.0,19.680806265150796,18.566888500708583,39.786403069264175,36.64193943165848,27.790637003287845,26.94003892409139,1.494881463995256,0.2059850354753247,1.0098624462889574,0.043039919793611825,30.455555555555556,27.07022157902811,29.455555555555556,27.07022157902811,-2.8498328775747104,2.6955971357417288,212.46666666666667,90.47752892416692,106.23333333333333,45.23876446208346,41154465.591470234,76395705.48554231,43364.89216849034,77866.7271891132,3363.7647448958623,15319.393520301448,28.698641353876432,5.478107567027961,41154465.591470234,76395705.48554231,43193.24180127242,77772.7843151295,3635.0170707522534,17382.97918177139,57.476583186553015,11.076356643011684,60317.460317460325,0.0,317.4603174603253,0.0,171.65036721792242,263.7002134281076,43193.24180127242,77772.7843151295,41154465.591470234,76395705.48554231,180
60000.0,iir_o2_bw3500,2,3500.0,19.096063884556663,18.069410456942293,38.248440674864796,35.37794439098527,27.077016722571123,26.24454078914003,1.4639626993567014,0.18222419007764395,1.0086373529755914,0.04228823869618147,30.67222222222222,27.013307408702204,29.67222222222222,27.013307408702204,-2.876306392483182,2.6912643433116035,210.9,86.41662756410405,105.45,43.208313782052024,39297118.72314718,72696626.65778767,16421.472274756885,29441.903441193965,8138.030879714499,29999.39621297981,33.15682609427851,5.76342419451737,39297118.72314718,72696626.65778767,16347.457068680817,29392.063180150002,9320.868199157878,37255.98742805715,66.47679382882698,11.831343606930963,60317.460317460325,0.0,317.4603174603253,0.0,74.01520607606774,108.70064681040307,16347.457068680817,29392.063180150002,39297118.72314718,72696626.65778767,180
60000.0,iir_o2_bw4500,2,4500.0,20.106291247312505,18.922530820731787,40.95035735501228,37.510230818752994,28.413681349942994,27.470793335735497,1.516267052316049,0.23354906258498798,1.010575674763101,0.044150316298428464,31.022222222222222,27.539703295496352,30.022222222222222,27.539703295496356,-2.9034749515482905,2.7431518867537044,215.2,94.08497288571128,107.6,47.04248644285564,42361481.09643454,78834082.56050168,106068.09995774787,190735.95941244217,686.0478799272263,1577.1460785249155,24.618191509556905,4.935123376079327,42361481.09643454,78834082.56050168,105670.72236643868,190543.61319654444,702.3459219948768,1639.7498638846148,49.29371564878729,9.930253259484124,60317.460317460325,0.0,317.4603174603253,0.0,397.377591309172,633.6269191902592,105670.72236643868,190543.61319654444,42361481.09643454,78834082.56050168,180
60000.0,iir_o2_bw5000,2,5000.0,20.441146823158537,19.19189416339142,42.052029717456186,38.215235373776245,28.99059286390062,27.89752510920495,1.5368233306484163,0.25655738259706123,1.0106157372662312,0.04423211609140909,31.16111111111111,26.728756277955704,30.16111111111111,26.728756277955704,-2.9145209550600963,2.662891792541735,217.2277777777778,101.2995905485973,108.6138888888889,50.64979527429865,43147950.04022339,80436725.03430204,235613.86172398334,423181.5675208815,277.35136622407015,561.7695472354511,21.10203741098788,4.826553419697104,43147950.04022339,80436725.03430204,234730.62602902204,422777.0862577022,284.2875459796218,592.6322584248065,42.26042365019137,9.71340764370053,60317.460317460325,0.0,317.4603174603253,0.0,883.2356949613023,1445.5906860453117,234730.62602902204,422777.0862577022,43147950.04022339,80436725.03430204,180
60000.0,iir_o3_bw3000,3,3000.0,18.799988408656624,17.837290420011694,37.2627304370495,34.59718877307258,26.689673821632923,25.75205578455284,1.4283016572044858,0.15304407073993329,1.0064611977486413,0.03381777174514893,31.61111111111111,27.70180174623278,30.61111111111111,27.701801746232775,-2.975942763579921,2.7625363714953863,214.35555555555555,78.62950547329257,107.17777777777778,39.314752736646284,38605409.05179634,71002308.38711269,2636.2987372257576,3891.314785791011,19169.65376551214,41102.13661579717,40.126373602646105,4.104065012374448,38605409.05179634,71002308.38711269,2620.388647139455,3869.3991493342255,19402.428861531705,42215.3390824156,80.31091936884218,8.21541948481736,60317.460317460325,0.0,317.4603174603253,0.0,15.910090086302777,23.486905612818394,2620.388647139455,3869.3991493342255,38605409.05179634,71002308.38711269,180
60000.0,iir_o4_bw3000,4,3000.0,19.04587362727908,18.057052746719958,37.7899156675912,35.105139848742326,27.003586363016737,26.01250974774186,1.4276002318166825,0.14681069014291806,1.0055717314989587,0.02963552738967685,31.7,28.209293607073107,30.7,28.209293607073104,-2.9850047576616117,2.813338990637803,215.08333333333334,78.42669957803854,107.54166666666667,39.21334978901927,39569715.68372284,72733745.2714888,2797.936057581597,4050.8366581184214,18622.180251732105,37255.21568012922,39.94514403195616,4.233134152580867,39569715.68372284,72733745.2714888,2781.3349554604533,4027.6160043957025,18817.254670714356,38108.18186160465,79.94558387854528,8.471818129041694,60317.460317460325,0.0,317.4603174603253,0.0,16.601102121143587,24.72142326953244,2781.3349554604533,4027.6160043957025,39569715.68372284,72733745.2714888,180
60000.0,iir_o5_bw3000,5,3000.0,19.174809386284764,18.17501726372793,38.03794372846815,35.35153750510025,27.19436479440013,26.176281142129774,1.4249810402949994,0.14258368845678762,1.0051484268783357,0.027811127583610543,31.894444444444446,28.56600652418733,30.894444444444446,28.56600652418733,-3.0049059657879216,2.848910170605486,215.40555555555557,78.66296802686621,107.70277777777778,39.331484013433105,40071334.62427175,73650716.2731623,2930.040264198656,4241.754849005236,17912.873428078718,35994.0010533827,39.803188237750504,4.206896297726743,40071334.62427175,73650716.2731623,2912.887256683437,4217.640500441817,18098.759293938827,36806.70844513028,79.66100101300654,8.419458955251843,60317.460317460325,0.0,317.4603174603253,0.0,17.153007515218917,25.56859119224336,2912.887256683437,4217.640500441817,40071334.62427175,73650716.2731623,180
60000.0,iir_o2_bw3000,2,3000.0,18.26137660507278,17.354150564771345,36.011542098531415,33.425070233053184,26.138138409023238,25.31043936203009,1.4190052271015838,0.16301060011713822,1.00811007684776,0.04280533523408836,32.044444444444444,27.08332316286874,31.044444444444444,27.083323162868737,-3.020782120050034,2.6999971622277448,212.88333333333333,81.62088919555231,106.44166666666666,40.810444597776154,36458454.74102873,67164966.4947706,6328.002453738158,11311.138212036341,15533.789468790348,35614.64273161457,37.327778606267366,5.591518616389326,36458454.74102873,67164966.4947706,6293.419860078464,11280.94917506463,16961.037881859964,39675.65977257648,74.83991900807175,11.457753996527046,60317.460317460325,0.0,317.4603174603253,0.0,34.582593659693075,49.16477577086184,6293.419860078464,11280.94917506463,36458454.74102873,67164966.4947706,180
60000.0,iir_o6_bw3000,6,3000.0,19.2487624289056,18.245253219947728,38.166178587085255,35.482624647830555,27.312779839965458,26.284104935611783,1.4225870673335481,0.14034412197289337,1.0049252122748802,0.026872508907576184,32.166666666666664,28.818348438172354,31.166666666666668,28.818348438172354,-3.0325411336146906,2.8740648985815884,215.4611111111111,78.80180668099369,107.73055555555555,39.400903340496846,40356757.9772062,74184397.40530156,3019.989471123373,4375.194240742757,17355.029351267865,34791.08511622182,39.700917536091254,4.1773251384107875,40356757.9772062,74184397.40530156,3002.45466076189,4350.441134996161,17532.09558962481,35561.1895923444,79.45593852226772,8.360053034910447,60317.460317460325,0.0,317.4603174603253,0.0,17.534810361482794,26.15319859277138,3002.45466076189,4350.441134996161,40356757.9772062,74184397.40530156,180
60000.0,iir_o7_bw3000,7,3000.0,19.293887944768738,18.28980389479352,38.234522006909216,35.55310925373298,27.390302542237677,26.35982281040576,1.420634335840437,0.13877869422513073,1.0047442555357429,0.026146133782421338,32.31666666666667,29.059652575714473,31.316666666666666,29.059652575714477,-3.047883331606683,2.898313896915249,215.6,78.93046228861816,107.8,39.46523114430908,40527824.398017615,74508807.04762144,3082.2066175089585,4471.084788290347,16930.441735001175,33467.02607020907,39.62728736946606,4.15943118691359,40527824.398017615,74508807.04762144,3064.398578026647,4445.849037448336,17097.80248795413,34180.01529564739,79.30822985610455,8.323758594680259,60317.460317460325,0.0,317.4603174603253,0.0,17.80803948231156,26.588510956098048,3064.398578026647,4445.849037448336,40527824.398017615,74508807.04762144,180
60000.0,iir_o8_bw3000,8,3000.0,19.322578828774486,18.319376560811097,38.26876638058334,35.586963536714855,27.440133305936868,26.414902265542295,1.4191515268026553,0.13839177359505164,1.004553722925087,0.025293518008768678,32.53333333333333,29.448828831603343,31.533333333333335,29.448828831603343,-3.0698292656956974,2.937370373188584,213.81666666666666,82.25552739913287,106.90833333333333,41.12776369956644,40631038.28873828,74706344.09695189,3127.198605870303,4542.1180179107705,16589.56896547692,32091.0745330165,39.57294347372374,4.147415841535077,40631038.28873828,74706344.09695189,3109.1848279873348,4516.503727064868,16746.80349794528,32739.31444503044,79.1991397361331,8.299050052155524,60317.460317460325,0.0,317.4603174603253,0.0,18.01377788296775,26.923681265360987,3109.1848279873348,4516.503727064868,40631038.28873828,74706344.09695189,180
60000.0,iir_o2_bw2500,2,2500.0,17.055977684249687,16.318419700406523,32.828859702889325,30.54464550708659,24.71245257007538,23.945052278509955,1.3628425276289953,0.1552486444444171,1.0100023250976353,0.04715357905655121,33.583333333333336,26.68413941069462,32.583333333333336,26.68413941069462,-3.1838949087107142,2.6613183419334154,208.29444444444445,90.57739659226606,104.14722222222223,45.28869829613303,32213421.422666702,59132591.184749596,2987.7665694403927,5088.594032703182,27157.111394969084,84237.83651053187,39.762179556443144,5.025001541941403,32213421.422666702,59132591.184749596,2968.9207913588766,5067.297621968568,28441.825799053706,88440.45636625792,79.65706286411711,10.192029426022566,60317.460317460325,0.0,317.4603174603253,0.0,18.845778081515817,27.056977797620885,2968.9207913588766,5067.297621968568,32213421.422666702,59132591.184749596,180
60000.0,iir_o3_bw2500,3,2500.0,17.544516315204564,16.758416729910394,33.65613099345198,31.23729291609095,25.383956542534982,24.507321717951932,1.3546716063626687,0.14974116733814327,1.0085870815886657,0.03589697889323489,34.794444444444444,27.874959673237306,33.794444444444444,27.874959673237306,-3.306554883159094,2.7796312779260037,209.92777777777778,91.09360589053597,104.96388888888889,45.546802945267984,34068005.40199791,62210504.388867624,2430.9362263643948,3593.652532734153,17570.173021442628,35766.16451235697,39.90694154081576,4.00302626320266,34068005.40199791,62210504.388867624,2416.7994466310847,3572.965861628981,17734.298968389554,36448.192031560706,79.86827175231254,8.008594910953914,60317.460317460325,0.0,317.4603174603253,0.0,14.136779733309847,21.681682388007758,2416.7994466310847,3572.965861628981,34068005.40199791,62210504.388867624,180
60000.0,iir_o4_bw2500,4,2500.0,17.769127945740415,16.949063607466563,33.973363650856086,31.466787458728305,25.75403359502932,24.8223443625471,1.3472295343607734,0.1505319135556022,1.0076620137125227,0.031312811840647194,35.69444444444444,28.329485443609624,34.69444444444444,28.329485443609617,-3.3980486312797615,2.8246667997036536,210.10555555555555,94.55650654427349,105.05277777777778,47.278253272136745,34899789.8484679,63486507.9034164,2650.2085523961523,3924.0833787244264,16683.080369568183,32742.74768088096,39.673620744027126,4.058251132264687,34899789.8484679,63486507.9034164,2635.2071239641073,3901.9881573040875,16828.22842856561,33307.27765544998,79.40016292474542,8.119006374769866,60317.460317460325,0.0,317.4603174603253,0.0,15.001428432045138,23.127638712566323,2635.2071239641073,3901.9881573040875,34899789.8484679,63486507.9034164,180
60000.0,iir_o5_bw2500,5,2500.0,17.889440552754497,17.043157479538383,34.12648131554877,31.5519587182449,25.970284446756814,25.004834967379,1.3424882274029242,0.15323314374834138,1.007051304953977,0.029759861964283253,35.955555555555556,28.616872434942813,34.955555555555556,28.616872434942817,-3.4251617154808205,2.8528477945013684,210.47222222222223,95.37567183069821,105.23611111111111,47.687835915349105,35334188.55204491,64091599.44595523,2784.0551986745436,4129.3445632605435,16166.173242642004,32009.960143807806,39.53415038944345,4.05194320577747,35334188.55204491,64091599.44595523,2768.5029445997247,4106.3973415804285,16306.404371014189,32558.89487693052,79.12068209733334,8.106534642561403,60317.460317460325,0.0,317.4603174603253,0.0,15.55225407481867,23.987718150863515,2768.5029445997247,4106.3973415804285,35334188.55204491,64091599.44595523,180
60000.0,iir_o6_bw2500,6,2500.0,17.961938804779365,17.093341402965223,34.21829144957849,31.586286479134237,26.09964308436005,25.10499556740521,1.3397719625475357,0.1557965927533423,1.0066007506092456,0.029210675654195866,36.17777777777778,28.82991066972085,35.17777777777778,28.82991066972085,-3.447997940086494,2.87422279317708,214.58333333333334,94.70789405076394,107.29166666666667,47.35394702538197,35591994.48042312,64410559.44829335,2867.880815552381,4257.772078048665,15912.395870520555,31984.564556241392,39.4494819671532,4.050843084208888,35591994.48042312,64410559.44829335,2851.9880282065164,4234.321788982002,16052.50938632301,32544.28782372195,78.95109313851913,8.104669294481873,60317.460317460325,0.0,317.4603174603253,0.0,15.892787345865077,24.50484433295415,2851.9880282065164,4234.321788982002,35591994.48042312,64410559.44829335,180
60000.0,iir_o8_bw2500,8,2500.0,18.045785571979625,17.139091540554986,34.344827829795264,31.60363921541014,26.238162893076066,25.19577705529957,1.3383487919518173,0.1599672437983917,1.006324642392843,0.028456522164457217,36.327777777777776,28.857738242742702,35.327777777777776,28.8577382427427,-3.4633764656671895,2.8767428209945485,216.29444444444445,94.57435945418864,108.14722222222223,47.28717972709432,35894485.50745194,64724017.97005179,2960.1448207632848,4401.690198003639,15827.643485611334,33128.99628639439,39.366033970777,4.061790516809395,35894485.50745194,64724017.97005179,2943.8968704354193,4377.753546578689,15975.782164598875,33756.37900371957,78.78412268228713,8.12768883476765,60317.460317460325,0.0,317.4603174603253,0.0,16.247950327865745,25.034175189406906,2943.8968704354193,4377.753546578689,35894485.50745194,64724017.97005179,180
60000.0,iir_o7_bw2500,7,2500.0,18.010265435472384,17.121709439482647,34.287709466489574,31.599190428902254,26.185552052924876,25.16369560266981,1.3384714989221393,0.15791788081938138,1.0064507399750444,0.02882701437308892,36.34444444444444,28.828780277967574,35.34444444444444,28.828780277967574,-3.464961891486571,2.8741001552241623,216.33333333333334,94.09094613857062,108.16666666666667,47.04547306928531,35765275.48782595,64599135.15919991,2923.5948583358,4342.739889009143,15825.196365955739,32478.621544616963,39.396995381798554,4.054705325759873,35765275.48782595,64599135.15919991,2907.485567874973,4318.994748982734,15968.538516829207,33068.29814447612,78.8460354073676,8.112921096231025,60317.460317460325,0.0,317.4603174603253,0.0,16.109290460826983,24.820195046209957,2907.485567874973,4318.994748982734,35765275.48782595,64599135.15919991,180
