file,object,distance_cm,trial,nominal_hz,peak_hz,offset_hz
100cm_-10Grad.pickle,Box,100,0,40000,42134.462998139476,2134.4629981394755
100cm_-10Grad.pickle,Box,100,0,50000,50306.66625949984,306.66625949984154
100cm_-10Grad.pickle,Box,100,0,60000,57609.07541027068,-2390.924589729322
100cm_-10Grad.pickle,Box,100,1,40000,42356.48674092625,2356.4867409262515
100cm_-10Grad.pickle,Box,100,1,50000,50169.193830269156,169.19383026915602
100cm_-10Grad.pickle,Box,100,1,60000,57408.026922831064,-2591.9730771689356
100cm_-10Grad.pickle,Box,100,2,40000,42261.46483755245,2261.4648375524484
100cm_-10Grad.pickle,Box,100,2,50000,50195.52868251677,195.52868251677137
100cm_-10Grad.pickle,Box,100,2,60000,57529.93372045754,-2470.066279542458
100cm_-10Grad.pickle,Box,100,3,40000,42229.98497460382,2229.9849746038235
100cm_-10Grad.pickle,Box,100,3,50000,50216.908181403625,216.90818140362535
100cm_-10Grad.pickle,Box,100,3,60000,57577.16094197802,-2422.8390580219784
100cm_-10Grad.pickle,Box,100,4,40000,42317.824294157566,2317.8242941575663
100cm_-10Grad.pickle,Box,100,4,50000,50147.86405182904,147.86405182904127
100cm_-10Grad.pickle,Box,100,4,60000,57466.40630571265,-2533.5936942873523
100cm_-10Grad.pickle,Box,100,5,40000,42041.68469207808,2041.6846920780808
100cm_-10Grad.pickle,Box,100,5,50000,50035.07467827765,35.07467827764776
100cm_-10Grad.pickle,Box,100,5,60000,57716.1084632082,-2283.8915367918016
100cm_-10Grad.pickle,Box,100,6,40000,41999.11271518593,1999.1127151859328
100cm_-10Grad.pickle,Box,100,6,50000,50029.37918670493,29.379186704929452
100cm_-10Grad.pickle,Box,100,6,60000,57783.20588239402,-2216.794117605983
100cm_-10Grad.pickle,Box,100,7,40000,42110.808431341604,2110.808431341604
100cm_-10Grad.pickle,Box,100,7,50000,49997.900335724175,-2.0996642758254893
100cm_-10Grad.pickle,Box,100,7,60000,57707.107672518934,-2292.892327481066
100cm_-10Grad.pickle,Box,100,8,40000,42902.583706939506,2902.5837069395056
100cm_-10Grad.pickle,Box,100,8,50000,50518.63935043818,518.6393504381776
100cm_-10Grad.pickle,Box,100,8,60000,57556.551651951806,-2443.448348048194
100cm_-10Grad.pickle,Box,100,9,40000,42318.53424479104,2318.534244791037
100cm_-10Grad.pickle,Box,100,9,50000,50257.4208912294,257.42089122939797
100cm_-10Grad.pickle,Box,100,9,60000,57590.857013634304,-2409.142986365696
100cm_-10Grad.pickle,Box,100,10,40000,42223.11776814516,2223.117768145159
100cm_-10Grad.pickle,Box,100,10,50000,50036.36716214913,36.36716214913031
100cm_-10Grad.pickle,Box,100,10,60000,57608.98854382657,-2391.01145617343
100cm_-10Grad.pickle,Box,100,11,40000,42204.21917778544,2204.2191777854387
100cm_-10Grad.pickle,Box,100,11,50000,50117.04039897671,117.04039897670737
100cm_-10Grad.pickle,Box,100,11,60000,57651.9998138076,-2348.000186192403
100cm_-10Grad.pickle,Box,100,12,40000,42586.87983508171,2586.8798350817087
100cm_-10Grad.pickle,Box,100,12,50000,50396.87897275744,396.87897275744035
100cm_-10Grad.pickle,Box,100,12,60000,57494.14972480845,-2505.850275191551
100cm_-10Grad.pickle,Box,100,13,40000,42261.71180150721,2261.711801507212
100cm_-10Grad.pickle,Box,100,13,50000,50175.662398847155,175.6623988471547
100cm_-10Grad.pickle,Box,100,13,60000,57506.22539473232,-2493.774605267681
100cm_-10Grad.pickle,Box,100,14,40000,42019.910574217465,2019.9105742174652
100cm_-10Grad.pickle,Box,100,14,50000,50060.35870585978,60.35870585977682
100cm_-10Grad.pickle,Box,100,14,60000,57507.29803352603,-2492.701966473971
100cm_-10Grad.pickle,Box,100,15,40000,42191.972615386876,2191.972615386876
100cm_-10Grad.pickle,Box,100,15,50000,50072.13024754364,72.13024754363869
100cm_-10Grad.pickle,Box,100,15,60000,57442.83430653622,-2557.1656934637795
100cm_-10Grad.pickle,Box,100,16,40000,41936.73497050082,1936.7349705008164
100cm_-10Grad.pickle,Box,100,16,50000,49885.12892978541,-114.87107021459087
100cm_-10Grad.pickle,Box,100,16,60000,57527.828060279746,-2472.171939720254
100cm_-10Grad.pickle,Box,100,17,40000,41911.54648878452,1911.5464887845228
100cm_-10Grad.pickle,Box,100,17,50000,49827.03815806208,-172.9618419379185
100cm_-10Grad.pickle,Box,100,17,60000,57505.75929460368,-2494.240705396318
100cm_-10Grad.pickle,Box,100,18,40000,42156.93172516112,2156.931725161121
100cm_-10Grad.pickle,Box,100,18,50000,50063.98068676585,63.98068676584808
100cm_-10Grad.pickle,Box,100,18,60000,57615.05687802231,-2384.943121977689
100cm_-10Grad.pickle,Box,100,19,40000,42276.214842043315,2276.214842043315
100cm_-10Grad.pickle,Box,100,19,50000,50058.672398290364,58.67239829036407
100cm_-10Grad.pickle,Box,100,19,60000,57524.4349600989,-2475.565039901099
100cm_-5Grad.pickle,Box,100,0,40000,41631.901839956285,1631.9018399562847
100cm_-5Grad.pickle,Box,100,0,50000,49417.357332931206,-582.6426670687943
100cm_-5Grad.pickle,Box,100,0,60000,58631.922609928806,-1368.0773900711938
100cm_-5Grad.pickle,Box,100,1,40000,41690.42771484379,1690.4277148437905
100cm_-5Grad.pickle,Box,100,1,50000,49554.68293532571,-445.3170646742874
100cm_-5Grad.pickle,Box,100,1,60000,58629.7525109134,-1370.2474890865997
100cm_-5Grad.pickle,Box,100,2,40000,41588.31485823968,1588.3148582396825
100cm_-5Grad.pickle,Box,100,2,50000,49520.4394190407,-479.5605809593035
100cm_-5Grad.pickle,Box,100,2,60000,58737.2923100401,-1262.7076899598978
100cm_-5Grad.pickle,Box,100,3,40000,41690.73190586075,1690.7319058607536
100cm_-5Grad.pickle,Box,100,3,50000,49507.60253502737,-492.3974649726297
100cm_-5Grad.pickle,Box,100,3,60000,58689.96579698896,-1310.0342030110405
100cm_-5Grad.pickle,Box,100,4,40000,41619.94494976594,1619.944949765937
100cm_-5Grad.pickle,Box,100,4,50000,49536.342271277994,-463.65772872200614
100cm_-5Grad.pickle,Box,100,4,60000,58599.25955988647,-1400.7404401135282
100cm_-5Grad.pickle,Box,100,5,40000,41782.49392430277,1782.4939243027693
100cm_-5Grad.pickle,Box,100,5,50000,49605.3407465779,-394.6592534220981
100cm_-5Grad.pickle,Box,100,5,60000,58442.58542573184,-1557.4145742681576
100cm_-5Grad.pickle,Box,100,6,40000,41627.543378393566,1627.543378393566
100cm_-5Grad.pickle,Box,100,6,50000,49513.570816788655,-486.42918321134493
100cm_-5Grad.pickle,Box,100,6,60000,58548.54178787462,-1451.458212125377
100cm_-5Grad.pickle,Box,100,7,40000,41572.21790181805,1572.2179018180468
100cm_-5Grad.pickle,Box,100,7,50000,49314.04039543778,-685.9596045622166
100cm_-5Grad.pickle,Box,100,7,60000,58339.239514773595,-1660.7604852264049
100cm_-5Grad.pickle,Box,100,8,40000,41562.9223709304,1562.9223709303988
100cm_-5Grad.pickle,Box,100,8,50000,48976.3382694712,-1023.6617305288019
100cm_-5Grad.pickle,Box,100,8,60000,57985.82957521685,-2014.1704247831512
100cm_-5Grad.pickle,Box,100,9,40000,41608.08634937388,1608.0863493738798
100cm_-5Grad.pickle,Box,100,9,50000,49161.381505191464,-838.6184948085356
100cm_-5Grad.pickle,Box,100,9,60000,57998.8824705149,-2001.1175294850982
100cm_-5Grad.pickle,Box,100,10,40000,41524.09308080924,1524.093080809238
100cm_-5Grad.pickle,Box,100,10,50000,49064.9905386597,-935.009461340298
100cm_-5Grad.pickle,Box,100,10,60000,58235.91098111294,-1764.0890188870617
100cm_-5Grad.pickle,Box,100,11,40000,41706.79413965067,1706.7941396506722
100cm_-5Grad.pickle,Box,100,11,50000,49273.0866933757,-726.9133066243012
100cm_-5Grad.pickle,Box,100,11,60000,58096.98495305832,-1903.0150469416767
100cm_-5Grad.pickle,Box,100,12,40000,41800.20250902041,1800.2025090204115
100cm_-5Grad.pickle,Box,100,12,50000,49323.24714625509,-676.7528537449107
100cm_-5Grad.pickle,Box,100,12,60000,58096.98548840681,-1903.0145115931882
100cm_-5Grad.pickle,Box,100,13,40000,41898.43431854396,1898.4343185439575
100cm_-5Grad.pickle,Box,100,13,50000,49408.21786939257,-591.7821306074329
100cm_-5Grad.pickle,Box,100,13,60000,57979.10813765166,-2020.8918623483405
100cm_-5Grad.pickle,Box,100,14,40000,41844.03071823505,1844.0307182350516
100cm_-5Grad.pickle,Box,100,14,50000,49369.95462227701,-630.0453777229923
100cm_-5Grad.pickle,Box,100,14,60000,58075.78092207255,-1924.2190779274533
100cm_-5Grad.pickle,Box,100,15,40000,41739.26826480343,1739.2682648034315
100cm_-5Grad.pickle,Box,100,15,50000,49452.53383068401,-547.4661693159869
100cm_-5Grad.pickle,Box,100,15,60000,58243.8817944998,-1756.118205500199
100cm_-5Grad.pickle,Box,100,16,40000,41835.100439631315,1835.1004396313147
100cm_-5Grad.pickle,Box,100,16,50000,49382.278710785744,-617.7212892142561
100cm_-5Grad.pickle,Box,100,16,60000,58009.615126474615,-1990.384873525385
100cm_-5Grad.pickle,Box,100,17,40000,41858.62501753864,1858.6250175386376
100cm_-5Grad.pickle,Box,100,17,50000,49301.79828950631,-698.2017104936895
100cm_-5Grad.pickle,Box,100,17,60000,58108.18364014934,-1891.816359850658
100cm_-5Grad.pickle,Box,100,18,40000,41712.30756528873,1712.3075652887273
100cm_-5Grad.pickle,Box,100,18,50000,49244.457244246514,-755.5427557534858
100cm_-5Grad.pickle,Box,100,18,60000,58094.70738196215,-1905.292618037849
100cm_-5Grad.pickle,Box,100,19,40000,41647.64848743982,1647.648487439823
100cm_-5Grad.pickle,Box,100,19,50000,49268.913277837055,-731.0867221629451
100cm_-5Grad.pickle,Box,100,19,60000,58447.04801511503,-1552.9519848849668
100cm_0Grad.pickle,Box,100,0,40000,40727.135329418146,727.1353294181463
100cm_0Grad.pickle,Box,100,0,50000,49382.84628323597,-617.1537167640272
100cm_0Grad.pickle,Box,100,0,60000,59095.143133219586,-904.8568667804138
100cm_0Grad.pickle,Box,100,1,40000,40863.56426272039,863.5642627203924
100cm_0Grad.pickle,Box,100,1,50000,49417.919330292796,-582.0806697072039
100cm_0Grad.pickle,Box,100,1,60000,58910.22866212917,-1089.7713378708286
100cm_0Grad.pickle,Box,100,2,40000,40685.822061323845,685.8220613238445
100cm_0Grad.pickle,Box,100,2,50000,49373.262149131704,-626.7378508682959
100cm_0Grad.pickle,Box,100,2,60000,59261.92814611607,-738.0718538839283
100cm_0Grad.pickle,Box,100,3,40000,40733.28540669023,733.2854066902291
100cm_0Grad.pickle,Box,100,3,50000,49402.94091988737,-597.0590801126309
100cm_0Grad.pickle,Box,100,3,60000,59248.16617193122,-751.8338280687822
100cm_0Grad.pickle,Box,100,4,40000,40705.41280867,705.4128086700002
100cm_0Grad.pickle,Box,100,4,50000,49458.35164579303,-541.6483542069691
100cm_0Grad.pickle,Box,100,4,60000,59204.912064202166,-795.0879357978338
100cm_0Grad.pickle,Box,100,5,40000,40592.56219369449,592.5621936944881
100cm_0Grad.pickle,Box,100,5,50000,49402.88465431848,-597.1153456815227
100cm_0Grad.pickle,Box,100,5,60000,59454.623760866634,-545.3762391333657
100cm_0Grad.pickle,Box,100,6,40000,40676.18394613382,676.1839461338168
100cm_0Grad.pickle,Box,100,6,50000,49578.72778769022,-421.2722123097774
100cm_0Grad.pickle,Box,100,6,60000,59289.09298797817,-710.9070120218312
100cm_0Grad.pickle,Box,100,7,40000,40540.338711824275,540.3387118242754
100cm_0Grad.pickle,Box,100,7,50000,49265.82213418494,-734.1778658150579
100cm_0Grad.pickle,Box,100,7,60000,59605.57094783059,-394.4290521694129
100cm_0Grad.pickle,Box,100,8,40000,40327.72906842208,327.72906842207885
100cm_0Grad.pickle,Box,100,8,50000,48464.470127867986,-1535.5298721320141
100cm_0Grad.pickle,Box,100,8,60000,59874.111076116234,-125.88892388376553
100cm_0Grad.pickle,Box,100,9,40000,40314.99232195394,314.9923219539414
100cm_0Grad.pickle,Box,100,9,50000,49052.59521280208,-947.4047871979201
100cm_0Grad.pickle,Box,100,9,60000,59790.64064265087,-209.35935734913073
100cm_0Grad.pickle,Box,100,10,40000,40430.40254434837,430.4025443483697
100cm_0Grad.pickle,Box,100,10,50000,49003.10041692856,-996.8995830714412
100cm_0Grad.pickle,Box,100,10,60000,59769.081951494496,-230.91804850550398
100cm_0Grad.pickle,Box,100,11,40000,40459.264293424014,459.2642934240139
100cm_0Grad.pickle,Box,100,11,50000,48821.60643497563,-1178.393565024373
100cm_0Grad.pickle,Box,100,11,60000,59700.961745273555,-299.0382547264453
100cm_0Grad.pickle,Box,100,12,40000,40451.630664057986,451.630664057986
100cm_0Grad.pickle,Box,100,12,50000,49165.54344798015,-834.4565520198521
100cm_0Grad.pickle,Box,100,12,60000,59587.34065819225,-412.6593418077464
100cm_0Grad.pickle,Box,100,13,40000,40475.94561086155,475.94561086154863
100cm_0Grad.pickle,Box,100,13,50000,49300.679815083415,-699.3201849165853
100cm_0Grad.pickle,Box,100,13,60000,59563.41577796084,-436.5842220391569
100cm_0Grad.pickle,Box,100,14,40000,40388.07248869323,388.0724886932294
100cm_0Grad.pickle,Box,100,14,50000,48888.13079697041,-1111.8692030295933
100cm_0Grad.pickle,Box,100,14,60000,59802.223467376985,-197.77653262301465
100cm_0Grad.pickle,Box,100,15,40000,40445.991311884754,445.9913118847544
100cm_0Grad.pickle,Box,100,15,50000,49141.960286502006,-858.039713497994
100cm_0Grad.pickle,Box,100,15,60000,59696.710210285295,-303.28978971470497
100cm_0Grad.pickle,Box,100,16,40000,40470.947444185156,470.9474441851562
100cm_0Grad.pickle,Box,100,16,50000,48718.60810647662,-1281.3918935233814
100cm_0Grad.pickle,Box,100,16,60000,59699.12932216856,-300.8706778314372
100cm_0Grad.pickle,Box,100,17,40000,40399.66642769109,399.66642769108876
100cm_0Grad.pickle,Box,100,17,50000,48528.208131849,-1471.7918681509982
100cm_0Grad.pickle,Box,100,17,60000,59777.35350502909,-222.6464949709116
100cm_0Grad.pickle,Box,100,18,40000,40465.6918020238,465.69180202380085
100cm_0Grad.pickle,Box,100,18,50000,48322.86144791777,-1677.1385520822296
100cm_0Grad.pickle,Box,100,18,60000,59824.02805749528,-175.9719425047224
100cm_0Grad.pickle,Box,100,19,40000,40438.49893504867,438.49893504867214
100cm_0Grad.pickle,Box,100,19,50000,48145.18296990204,-1854.8170300979618
100cm_0Grad.pickle,Box,100,19,60000,59698.804779163904,-301.19522083609627
100cm_10Grad.pickle,Box,100,0,40000,43714.321284423786,3714.321284423786
100cm_10Grad.pickle,Box,100,0,50000,53094.56389914382,3094.5638991438173
100cm_10Grad.pickle,Box,100,0,60000,58753.873200269736,-1246.1267997302639
100cm_10Grad.pickle,Box,100,1,40000,43645.64977549199,3645.649775491991
100cm_10Grad.pickle,Box,100,1,50000,52704.31608572028,2704.316085720282
100cm_10Grad.pickle,Box,100,1,60000,58648.97038500906,-1351.029614990941
100cm_10Grad.pickle,Box,100,2,40000,43921.95752504228,3921.9575250422786
100cm_10Grad.pickle,Box,100,2,50000,52654.65806286751,2654.6580628675074
100cm_10Grad.pickle,Box,100,2,60000,58575.23565737584,-1424.764342624163
100cm_10Grad.pickle,Box,100,3,40000,43868.8303785926,3868.8303785925964
100cm_10Grad.pickle,Box,100,3,50000,52795.05977061743,2795.0597706174303
100cm_10Grad.pickle,Box,100,3,60000,58585.59046072342,-1414.4095392765812
100cm_10Grad.pickle,Box,100,4,40000,43986.20770243751,3986.2077024375103
100cm_10Grad.pickle,Box,100,4,50000,52685.93295106847,2685.9329510684693
100cm_10Grad.pickle,Box,100,4,60000,58572.56044349104,-1427.439556508958
100cm_10Grad.pickle,Box,100,5,40000,43738.783120991524,3738.783120991524
100cm_10Grad.pickle,Box,100,5,50000,52669.25263169685,2669.2526316968506
100cm_10Grad.pickle,Box,100,5,60000,58565.60209242811,-1434.397907571889
100cm_10Grad.pickle,Box,100,6,40000,43737.59371205251,3737.5937120525123
100cm_10Grad.pickle,Box,100,6,50000,52848.310628656305,2848.310628656305
100cm_10Grad.pickle,Box,100,6,60000,58652.73100012227,-1347.2689998777278
100cm_10Grad.pickle,Box,100,7,40000,43812.0086827271,3812.0086827271007
100cm_10Grad.pickle,Box,100,7,50000,52777.45764724631,2777.4576472463086
100cm_10Grad.pickle,Box,100,7,60000,58608.712425256475,-1391.2875747435246
100cm_10Grad.pickle,Box,100,8,40000,43982.426636280295,3982.4266362802955
100cm_10Grad.pickle,Box,100,8,50000,52827.40378408371,2827.403784083712
100cm_10Grad.pickle,Box,100,8,60000,58618.03903330067,-1381.9609666993274
100cm_10Grad.pickle,Box,100,9,40000,44414.28492203308,4414.284922033083
100cm_10Grad.pickle,Box,100,9,50000,52931.537680616406,2931.537680616406
100cm_10Grad.pickle,Box,100,9,60000,58585.022301832636,-1414.977698167364
100cm_10Grad.pickle,Box,100,10,40000,44212.31746457881,4212.317464578809
100cm_10Grad.pickle,Box,100,10,50000,52788.38852920839,2788.388529208387
100cm_10Grad.pickle,Box,100,10,60000,58535.342005181104,-1464.6579948188955
100cm_10Grad.pickle,Box,100,11,40000,43686.508902943206,3686.5089029432056
100cm_10Grad.pickle,Box,100,11,50000,52907.684181247816,2907.684181247816
100cm_10Grad.pickle,Box,100,11,60000,58710.96076534304,-1289.039234656957
100cm_10Grad.pickle,Box,100,12,40000,44009.00902492653,4009.0090249265268
100cm_10Grad.pickle,Box,100,12,50000,52885.332137373676,2885.3321373736762
100cm_10Grad.pickle,Box,100,12,60000,58629.09661922502,-1370.9033807749802
100cm_10Grad.pickle,Box,100,13,40000,43885.35556073901,3885.355560739008
100cm_10Grad.pickle,Box,100,13,50000,52989.123988726,2989.1239887260017
100cm_10Grad.pickle,Box,100,13,60000,58681.26974000974,-1318.7302599902614
100cm_10Grad.pickle,Box,100,14,40000,44338.216894427955,4338.216894427955
100cm_10Grad.pickle,Box,100,14,50000,53012.071322626834,3012.0713226268344
100cm_10Grad.pickle,Box,100,14,60000,58633.82295620092,-1366.177043799078
100cm_10Grad.pickle,Box,100,15,40000,44403.53454189902,4403.534541899018
100cm_10Grad.pickle,Box,100,15,50000,53103.96908633918,3103.9690863391806
100cm_10Grad.pickle,Box,100,15,60000,58658.27577464085,-1341.7242253591467
100cm_10Grad.pickle,Box,100,16,40000,43974.588097140964,3974.5880971409642
100cm_10Grad.pickle,Box,100,16,50000,53008.252902146865,3008.2529021468654
100cm_10Grad.pickle,Box,100,16,60000,58657.40585436905,-1342.594145630952
100cm_10Grad.pickle,Box,100,17,40000,44087.33240079877,4087.3324007987685
100cm_10Grad.pickle,Box,100,17,50000,53128.47815336124,3128.4781533612404
100cm_10Grad.pickle,Box,100,17,60000,58683.265597581354,-1316.734402418646
100cm_10Grad.pickle,Box,100,18,40000,43664.755072897446,3664.7550728974456
100cm_10Grad.pickle,Box,100,18,50000,53072.24054350745,3072.240543507447
100cm_10Grad.pickle,Box,100,18,60000,58724.261379297546,-1275.7386207024538
100cm_10Grad.pickle,Box,100,19,40000,43460.14293110146,3460.142931101458
100cm_10Grad.pickle,Box,100,19,50000,53187.595824850854,3187.595824850854
100cm_10Grad.pickle,Box,100,19,60000,58817.73951250505,-1182.2604874949466
100cm_5Grad.pickle,Box,100,0,40000,42407.387734725446,2407.3877347254456
100cm_5Grad.pickle,Box,100,0,50000,52079.98560469016,2079.9856046901623
100cm_5Grad.pickle,Box,100,0,60000,59043.11684589315,-956.8831541068503
100cm_5Grad.pickle,Box,100,1,40000,42823.111130059515,2823.111130059515
100cm_5Grad.pickle,Box,100,1,50000,51982.84643270527,1982.8464327052716
100cm_5Grad.pickle,Box,100,1,60000,58888.18725158608,-1111.8127484139186
100cm_5Grad.pickle,Box,100,2,40000,42230.425333235355,2230.4253332353546
100cm_5Grad.pickle,Box,100,2,50000,51982.170906567364,1982.170906567364
100cm_5Grad.pickle,Box,100,2,60000,58930.60461139407,-1069.3953886059317
100cm_5Grad.pickle,Box,100,3,40000,42391.928541970155,2391.9285419701555
100cm_5Grad.pickle,Box,100,3,50000,50539.110672942705,539.1106729427047
100cm_5Grad.pickle,Box,100,3,60000,58591.019543412454,-1408.9804565875456
100cm_5Grad.pickle,Box,100,4,40000,41893.22535815513,1893.2253581551267
100cm_5Grad.pickle,Box,100,4,50000,50079.710376309595,79.71037630959472
100cm_5Grad.pickle,Box,100,4,60000,58459.36151257696,-1540.6384874230425
100cm_5Grad.pickle,Box,100,5,40000,41765.83118926323,1765.8311892632264
100cm_5Grad.pickle,Box,100,5,50000,50075.89632527089,75.8963252708927
100cm_5Grad.pickle,Box,100,5,60000,58609.30064322318,-1390.6993567768222
100cm_5Grad.pickle,Box,100,6,40000,42063.18596705777,2063.1859670577687
100cm_5Grad.pickle,Box,100,6,50000,50109.48570062329,109.48570062329236
100cm_5Grad.pickle,Box,100,6,60000,58426.10329952853,-1573.8967004714723
100cm_5Grad.pickle,Box,100,7,40000,41853.5419537458,1853.5419537458001
100cm_5Grad.pickle,Box,100,7,50000,50124.81719516351,124.81719516350859
100cm_5Grad.pickle,Box,100,7,60000,58457.052998671694,-1542.9470013283062
100cm_5Grad.pickle,Box,100,8,40000,41644.994884806896,1644.9948848068962
100cm_5Grad.pickle,Box,100,8,50000,50361.840484911285,361.8404849112849
100cm_5Grad.pickle,Box,100,8,60000,58848.84071752163,-1151.159282478373
100cm_5Grad.pickle,Box,100,9,40000,41893.28399680155,1893.283996801547
100cm_5Grad.pickle,Box,100,9,50000,51098.172123285156,1098.172123285156
100cm_5Grad.pickle,Box,100,9,60000,58935.12731418315,-1064.872685816852
100cm_5Grad.pickle,Box,100,10,40000,41862.13172021684,1862.131720216843
100cm_5Grad.pickle,Box,100,10,50000,50164.48317509587,164.48317509586923
100cm_5Grad.pickle,Box,100,10,60000,58519.07463336611,-1480.9253666338918
100cm_5Grad.pickle,Box,100,11,40000,41993.71277500773,1993.712775007727
100cm_5Grad.pickle,Box,100,11,50000,50715.98922218503,715.9892221850314
100cm_5Grad.pickle,Box,100,11,60000,58674.76352422704,-1325.2364757729592
100cm_5Grad.pickle,Box,100,12,40000,41811.8976382665,1811.8976382664987
100cm_5Grad.pickle,Box,100,12,50000,50998.48469864045,998.4846986404518
100cm_5Grad.pickle,Box,100,12,60000,58896.54511925589,-1103.4548807441097
100cm_5Grad.pickle,Box,100,13,40000,42193.553270990174,2193.5532709901745
100cm_5Grad.pickle,Box,100,13,50000,50422.70309721131,422.70309721131343
100cm_5Grad.pickle,Box,100,13,60000,58476.104663714716,-1523.8953362852844
100cm_5Grad.pickle,Box,100,14,40000,41923.76085710472,1923.7608571047167
100cm_5Grad.pickle,Box,100,14,50000,50509.06030350454,509.0603035045424
100cm_5Grad.pickle,Box,100,14,60000,58713.44108642724,-1286.5589135727569
100cm_5Grad.pickle,Box,100,15,40000,42222.13725429364,2222.137254293637
100cm_5Grad.pickle,Box,100,15,50000,50731.06846186072,731.0684618607193
100cm_5Grad.pickle,Box,100,15,60000,58610.63391782668,-1389.366082173321
100cm_5Grad.pickle,Box,100,16,40000,41932.74239159914,1932.7423915991385
100cm_5Grad.pickle,Box,100,16,50000,50390.509608545784,390.50960854578443
100cm_5Grad.pickle,Box,100,16,60000,58548.47608582275,-1451.5239141772472
100cm_5Grad.pickle,Box,100,17,40000,41970.75753364456,1970.7575336445589
100cm_5Grad.pickle,Box,100,17,50000,50834.687395629335,834.6873956293348
100cm_5Grad.pickle,Box,100,17,60000,58771.43750242026,-1228.56249757974
100cm_5Grad.pickle,Box,100,18,40000,42146.020023985504,2146.020023985504
100cm_5Grad.pickle,Box,100,18,50000,50811.07059259823,811.0705925982329
100cm_5Grad.pickle,Box,100,18,60000,58664.818335936616,-1335.1816640633842
100cm_5Grad.pickle,Box,100,19,40000,41624.84102610145,1624.8410261014506
100cm_5Grad.pickle,Box,100,19,50000,50710.08958567478,710.0895856747811
100cm_5Grad.pickle,Box,100,19,60000,58925.979314604745,-1074.020685395255
125cm_-10Grad.pickle,Box,125,0,40000,41931.62460653045,1931.6246065304513
125cm_-10Grad.pickle,Box,125,0,50000,50665.076718920805,665.0767189208054
125cm_-10Grad.pickle,Box,125,0,60000,58478.69509811971,-1521.3049018802922
125cm_-10Grad.pickle,Box,125,1,40000,42170.83938630073,2170.8393863007295
125cm_-10Grad.pickle,Box,125,1,50000,50736.120884902964,736.1208849029645
125cm_-10Grad.pickle,Box,125,1,60000,58247.018466735615,-1752.9815332643848
125cm_-10Grad.pickle,Box,125,2,40000,41735.78117088662,1735.781170886621
125cm_-10Grad.pickle,Box,125,2,50000,50191.371746105324,191.37174610532384
125cm_-10Grad.pickle,Box,125,2,60000,58386.87549035649,-1613.1245096435086
125cm_-10Grad.pickle,Box,125,3,40000,41875.421210194654,1875.4212101946541
125cm_-10Grad.pickle,Box,125,3,50000,50396.316770523576,396.31677052357554
125cm_-10Grad.pickle,Box,125,3,60000,58317.79328790352,-1682.2067120964784
125cm_-10Grad.pickle,Box,125,4,40000,41913.167012035956,1913.1670120359558
125cm_-10Grad.pickle,Box,125,4,50000,50927.60302543297,927.6030254329671
125cm_-10Grad.pickle,Box,125,4,60000,58477.47155029648,-1522.5284497035173
125cm_-10Grad.pickle,Box,125,5,40000,42071.563183348226,2071.5631833482257
125cm_-10Grad.pickle,Box,125,5,50000,51132.496068910325,1132.4960689103245
125cm_-10Grad.pickle,Box,125,5,60000,58560.837549662974,-1439.1624503370258
125cm_-10Grad.pickle,Box,125,6,40000,42192.541467877796,2192.541467877796
125cm_-10Grad.pickle,Box,125,6,50000,50600.37560590229,600.3756059022926
125cm_-10Grad.pickle,Box,125,6,60000,58363.77320423475,-1636.2267957652512
125cm_-10Grad.pickle,Box,125,7,40000,42009.87148177032,2009.8714817703221
125cm_-10Grad.pickle,Box,125,7,50000,50831.0300820232,831.0300820232005
125cm_-10Grad.pickle,Box,125,7,60000,58474.76966943997,-1525.230330560029
125cm_-10Grad.pickle,Box,125,8,40000,42332.18314838857,2332.183148388569
125cm_-10Grad.pickle,Box,125,8,50000,51127.9830034292,1127.9830034292027
125cm_-10Grad.pickle,Box,125,8,60000,58780.861395212974,-1219.1386047870255
125cm_-10Grad.pickle,Box,125,9,40000,41864.86865673269,1864.8686567326877
125cm_-10Grad.pickle,Box,125,9,50000,50758.52909236983,758.5290923698267
125cm_-10Grad.pickle,Box,125,9,60000,58552.875430926535,-1447.124569073465
125cm_-10Grad.pickle,Box,125,10,40000,41890.98494909746,1890.9849490974593
125cm_-10Grad.pickle,Box,125,10,50000,50693.72473871445,693.7247387144525
125cm_-10Grad.pickle,Box,125,10,60000,58582.14685485347,-1417.8531451465315
125cm_-10Grad.pickle,Box,125,11,40000,41679.78347829355,1679.7834782935533
125cm_-10Grad.pickle,Box,125,11,50000,50463.82336001002,463.82336001002113
125cm_-10Grad.pickle,Box,125,11,60000,58517.56858590711,-1482.431414092891
125cm_-10Grad.pickle,Box,125,12,40000,41475.59350726157,1475.5935072615684
125cm_-10Grad.pickle,Box,125,12,50000,50017.12386101893,17.123861018932075
125cm_-10Grad.pickle,Box,125,12,60000,58379.51247338288,-1620.487526617122
125cm_-10Grad.pickle,Box,125,13,40000,41677.38079280268,1677.38079280268
125cm_-10Grad.pickle,Box,125,13,50000,50512.58274931231,512.582749312307
125cm_-10Grad.pickle,Box,125,13,60000,58501.51778438545,-1498.4822156145528
125cm_-10Grad.pickle,Box,125,14,40000,41713.42480161135,1713.4248016113488
125cm_-10Grad.pickle,Box,125,14,50000,50507.232562775556,507.2325627755563
125cm_-10Grad.pickle,Box,125,14,60000,58488.10367859235,-1511.8963214076502
125cm_-10Grad.pickle,Box,125,15,40000,41597.68338623565,1597.6833862356507
125cm_-10Grad.pickle,Box,125,15,50000,50261.941133716464,261.9411337164638
125cm_-10Grad.pickle,Box,125,15,60000,58455.18945084287,-1544.8105491571332
125cm_-10Grad.pickle,Box,125,16,40000,41722.85840152598,1722.8584015259767
125cm_-10Grad.pickle,Box,125,16,50000,50592.69063422285,592.6906342228467
125cm_-10Grad.pickle,Box,125,16,60000,58460.32835705916,-1539.6716429408407
125cm_-10Grad.pickle,Box,125,17,40000,41718.59178853333,1718.5917885333329
125cm_-10Grad.pickle,Box,125,17,50000,50300.69120600432,300.6912060043178
125cm_-10Grad.pickle,Box,125,17,60000,58371.621813531114,-1628.3781864688863
125cm_-10Grad.pickle,Box,125,18,40000,41612.90755100784,1612.90755100784
125cm_-10Grad.pickle,Box,125,18,50000,50380.96351267466,380.963512674658
125cm_-10Grad.pickle,Box,125,18,60000,58514.48578512812,-1485.5142148718805
125cm_-10Grad.pickle,Box,125,19,40000,41496.352602323765,1496.3526023237646
125cm_-10Grad.pickle,Box,125,19,50000,50108.004182607925,108.00418260792503
125cm_-10Grad.pickle,Box,125,19,60000,58459.02334226562,-1540.9766577343835
125cm_-5Grad.pickle,Box,125,0,40000,40849.77173905075,849.7717390507532
125cm_-5Grad.pickle,Box,125,0,50000,48684.74042259945,-1315.259577400553
125cm_-5Grad.pickle,Box,125,0,60000,59002.58219181251,-997.4178081874925
125cm_-5Grad.pickle,Box,125,1,40000,40691.73782659665,691.7378265966472
125cm_-5Grad.pickle,Box,125,1,50000,48593.722829320715,-1406.2771706792846
125cm_-5Grad.pickle,Box,125,1,60000,59651.85886828763,-348.14113171237113
125cm_-5Grad.pickle,Box,125,2,40000,40796.64293649992,796.6429364999203
125cm_-5Grad.pickle,Box,125,2,50000,49207.96407600562,-792.0359239943791
125cm_-5Grad.pickle,Box,125,2,60000,59224.78421507788,-775.2157849221185
125cm_-5Grad.pickle,Box,125,3,40000,40785.122294573855,785.1222945738555
125cm_-5Grad.pickle,Box,125,3,50000,49339.12389147094,-660.8761085290607
125cm_-5Grad.pickle,Box,125,3,60000,59099.62072883347,-900.3792711665301
125cm_-5Grad.pickle,Box,125,4,40000,40693.790592399826,693.790592399826
125cm_-5Grad.pickle,Box,125,4,50000,49186.94047525137,-813.0595247486272
125cm_-5Grad.pickle,Box,125,4,60000,59301.5293725064,-698.4706274936034
125cm_-5Grad.pickle,Box,125,5,40000,40761.415622976376,761.4156229763757
125cm_-5Grad.pickle,Box,125,5,50000,49384.11568016995,-615.8843198300528
125cm_-5Grad.pickle,Box,125,5,60000,59211.050348011966,-788.949651988034
125cm_-5Grad.pickle,Box,125,6,40000,40756.81758812255,756.817588122547
125cm_-5Grad.pickle,Box,125,6,50000,49144.47403948705,-855.5259605129468
125cm_-5Grad.pickle,Box,125,6,60000,59005.243531717264,-994.756468282736
125cm_-5Grad.pickle,Box,125,7,40000,40709.14475332388,709.1447533238825
125cm_-5Grad.pickle,Box,125,7,50000,48894.00830291121,-1105.9916970887934
125cm_-5Grad.pickle,Box,125,7,60000,59227.87454471792,-772.1254552820828
125cm_-5Grad.pickle,Box,125,8,40000,40715.07715624881,715.077156248808
125cm_-5Grad.pickle,Box,125,8,50000,48547.946239498095,-1452.0537605019053
125cm_-5Grad.pickle,Box,125,8,60000,59679.961471579794,-320.0385284202057
125cm_-5Grad.pickle,Box,125,9,40000,40612.90908693593,612.9090869359279
125cm_-5Grad.pickle,Box,125,9,50000,48375.46200300108,-1624.5379969989226
125cm_-5Grad.pickle,Box,125,9,60000,59566.3779834006,-433.62201659940183
125cm_-5Grad.pickle,Box,125,10,40000,40774.65536171311,774.6553617131067
125cm_-5Grad.pickle,Box,125,10,50000,48409.933777217804,-1590.0662227821958
125cm_-5Grad.pickle,Box,125,10,60000,59429.59540917242,-570.4045908275803
125cm_-5Grad.pickle,Box,125,11,40000,40699.99041923478,699.9904192347822
125cm_-5Grad.pickle,Box,125,11,50000,48316.64811622691,-1683.351883773088
125cm_-5Grad.pickle,Box,125,11,60000,59381.67384397195,-618.3261560280516
125cm_-5Grad.pickle,Box,125,12,40000,40756.94910090567,756.9491009056728
125cm_-5Grad.pickle,Box,125,12,50000,48782.64984074828,-1217.3501592517205
125cm_-5Grad.pickle,Box,125,12,60000,59133.459127345566,-866.5408726544338
125cm_-5Grad.pickle,Box,125,13,40000,40713.73718758486,713.7371875848621
125cm_-5Grad.pickle,Box,125,13,50000,48103.664729931785,-1896.3352700682153
125cm_-5Grad.pickle,Box,125,13,60000,59474.54130105994,-525.4586989400632
125cm_-5Grad.pickle,Box,125,14,40000,40763.80997496535,763.8099749653484
125cm_-5Grad.pickle,Box,125,14,50000,48243.66847367643,-1756.3315263235709
125cm_-5Grad.pickle,Box,125,14,60000,59325.26312695359,-674.7368730464077
125cm_-5Grad.pickle,Box,125,15,40000,40755.06004447352,755.0600444735173
125cm_-5Grad.pickle,Box,125,15,50000,48089.001494713964,-1910.9985052860357
125cm_-5Grad.pickle,Box,125,15,60000,59286.422630467816,-713.5773695321841
125cm_-5Grad.pickle,Box,125,16,40000,40804.02718922707,804.0271892270684
125cm_-5Grad.pickle,Box,125,16,50000,48108.79863424149,-1891.201365758512
125cm_-5Grad.pickle,Box,125,16,60000,59516.47034164013,-483.52965835986834
125cm_-5Grad.pickle,Box,125,17,40000,40878.391624747346,878.3916247473462
125cm_-5Grad.pickle,Box,125,17,50000,48218.353214364266,-1781.646785635734
125cm_-5Grad.pickle,Box,125,17,60000,59416.78641857461,-583.2135814253925
125cm_-5Grad.pickle,Box,125,18,40000,40790.66516171473,790.665161714729
125cm_-5Grad.pickle,Box,125,18,50000,48032.18819831914,-1967.8118016808585
125cm_-5Grad.pickle,Box,125,18,60000,59525.41371055408,-474.58628944592056
125cm_-5Grad.pickle,Box,125,19,40000,40763.42181349497,763.4218134949697
125cm_-5Grad.pickle,Box,125,19,50000,48430.58125017057,-1569.4187498294268
125cm_-5Grad.pickle,Box,125,19,60000,59369.93443664237,-630.0655633576316
125cm_0Grad.pickle,Box,125,0,40000,40427.98799122526,427.98799122525816
125cm_0Grad.pickle,Box,125,0,50000,47203.99148678307,-2796.0085132169334
125cm_0Grad.pickle,Box,125,0,60000,58873.27433785671,-1126.7256621432898
125cm_0Grad.pickle,Box,125,1,40000,40419.286177386944,419.2861773869445
125cm_0Grad.pickle,Box,125,1,50000,47168.34151709425,-2831.6584829057465
125cm_0Grad.pickle,Box,125,1,60000,59215.76865249534,-784.2313475046612
125cm_0Grad.pickle,Box,125,2,40000,40434.71591147478,434.7159114747774
125cm_0Grad.pickle,Box,125,2,50000,47117.747588075355,-2882.2524119246445
125cm_0Grad.pickle,Box,125,2,60000,58453.98862770916,-1546.0113722908427
125cm_0Grad.pickle,Box,125,3,40000,40526.44198663165,526.441986631653
125cm_0Grad.pickle,Box,125,3,50000,47087.63720392204,-2912.362796077963
125cm_0Grad.pickle,Box,125,3,60000,58843.492963258504,-1156.5070367414955
125cm_0Grad.pickle,Box,125,4,40000,40672.16225532015,672.1622553201523
125cm_0Grad.pickle,Box,125,4,50000,47138.68154889487,-2861.3184511051295
125cm_0Grad.pickle,Box,125,4,60000,56389.53156437504,-3610.4684356249636
125cm_0Grad.pickle,Box,125,5,40000,40607.78051312655,607.7805131265486
125cm_0Grad.pickle,Box,125,5,50000,46974.07063503144,-3025.929364968557
125cm_0Grad.pickle,Box,125,5,60000,57812.90687637915,-2187.093123620849
125cm_0Grad.pickle,Box,125,6,40000,40782.99128427762,782.9912842776175
125cm_0Grad.pickle,Box,125,6,50000,47313.60599116899,-2686.394008831012
125cm_0Grad.pickle,Box,125,6,60000,56224.98753442701,-3775.0124655729887
125cm_0Grad.pickle,Box,125,7,40000,40479.67509460651,479.6750946065076
125cm_0Grad.pickle,Box,125,7,50000,47002.89935790992,-2997.1006420900812
125cm_0Grad.pickle,Box,125,7,60000,58621.292709691115,-1378.7072903088847
125cm_0Grad.pickle,Box,125,8,40000,40554.06200384416,554.062003844163
125cm_0Grad.pickle,Box,125,8,50000,47035.32475612397,-2964.6752438760304
125cm_0Grad.pickle,Box,125,8,60000,57765.57425110378,-2234.4257488962176
125cm_0Grad.pickle,Box,125,9,40000,40583.1890584892,583.1890584892026
125cm_0Grad.pickle,Box,125,9,50000,47086.09356693005,-2913.9064330699475
125cm_0Grad.pickle,Box,125,9,60000,58346.869817889965,-1653.130182110035
125cm_0Grad.pickle,Box,125,10,40000,40533.78690590311,533.7869059031073
125cm_0Grad.pickle,Box,125,10,50000,47005.84978081791,-2994.150219182091
125cm_0Grad.pickle,Box,125,10,60000,58356.593761467906,-1643.406238532094
125cm_0Grad.pickle,Box,125,11,40000,40650.8587312472,650.8587312472009
125cm_0Grad.pickle,Box,125,11,50000,47050.63870317888,-2949.3612968211164
125cm_0Grad.pickle,Box,125,11,60000,56620.7870723228,-3379.212927677203
125cm_0Grad.pickle,Box,125,12,40000,40549.26707073707,549.2670707370708
125cm_0Grad.pickle,Box,125,12,50000,46987.33893186158,-3012.661068138419
125cm_0Grad.pickle,Box,125,12,60000,58558.351490114954,-1441.6485098850462
125cm_0Grad.pickle,Box,125,13,40000,40597.65349524136,597.6534952413567
125cm_0Grad.pickle,Box,125,13,50000,47046.87439990848,-2953.1256000915164
125cm_0Grad.pickle,Box,125,13,60000,58601.70592551404,-1398.2940744859588
125cm_0Grad.pickle,Box,125,14,40000,40519.32779368517,519.3277936851664
125cm_0Grad.pickle,Box,125,14,50000,46992.64741268521,-3007.3525873147883
125cm_0Grad.pickle,Box,125,14,60000,58940.927870674524,-1059.0721293254755
125cm_0Grad.pickle,Box,125,15,40000,40537.27615415816,537.2761541581567
125cm_0Grad.pickle,Box,125,15,50000,46988.48469447109,-3011.515305528912
125cm_0Grad.pickle,Box,125,15,60000,59528.38868348592,-471.61131651407777
125cm_0Grad.pickle,Box,125,16,40000,40518.24245619584,518.2424561958396
125cm_0Grad.pickle,Box,125,16,50000,46969.05071207711,-3030.949287922893
125cm_0Grad.pickle,Box,125,16,60000,59573.582360720284,-426.41763927971624
125cm_0Grad.pickle,Box,125,17,40000,40578.03565470495,578.0356547049523
125cm_0Grad.pickle,Box,125,17,50000,47015.90617922515,-2984.0938207748477
125cm_0Grad.pickle,Box,125,17,60000,58834.675959977045,-1165.3240400229552
125cm_0Grad.pickle,Box,125,18,40000,40581.13763717319,581.1376371731894
125cm_0Grad.pickle,Box,125,18,50000,47019.150238516406,-2980.849761483594
125cm_0Grad.pickle,Box,125,18,60000,58176.80239468418,-1823.1976053158214
125cm_0Grad.pickle,Box,125,19,40000,40585.01704937875,585.0170493787518
125cm_0Grad.pickle,Box,125,19,50000,47042.414437759704,-2957.585562240296
125cm_0Grad.pickle,Box,125,19,60000,59202.70772145172,-797.2922785482806
125cm_10Grad.pickle,Box,125,0,40000,44569.72684276666,4569.726842766657
125cm_10Grad.pickle,Box,125,0,50000,51996.154604178526,1996.154604178526
125cm_10Grad.pickle,Box,125,0,60000,58298.09950323019,-1701.900496769813
125cm_10Grad.pickle,Box,125,1,40000,44184.92380649967,4184.923806499668
125cm_10Grad.pickle,Box,125,1,50000,52062.13055471466,2062.130554714662
125cm_10Grad.pickle,Box,125,1,60000,58493.945062428946,-1506.0549375710543
125cm_10Grad.pickle,Box,125,2,40000,43990.235674090225,3990.235674090225
125cm_10Grad.pickle,Box,125,2,50000,52120.28767313694,2120.2876731369397
125cm_10Grad.pickle,Box,125,2,60000,58593.047033050585,-1406.952966949415
125cm_10Grad.pickle,Box,125,3,40000,43660.02958922156,3660.029589221558
125cm_10Grad.pickle,Box,125,3,50000,52089.92978657078,2089.9297865707777
125cm_10Grad.pickle,Box,125,3,60000,58578.81565030795,-1421.1843496920483
125cm_10Grad.pickle,Box,125,4,40000,44076.86593773309,4076.8659377330914
125cm_10Grad.pickle,Box,125,4,50000,52040.52000022124,2040.5200002212368
125cm_10Grad.pickle,Box,125,4,60000,58530.83581295343,-1469.1641870465683
125cm_10Grad.pickle,Box,125,5,40000,44158.50841913911,4158.508419139107
125cm_10Grad.pickle,Box,125,5,50000,51851.48929983797,1851.4892998379728
125cm_10Grad.pickle,Box,125,5,60000,58414.15404602692,-1585.845953973083
125cm_10Grad.pickle,Box,125,6,40000,44093.150972162926,4093.1509721629263
125cm_10Grad.pickle,Box,125,6,50000,51932.77928662474,1932.77928662474
125cm_10Grad.pickle,Box,125,6,60000,58390.7253631226,-1609.2746368774024
125cm_10Grad.pickle,Box,125,7,40000,44085.28606898474,4085.2860689847366
125cm_10Grad.pickle,Box,125,7,50000,52204.05199242967,2204.0519924296677
125cm_10Grad.pickle,Box,125,7,60000,58555.36916911219,-1444.630830887807
125cm_10Grad.pickle,Box,125,8,40000,43615.47511316656,3615.4751131665616
125cm_10Grad.pickle,Box,125,8,50000,52135.87938442658,2135.879384426582
125cm_10Grad.pickle,Box,125,8,60000,58669.951014758895,-1330.0489852411047
125cm_10Grad.pickle,Box,125,9,40000,43410.05872863331,3410.0587286333102
125cm_10Grad.pickle,Box,125,9,50000,52049.77506132119,2049.77506132119
125cm_10Grad.pickle,Box,125,9,60000,58628.86660630337,-1371.133393696633
125cm_10Grad.pickle,Box,125,10,40000,43940.72073516988,3940.7207351698817
125cm_10Grad.pickle,Box,125,10,50000,52131.92164469993,2131.921644699927
125cm_10Grad.pickle,Box,125,10,60000,58637.94184040728,-1362.0581595927215
125cm_10Grad.pickle,Box,125,11,40000,43973.570722020355,3973.570722020355
125cm_10Grad.pickle,Box,125,11,50000,51767.07986415153,1767.0798641515285
125cm_10Grad.pickle,Box,125,11,60000,58420.58502752745,-1579.4149724725503
125cm_10Grad.pickle,Box,125,12,40000,43985.39679876606,3985.396798766058
125cm_10Grad.pickle,Box,125,12,50000,51649.47018870281,1649.4701887028132
125cm_10Grad.pickle,Box,125,12,60000,58458.60570952881,-1541.3942904711876
125cm_10Grad.pickle,Box,125,13,40000,43692.47624645792,3692.476246457918
125cm_10Grad.pickle,Box,125,13,50000,51788.00948928093,1788.0094892809284
125cm_10Grad.pickle,Box,125,13,60000,58426.03715771855,-1573.9628422814494
125cm_10Grad.pickle,Box,125,14,40000,43542.52367066737,3542.5236706673677
125cm_10Grad.pickle,Box,125,14,50000,51764.66810041674,1764.6681004167403
125cm_10Grad.pickle,Box,125,14,60000,58478.031217633026,-1521.9687823669738
125cm_10Grad.pickle,Box,125,15,40000,44102.923372928344,4102.923372928344
125cm_10Grad.pickle,Box,125,15,50000,51906.87182256862,1906.871822568617
125cm_10Grad.pickle,Box,125,15,60000,58436.56997908996,-1563.4300209100402
125cm_10Grad.pickle,Box,125,16,40000,44360.83698228462,4360.836982284622
125cm_10Grad.pickle,Box,125,16,50000,52057.96980733047,2057.969807330468
125cm_10Grad.pickle,Box,125,16,60000,58503.296515377675,-1496.703484622325
125cm_10Grad.pickle,Box,125,17,40000,44046.10023415875,4046.100234158752
125cm_10Grad.pickle,Box,125,17,50000,51647.72273083888,1647.7227308388829
125cm_10Grad.pickle,Box,125,17,60000,58288.97057040284,-1711.0294295971617
125cm_10Grad.pickle,Box,125,18,40000,43618.00202343752,3618.002023437519
125cm_10Grad.pickle,Box,125,18,50000,51580.83066967443,1580.830669674433
125cm_10Grad.pickle,Box,125,18,60000,58201.527687556,-1798.4723124439988
125cm_10Grad.pickle,Box,125,19,40000,43668.48276503052,3668.4827650305233
125cm_10Grad.pickle,Box,125,19,50000,51849.44821367024,1849.4482136702427
125cm_10Grad.pickle,Box,125,19,60000,58497.298409033385,-1502.7015909666152
125cm_5Grad.pickle,Box,125,0,40000,41576.21990935617,1576.2199093561721
125cm_5Grad.pickle,Box,125,0,50000,52155.01509937041,2155.0150993704083
125cm_5Grad.pickle,Box,125,0,60000,59130.95444644791,-869.0455535520887
125cm_5Grad.pickle,Box,125,1,40000,41345.4359621972,1345.4359621972035
125cm_5Grad.pickle,Box,125,1,50000,51844.497129041905,1844.4971290419053
125cm_5Grad.pickle,Box,125,1,60000,59268.908150449926,-731.0918495500737
125cm_5Grad.pickle,Box,125,2,40000,41963.48619395494,1963.4861939549373
125cm_5Grad.pickle,Box,125,2,50000,51942.338606802914,1942.338606802914
125cm_5Grad.pickle,Box,125,2,60000,58989.99136306685,-1010.0086369331475
125cm_5Grad.pickle,Box,125,3,40000,41488.44421646318,1488.4442164631764
125cm_5Grad.pickle,Box,125,3,50000,51941.78150795463,1941.7815079546272
125cm_5Grad.pickle,Box,125,3,60000,59143.88070360797,-856.119296392033
125cm_5Grad.pickle,Box,125,4,40000,41482.45847805826,1482.458478058259
125cm_5Grad.pickle,Box,125,4,50000,51577.62694319853,1577.6269431985274
125cm_5Grad.pickle,Box,125,4,60000,59147.8483519073,-852.1516480927021
125cm_5Grad.pickle,Box,125,5,40000,41495.36452750092,1495.3645275009185
125cm_5Grad.pickle,Box,125,5,50000,52046.799464943244,2046.799464943244
125cm_5Grad.pickle,Box,125,5,60000,59219.46264631224,-780.5373536877596
125cm_5Grad.pickle,Box,125,6,40000,41563.872788555,1563.8727885550034
125cm_5Grad.pickle,Box,125,6,50000,51520.36397184237,1520.3639718423728
125cm_5Grad.pickle,Box,125,6,60000,59117.5558584845,-882.4441415155015
125cm_5Grad.pickle,Box,125,7,40000,41286.99601574683,1286.9960157468304
125cm_5Grad.pickle,Box,125,7,50000,51217.79199760255,1217.7919976025514
125cm_5Grad.pickle,Box,125,7,60000,59237.501180395295,-762.4988196047052
125cm_5Grad.pickle,Box,125,8,40000,41325.20484414065,1325.2048441406514
125cm_5Grad.pickle,Box,125,8,50000,51266.93641367124,1266.9364136712393
125cm_5Grad.pickle,Box,125,8,60000,59087.593590090575,-912.4064099094248
125cm_5Grad.pickle,Box,125,9,40000,41299.24020817536,1299.2402081753607
125cm_5Grad.pickle,Box,125,9,50000,51077.219236356155,1077.2192363561553
125cm_5Grad.pickle,Box,125,9,60000,59348.69367043242,-651.306329567582
125cm_5Grad.pickle,Box,125,10,40000,41631.2254509841,1631.2254509841005
125cm_5Grad.pickle,Box,125,10,50000,51858.23072566975,1858.2307256697532
125cm_5Grad.pickle,Box,125,10,60000,59165.29671945641,-834.7032805435883
125cm_5Grad.pickle,Box,125,11,40000,41285.57036895345,1285.5703689534494
125cm_5Grad.pickle,Box,125,11,50000,52063.26853977396,2063.2685397739624
125cm_5Grad.pickle,Box,125,11,60000,59160.82694908121,-839.173050918791
125cm_5Grad.pickle,Box,125,12,40000,41278.23859314522,1278.2385931452227
125cm_5Grad.pickle,Box,125,12,50000,52010.25077688876,2010.250776888759
125cm_5Grad.pickle,Box,125,12,60000,59062.85832266603,-937.1416773339733
125cm_5Grad.pickle,Box,125,13,40000,41942.23170979942,1942.2317097994164
125cm_5Grad.pickle,Box,125,13,50000,52508.06521226065,2508.065212260648
125cm_5Grad.pickle,Box,125,13,60000,59080.2111829913,-919.7888170087026
125cm_5Grad.pickle,Box,125,14,40000,41239.67690159479,1239.6769015947866
125cm_5Grad.pickle,Box,125,14,50000,52186.93696681128,2186.9369668112777
125cm_5Grad.pickle,Box,125,14,60000,59306.861067878446,-693.1389321215538
125cm_5Grad.pickle,Box,125,15,40000,41373.347255949404,1373.347255949404
125cm_5Grad.pickle,Box,125,15,50000,52512.643461506406,2512.6434615064063
125cm_5Grad.pickle,Box,125,15,60000,59204.299770330916,-795.7002296690844
125cm_5Grad.pickle,Box,125,16,40000,40993.215756697995,993.215756697995
125cm_5Grad.pickle,Box,125,16,50000,52123.7362799918,2123.7362799917973
125cm_5Grad.pickle,Box,125,16,60000,59387.696041624375,-612.3039583756254
125cm_5Grad.pickle,Box,125,17,40000,41012.43016974146,1012.430169741463
125cm_5Grad.pickle,Box,125,17,50000,51311.77064969894,1311.7706496989413
125cm_5Grad.pickle,Box,125,17,60000,59333.16152690696,-666.8384730930411
125cm_5Grad.pickle,Box,125,18,40000,41422.002705679166,1422.002705679166
125cm_5Grad.pickle,Box,125,18,50000,51892.20363125697,1892.203631256969
125cm_5Grad.pickle,Box,125,18,60000,59223.091568905176,-776.9084310948238
125cm_5Grad.pickle,Box,125,19,40000,41559.265768459394,1559.2657684593942
125cm_5Grad.pickle,Box,125,19,50000,52326.50192198913,2326.501921989133
125cm_5Grad.pickle,Box,125,19,60000,59305.6010967394,-694.3989032605969
25cm_-10Grad.pickle,Box,25,0,40000,41056.80296929907,1056.8029692990676
25cm_-10Grad.pickle,Box,25,0,50000,48489.043282119776,-1510.9567178802245
25cm_-10Grad.pickle,Box,25,0,60000,58821.93198754719,-1178.068012452808
25cm_-10Grad.pickle,Box,25,1,40000,41084.06816460529,1084.0681646052908
25cm_-10Grad.pickle,Box,25,1,50000,48455.636790524135,-1544.363209475865
25cm_-10Grad.pickle,Box,25,1,60000,58812.028121050025,-1187.9718789499748
25cm_-10Grad.pickle,Box,25,2,40000,41088.07561836178,1088.0756183617777
25cm_-10Grad.pickle,Box,25,2,50000,48536.095472833586,-1463.9045271664145
25cm_-10Grad.pickle,Box,25,2,60000,58817.49089472995,-1182.5091052700518
25cm_-10Grad.pickle,Box,25,3,40000,41097.254666829474,1097.2546668294744
25cm_-10Grad.pickle,Box,25,3,50000,48361.360926278,-1638.639073721999
25cm_-10Grad.pickle,Box,25,3,60000,58692.640391075816,-1307.3596089241837
25cm_-10Grad.pickle,Box,25,4,40000,41141.05368403404,1141.0536840340428
25cm_-10Grad.pickle,Box,25,4,50000,48316.4378181329,-1683.5621818670988
25cm_-10Grad.pickle,Box,25,4,60000,58569.93697174549,-1430.0630282545098
25cm_-10Grad.pickle,Box,25,5,40000,41095.013312437324,1095.0133124373242
25cm_-10Grad.pickle,Box,25,5,50000,48287.78097355419,-1712.2190264458113
25cm_-10Grad.pickle,Box,25,5,60000,58726.05607671751,-1273.943923282488
25cm_-10Grad.pickle,Box,25,6,40000,41103.85733445666,1103.8573344566612
25cm_-10Grad.pickle,Box,25,6,50000,48265.08404183281,-1734.915958167192
25cm_-10Grad.pickle,Box,25,6,60000,58666.58057066412,-1333.4194293358814
25cm_-10Grad.pickle,Box,25,7,40000,41076.68311692488,1076.6831169248835
25cm_-10Grad.pickle,Box,25,7,50000,48354.36137521491,-1645.6386247850896
25cm_-10Grad.pickle,Box,25,7,60000,58781.18306438509,-1218.8169356149083
25cm_-10Grad.pickle,Box,25,8,40000,41114.611943542346,1114.6119435423461
25cm_-10Grad.pickle,Box,25,8,50000,48316.90125926743,-1683.0987407325665
25cm_-10Grad.pickle,Box,25,8,60000,58666.49519117917,-1333.5048088208277
25cm_-10Grad.pickle,Box,25,9,40000,41096.91750260445,1096.9175026044468
25cm_-10Grad.pickle,Box,25,9,50000,48278.16923378831,-1721.8307662116931
25cm_-10Grad.pickle,Box,25,9,60000,58701.27518190322,-1298.72481809678
25cm_-10Grad.pickle,Box,25,10,40000,41038.88852663943,1038.8885266394282
25cm_-10Grad.pickle,Box,25,10,50000,48423.062733795385,-1576.9372662046153
25cm_-10Grad.pickle,Box,25,10,60000,58880.01435348872,-1119.9856465112825
25cm_-10Grad.pickle,Box,25,11,40000,41075.34056321528,1075.340563215279
25cm_-10Grad.pickle,Box,25,11,50000,48397.398486841535,-1602.6015131584645
25cm_-10Grad.pickle,Box,25,11,60000,58786.04110119725,-1213.9588988027535
25cm_-10Grad.pickle,Box,25,12,40000,41107.2439043131,1107.2439043131017
25cm_-10Grad.pickle,Box,25,12,50000,48322.746080168334,-1677.2539198316663
25cm_-10Grad.pickle,Box,25,12,60000,58681.56769437886,-1318.4323056211433
25cm_-10Grad.pickle,Box,25,13,40000,41135.052931960105,1135.0529319601046
25cm_-10Grad.pickle,Box,25,13,50000,48291.15254547365,-1708.8474545263525
25cm_-10Grad.pickle,Box,25,13,60000,58570.71368864157,-1429.2863113584317
25cm_-10Grad.pickle,Box,25,14,40000,41079.63843545812,1079.6384354581169
25cm_-10Grad.pickle,Box,25,14,50000,48348.042822793715,-1651.9571772062845
25cm_-10Grad.pickle,Box,25,14,60000,58726.19146699,-1273.8085330100002
25cm_-10Grad.pickle,Box,25,15,40000,41091.24330822201,1091.2433082220086
25cm_-10Grad.pickle,Box,25,15,50000,48418.36632571185,-1581.6336742881467
25cm_-10Grad.pickle,Box,25,15,60000,58742.38439591486,-1257.615604085142
25cm_-10Grad.pickle,Box,25,16,40000,41114.05043571748,1114.0504357174796
25cm_-10Grad.pickle,Box,25,16,50000,48323.26953435248,-1676.7304656475171
25cm_-10Grad.pickle,Box,25,16,60000,58610.96745158122,-1389.0325484187779
25cm_-10Grad.pickle,Box,25,17,40000,41118.437728473655,1118.4377284736547
25cm_-10Grad.pickle,Box,25,17,50000,48317.02461169553,-1682.9753883044687
25cm_-10Grad.pickle,Box,25,17,60000,58644.2955779603,-1355.7044220397001
25cm_-10Grad.pickle,Box,25,18,40000,41093.29105042011,1093.2910504201136
25cm_-10Grad.pickle,Box,25,18,50000,48355.634651301705,-1644.3653486982948
25cm_-10Grad.pickle,Box,25,18,60000,58728.23479669806,-1271.7652033019403
25cm_-10Grad.pickle,Box,25,19,40000,41078.74154720301,1078.7415472030116
25cm_-10Grad.pickle,Box,25,19,50000,48388.00398284539,-1611.9960171546118
25cm_-10Grad.pickle,Box,25,19,60000,58759.26860960995,-1240.7313903900504
25cm_-5Grad.pickle,Box,25,0,40000,40531.64794434513,531.6479443451317
25cm_-5Grad.pickle,Box,25,0,50000,48166.86618911476,-1833.1338108852433
25cm_-5Grad.pickle,Box,25,0,60000,59561.645717955194,-438.3542820448056
25cm_-5Grad.pickle,Box,25,1,40000,40579.60731200235,579.6073120023502
25cm_-5Grad.pickle,Box,25,1,50000,48082.84179099168,-1917.1582090083175
25cm_-5Grad.pickle,Box,25,1,60000,59255.854326223205,-744.1456737767949
25cm_-5Grad.pickle,Box,25,2,40000,40605.13026016628,605.1302601662828
25cm_-5Grad.pickle,Box,25,2,50000,48196.16561996624,-1803.8343800337607
25cm_-5Grad.pickle,Box,25,2,60000,58990.88405584079,-1009.1159441592099
25cm_-5Grad.pickle,Box,25,3,40000,40613.97470974486,613.9747097448635
25cm_-5Grad.pickle,Box,25,3,50000,48109.725404750876,-1890.274595249124
25cm_-5Grad.pickle,Box,25,3,60000,59062.85377106217,-937.1462289378323
25cm_-5Grad.pickle,Box,25,4,40000,40616.50036782642,616.5003678264184
25cm_-5Grad.pickle,Box,25,4,50000,48079.064470486235,-1920.9355295137648
25cm_-5Grad.pickle,Box,25,4,60000,59125.8714637937,-874.128536206299
25cm_-5Grad.pickle,Box,25,5,40000,40596.82648300121,596.8264830012122
25cm_-5Grad.pickle,Box,25,5,50000,48040.649738684,-1959.3502613160017
25cm_-5Grad.pickle,Box,25,5,60000,59248.34361720043,-751.6563827995706
25cm_-5Grad.pickle,Box,25,6,40000,40607.37121756169,607.3712175616893
25cm_-5Grad.pickle,Box,25,6,50000,48096.9457637179,-1903.0542362820997
25cm_-5Grad.pickle,Box,25,6,60000,59168.11052902535,-831.8894709746528
25cm_-5Grad.pickle,Box,25,7,40000,40619.40696216264,619.4069621626404
25cm_-5Grad.pickle,Box,25,7,50000,48074.36840212765,-1925.6315978723505
25cm_-5Grad.pickle,Box,25,7,60000,59033.48804557725,-966.5119544227491
25cm_-5Grad.pickle,Box,25,8,40000,40590.91984360323,590.9198436032311
25cm_-5Grad.pickle,Box,25,8,50000,48173.664326546444,-1826.3356734535555
25cm_-5Grad.pickle,Box,25,8,60000,59310.91088644894,-689.089113551061
25cm_-5Grad.pickle,Box,25,9,40000,40584.91773104464,584.9177310446394
25cm_-5Grad.pickle,Box,25,9,50000,48078.584319822825,-1921.415680177175
25cm_-5Grad.pickle,Box,25,9,60000,59273.943146176374,-726.0568538236257
25cm_-5Grad.pickle,Box,25,10,40000,40601.83153253607,601.8315325360672
25cm_-5Grad.pickle,Box,25,10,50000,48121.9118175081,-1878.088182491898
25cm_-5Grad.pickle,Box,25,10,60000,59311.029829600506,-688.9701703994942
25cm_-5Grad.pickle,Box,25,11,40000,40606.97764853735,606.9776485373513
25cm_-5Grad.pickle,Box,25,11,50000,48102.15198767259,-1897.848012327413
25cm_-5Grad.pickle,Box,25,11,60000,59022.59997530725,-977.4000246927535
25cm_-5Grad.pickle,Box,25,12,40000,40548.27580850527,548.2758085052701
25cm_-5Grad.pickle,Box,25,12,50000,48169.59533776127,-1830.4046622387323
25cm_-5Grad.pickle,Box,25,12,60000,59434.2809850878,-565.7190149122034
25cm_-5Grad.pickle,Box,25,13,40000,40608.913671821945,608.9136718219452
25cm_-5Grad.pickle,Box,25,13,50000,48092.63510392369,-1907.3648960763094
25cm_-5Grad.pickle,Box,25,13,60000,59112.18429055221,-887.8157094477865
25cm_-5Grad.pickle,Box,25,14,40000,40592.87928826912,592.8792882691196
25cm_-5Grad.pickle,Box,25,14,50000,48119.30797928977,-1880.6920207102303
25cm_-5Grad.pickle,Box,25,14,60000,59226.36468185044,-773.6353181495579
25cm_-5Grad.pickle,Box,25,15,40000,40621.66632892141,621.6663289214121
25cm_-5Grad.pickle,Box,25,15,50000,48146.14197917884,-1853.858020821157
25cm_-5Grad.pickle,Box,25,15,60000,59048.24719818755,-951.7528018124503
25cm_-5Grad.pickle,Box,25,16,40000,40608.88747164652,608.8874716465216
25cm_-5Grad.pickle,Box,25,16,50000,48100.39660491911,-1899.6033950808924
25cm_-5Grad.pickle,Box,25,16,60000,58982.92889832953,-1017.0711016704736
25cm_-5Grad.pickle,Box,25,17,40000,40595.98666583688,595.9866658368774
25cm_-5Grad.pickle,Box,25,17,50000,48049.879305540104,-1950.1206944598962
25cm_-5Grad.pickle,Box,25,17,60000,59331.011466886455,-668.9885331135447
25cm_-5Grad.pickle,Box,25,18,40000,40616.7163490522,616.7163490521998
25cm_-5Grad.pickle,Box,25,18,50000,48069.38394286491,-1930.616057135092
25cm_-5Grad.pickle,Box,25,18,60000,59180.02192687182,-819.978073128179
25cm_-5Grad.pickle,Box,25,19,40000,40618.8319532023,618.8319532023015
25cm_-5Grad.pickle,Box,25,19,50000,48134.53087456438,-1865.4691254356221
25cm_-5Grad.pickle,Box,25,19,60000,59144.364066710295,-855.6359332897046
25cm_0Grad.pickle,Box,25,0,40000,40803.07106203051,803.0710620305108
25cm_0Grad.pickle,Box,25,0,50000,48375.17764819295,-1624.8223518070517
25cm_0Grad.pickle,Box,25,0,60000,59992.49970974431,-7.500290255688014
25cm_0Grad.pickle,Box,25,1,40000,40809.67035776129,809.6703577612934
25cm_0Grad.pickle,Box,25,1,50000,48332.41156759615,-1667.5884324038489
25cm_0Grad.pickle,Box,25,1,60000,59997.76450965464,-2.2354903453597217
25cm_0Grad.pickle,Box,25,2,40000,40841.08678599021,841.0867859902064
25cm_0Grad.pickle,Box,25,2,50000,48218.17461914762,-1781.8253808523805
25cm_0Grad.pickle,Box,25,2,60000,59901.773810743885,-98.2261892561146
25cm_0Grad.pickle,Box,25,3,40000,40845.49163603791,845.4916360379066
25cm_0Grad.pickle,Box,25,3,50000,48159.75104177386,-1840.2489582261405
25cm_0Grad.pickle,Box,25,3,60000,59845.7717281029,-154.22827189709642
25cm_0Grad.pickle,Box,25,4,40000,40834.18837959825,834.1883795982503
25cm_0Grad.pickle,Box,25,4,50000,48216.50374090508,-1783.4962590949217
25cm_0Grad.pickle,Box,25,4,60000,59965.66380684948,-34.33619315052056
25cm_0Grad.pickle,Box,25,5,40000,40829.30544251011,829.3054425101072
25cm_0Grad.pickle,Box,25,5,50000,48174.571772280346,-1825.4282277196544
25cm_0Grad.pickle,Box,25,5,60000,59951.05824506551,-48.94175493448711
25cm_0Grad.pickle,Box,25,6,40000,40821.39318982235,821.3931898223527
25cm_0Grad.pickle,Box,25,6,50000,48181.4972668011,-1818.5027331988967
25cm_0Grad.pickle,Box,25,6,60000,59972.216853090606,-27.783146909394418
25cm_0Grad.pickle,Box,25,7,40000,40818.288575101906,818.2885751019057
25cm_0Grad.pickle,Box,25,7,50000,48188.527844214696,-1811.4721557853045
25cm_0Grad.pickle,Box,25,7,60000,59983.97143160033,-16.028568399669894
25cm_0Grad.pickle,Box,25,8,40000,40820.89865035607,820.8986503560736
25cm_0Grad.pickle,Box,25,8,50000,48130.60152408684,-1869.3984759131636
25cm_0Grad.pickle,Box,25,8,60000,60017.902033931125,17.902033931124606
25cm_0Grad.pickle,Box,25,9,40000,40811.91134702975,811.9113470297525
25cm_0Grad.pickle,Box,25,9,50000,48140.13849758948,-1859.8615024105166
25cm_0Grad.pickle,Box,25,9,60000,59999.103233883325,-0.8967661166752805
25cm_0Grad.pickle,Box,25,10,40000,40812.32972032968,812.3297203296825
25cm_0Grad.pickle,Box,25,10,50000,48126.40691859174,-1873.5930814082603
25cm_0Grad.pickle,Box,25,10,60000,59990.692229052904,-9.307770947096287
25cm_0Grad.pickle,Box,25,11,40000,40811.886128820006,811.886128820006
25cm_0Grad.pickle,Box,25,11,50000,48125.105081713584,-1874.8949182864162
25cm_0Grad.pickle,Box,25,11,60000,59999.771959493955,-0.22804050604463555
25cm_0Grad.pickle,Box,25,12,40000,40809.370793825554,809.3707938255538
25cm_0Grad.pickle,Box,25,12,50000,48123.284824972616,-1876.7151750273842
25cm_0Grad.pickle,Box,25,12,60000,60035.83988508567,35.83988508566836
25cm_0Grad.pickle,Box,25,13,40000,40803.62406193481,803.62406193481
25cm_0Grad.pickle,Box,25,13,50000,48158.06467319483,-1841.935326805171
25cm_0Grad.pickle,Box,25,13,60000,60068.37952871501,68.3795287150133
25cm_0Grad.pickle,Box,25,14,40000,40837.49053196105,837.490531961048
25cm_0Grad.pickle,Box,25,14,50000,48035.814054301685,-1964.1859456983148
25cm_0Grad.pickle,Box,25,14,60000,59900.83749359804,-99.16250640196085
25cm_0Grad.pickle,Box,25,15,40000,40818.71700401752,818.7170040175188
25cm_0Grad.pickle,Box,25,15,50000,48067.84632349484,-1932.153676505157
25cm_0Grad.pickle,Box,25,15,60000,59966.980641668146,-33.019358331854164
25cm_0Grad.pickle,Box,25,16,40000,40800.647312906185,800.6473129061851
25cm_0Grad.pickle,Box,25,16,50000,48095.653610535184,-1904.3463894648157
25cm_0Grad.pickle,Box,25,16,60000,60044.112991960516,44.1129919605155
25cm_0Grad.pickle,Box,25,17,40000,40814.42647495454,814.42647495454
25cm_0Grad.pickle,Box,25,17,50000,48061.09571334398,-1938.9042866560194
25cm_0Grad.pickle,Box,25,17,60000,60005.24678613749,5.246786137489835
25cm_0Grad.pickle,Box,25,18,40000,40818.232141314234,818.2321413142345
25cm_0Grad.pickle,Box,25,18,50000,48048.75550076512,-1951.2444992348828
25cm_0Grad.pickle,Box,25,18,60000,60012.80565552696,12.805655526957707
25cm_0Grad.pickle,Box,25,19,40000,40817.2359549785,817.2359549785033
25cm_0Grad.pickle,Box,25,19,50000,48033.13359278273,-1966.8664072172687
25cm_0Grad.pickle,Box,25,19,60000,60034.132330900866,34.13233090086578
25cm_10Grad.pickle,Box,25,0,40000,40838.11635551766,838.1163555176608
25cm_10Grad.pickle,Box,25,0,50000,48059.9130759164,-1940.0869240835964
25cm_10Grad.pickle,Box,25,0,60000,58376.99850166632,-1623.0014983336805
25cm_10Grad.pickle,Box,25,1,40000,40839.34309908395,839.3430990839479
25cm_10Grad.pickle,Box,25,1,50000,48051.57159720049,-1948.428402799509
25cm_10Grad.pickle,Box,25,1,60000,58372.10488744576,-1627.8951125542371
25cm_10Grad.pickle,Box,25,2,40000,40846.199316425766,846.1993164257656
25cm_10Grad.pickle,Box,25,2,50000,48071.987559957364,-1928.0124400426357
25cm_10Grad.pickle,Box,25,2,60000,58344.42899166715,-1655.5710083328522
25cm_10Grad.pickle,Box,25,3,40000,40862.594869055865,862.5948690558653
25cm_10Grad.pickle,Box,25,3,50000,48007.10979757977,-1992.8902024202325
25cm_10Grad.pickle,Box,25,3,60000,58164.434372408046,-1835.5656275919537
25cm_10Grad.pickle,Box,25,4,40000,40837.62634604258,837.6263460425835
25cm_10Grad.pickle,Box,25,4,50000,48004.336044532734,-1995.6639554672656
25cm_10Grad.pickle,Box,25,4,60000,58277.93110989699,-1722.068890103008
25cm_10Grad.pickle,Box,25,5,40000,40822.94323820243,822.9432382024315
25cm_10Grad.pickle,Box,25,5,50000,48041.644643964144,-1958.355356035856
25cm_10Grad.pickle,Box,25,5,60000,58390.18637994671,-1609.81362005329
25cm_10Grad.pickle,Box,25,6,40000,40824.8719634699,824.871963469901
25cm_10Grad.pickle,Box,25,6,50000,48049.73378456872,-1950.2662154312784
25cm_10Grad.pickle,Box,25,6,60000,58363.47676990529,-1636.52323009471
25cm_10Grad.pickle,Box,25,7,40000,40837.09347987424,837.0934798742383
25cm_10Grad.pickle,Box,25,7,50000,48066.32090785753,-1933.679092142469
25cm_10Grad.pickle,Box,25,7,60000,58311.142375520605,-1688.8576244793949
25cm_10Grad.pickle,Box,25,8,40000,40847.03446241124,847.0344624112404
25cm_10Grad.pickle,Box,25,8,50000,48057.55028881608,-1942.4497111839228
25cm_10Grad.pickle,Box,25,8,60000,58231.54296594647,-1768.4570340535283
25cm_10Grad.pickle,Box,25,9,40000,40852.29548230526,852.2954823052569
25cm_10Grad.pickle,Box,25,9,50000,48043.11040632274,-1956.8895936772606
25cm_10Grad.pickle,Box,25,9,60000,58157.15026289004,-1842.8497371099584
25cm_10Grad.pickle,Box,25,10,40000,40838.34005616439,838.3400561643866
25cm_10Grad.pickle,Box,25,10,50000,48085.57029040875,-1914.429709591248
25cm_10Grad.pickle,Box,25,10,60000,58353.6177965123,-1646.3822034877012
25cm_10Grad.pickle,Box,25,11,40000,40833.37872905902,833.378729059019
25cm_10Grad.pickle,Box,25,11,50000,48050.2534424011,-1949.7465575988972
25cm_10Grad.pickle,Box,25,11,60000,58334.70244822761,-1665.2975517723899
25cm_10Grad.pickle,Box,25,12,40000,40830.66790651995,830.6679065199496
25cm_10Grad.pickle,Box,25,12,50000,48055.76246084268,-1944.2375391573223
25cm_10Grad.pickle,Box,25,12,60000,58386.354705590216,-1613.6452944097837
25cm_10Grad.pickle,Box,25,13,40000,40840.45003064064,840.4500306406408
25cm_10Grad.pickle,Box,25,13,50000,48042.530568524824,-1957.469431475176
25cm_10Grad.pickle,Box,25,13,60000,58259.44985004333,-1740.5501499566672
25cm_10Grad.pickle,Box,25,14,40000,40856.447931344286,856.4479313442862
25cm_10Grad.pickle,Box,25,14,50000,47984.08081520009,-2015.91918479991
25cm_10Grad.pickle,Box,25,14,60000,58139.229087098945,-1860.7709129010545
25cm_10Grad.pickle,Box,25,15,40000,40826.35685930959,826.3568593095915
25cm_10Grad.pickle,Box,25,15,50000,47981.74843594318,-2018.2515640568236
25cm_10Grad.pickle,Box,25,15,60000,58271.74608552056,-1728.2539144794428
25cm_10Grad.pickle,Box,25,16,40000,40856.15330697227,856.1533069722718
25cm_10Grad.pickle,Box,25,16,50000,48007.26059412013,-1992.7394058798673
25cm_10Grad.pickle,Box,25,16,60000,58227.14743363834,-1772.8525663616601
25cm_10Grad.pickle,Box,25,17,40000,40842.57155254452,842.5715525445194
25cm_10Grad.pickle,Box,25,17,50000,48067.469924307334,-1932.5300756926663
25cm_10Grad.pickle,Box,25,17,60000,58344.69825025906,-1655.3017497409382
25cm_10Grad.pickle,Box,25,18,40000,40851.886140845345,851.8861408453449
25cm_10Grad.pickle,Box,25,18,50000,47964.01045339634,-2035.9895466036614
25cm_10Grad.pickle,Box,25,18,60000,58183.392487080746,-1816.607512919254
25cm_10Grad.pickle,Box,25,19,40000,40874.83083042143,874.8308304214297
25cm_10Grad.pickle,Box,25,19,50000,47971.65786922584,-2028.3421307741592
25cm_10Grad.pickle,Box,25,19,60000,57978.16442488977,-2021.835575110228
25cm_5Grad.pickle,Box,25,0,40000,40873.56023993774,873.5602399377385
25cm_5Grad.pickle,Box,25,0,50000,47834.50572585647,-2165.4942741435298
25cm_5Grad.pickle,Box,25,0,60000,58060.336433321245,-1939.6635666787552
25cm_5Grad.pickle,Box,25,1,40000,40872.06322426508,872.0632242650827
25cm_5Grad.pickle,Box,25,1,50000,47801.78539736374,-2198.2146026362607
25cm_5Grad.pickle,Box,25,1,60000,57943.658508740475,-2056.3414912595254
25cm_5Grad.pickle,Box,25,2,40000,40868.971915730195,868.9719157301952
25cm_5Grad.pickle,Box,25,2,50000,47768.46546897251,-2231.5345310274934
25cm_5Grad.pickle,Box,25,2,60000,57781.673229964894,-2218.326770035106
25cm_5Grad.pickle,Box,25,3,40000,40850.70484457967,850.7048445796681
25cm_5Grad.pickle,Box,25,3,50000,47771.1236543269,-2228.876345673103
25cm_5Grad.pickle,Box,25,3,60000,58001.89379582041,-1998.1062041795885
25cm_5Grad.pickle,Box,25,4,40000,40864.69152887842,864.6915288784221
25cm_5Grad.pickle,Box,25,4,50000,47743.41275006176,-2256.5872499382385
25cm_5Grad.pickle,Box,25,4,60000,57777.404609673664,-2222.595390326336
25cm_5Grad.pickle,Box,25,5,40000,40855.387263149445,855.3872631494451
25cm_5Grad.pickle,Box,25,5,50000,47790.890668340915,-2209.109331659085
25cm_5Grad.pickle,Box,25,5,60000,57964.213122930414,-2035.786877069586
25cm_5Grad.pickle,Box,25,6,40000,40851.36107877821,851.361078778209
25cm_5Grad.pickle,Box,25,6,50000,47797.13178604377,-2202.8682139562297
25cm_5Grad.pickle,Box,25,6,60000,58003.773490750515,-1996.2265092494854
25cm_5Grad.pickle,Box,25,7,40000,40841.429416560684,841.4294165606843
25cm_5Grad.pickle,Box,25,7,50000,47802.05608415131,-2197.943915848693
25cm_5Grad.pickle,Box,25,7,60000,58035.26070049296,-1964.7392995070404
25cm_5Grad.pickle,Box,25,8,40000,40866.653973440734,866.6539734407343
25cm_5Grad.pickle,Box,25,8,50000,47848.61844910911,-2151.3815508908883
25cm_5Grad.pickle,Box,25,8,60000,57981.17705394771,-2018.8229460522925
25cm_5Grad.pickle,Box,25,9,40000,40874.86380585262,874.8638058526194
25cm_5Grad.pickle,Box,25,9,50000,47775.30196560289,-2224.698034397108
25cm_5Grad.pickle,Box,25,9,60000,57788.80579876834,-2211.1942012316576
25cm_5Grad.pickle,Box,25,10,40000,40857.72279013727,857.722790137268
25cm_5Grad.pickle,Box,25,10,50000,47796.597029617966,-2203.4029703820343
25cm_5Grad.pickle,Box,25,10,60000,57871.75522900365,-2128.2447709963526
25cm_5Grad.pickle,Box,25,11,40000,40849.5473314017,849.5473314016999
25cm_5Grad.pickle,Box,25,11,50000,47810.59641590551,-2189.4035840944925
25cm_5Grad.pickle,Box,25,11,60000,58025.646689775145,-1974.3533102248548
25cm_5Grad.pickle,Box,25,12,40000,40863.35987416518,863.3598741651804
25cm_5Grad.pickle,Box,25,12,50000,47824.38112959706,-2175.618870402941
25cm_5Grad.pickle,Box,25,12,60000,57884.47540822931,-2115.5245917706925
25cm_5Grad.pickle,Box,25,13,40000,40878.0959403803,878.095940380299
25cm_5Grad.pickle,Box,25,13,50000,47829.43808389958,-2170.5619161004215
25cm_5Grad.pickle,Box,25,13,60000,57791.595044939866,-2208.404955060134
25cm_5Grad.pickle,Box,25,14,40000,40905.65926249766,905.659262497662
25cm_5Grad.pickle,Box,25,14,50000,47794.75204235407,-2205.24795764593
25cm_5Grad.pickle,Box,25,14,60000,57536.3292210946,-2463.670778905398
25cm_5Grad.pickle,Box,25,15,40000,40865.317890157145,865.3178901571446
25cm_5Grad.pickle,Box,25,15,50000,47849.8344710777,-2150.165528922298
25cm_5Grad.pickle,Box,25,15,60000,58020.00724711931,-1979.9927528806875
25cm_5Grad.pickle,Box,25,16,40000,40869.81075528854,869.8107552885413
25cm_5Grad.pickle,Box,25,16,50000,47830.04145778758,-2169.958542212422
25cm_5Grad.pickle,Box,25,16,60000,58024.99939470689,-1975.000605293113
25cm_5Grad.pickle,Box,25,17,40000,40877.83156168901,877.8315616890104
25cm_5Grad.pickle,Box,25,17,50000,47821.70706138251,-2178.2929386174874
25cm_5Grad.pickle,Box,25,17,60000,57898.679783948515,-2101.3202160514847
25cm_5Grad.pickle,Box,25,18,40000,40891.42342174191,891.4234217419071
25cm_5Grad.pickle,Box,25,18,50000,47806.853931197984,-2193.146068802016
25cm_5Grad.pickle,Box,25,18,60000,57791.67186700058,-2208.3281329994206
25cm_5Grad.pickle,Box,25,19,40000,40899.23267029366,899.2326702936625
25cm_5Grad.pickle,Box,25,19,50000,47852.39705215684,-2147.602947843159
25cm_5Grad.pickle,Box,25,19,60000,57796.53840477346,-2203.4615952265376
50cm_-10Grad.pickle,Box,50,0,40000,42135.91787427063,2135.917874270628
50cm_-10Grad.pickle,Box,50,0,50000,49342.63038186326,-657.3696181367413
50cm_-10Grad.pickle,Box,50,0,60000,56728.83410466749,-3271.1658953325095
50cm_-10Grad.pickle,Box,50,1,40000,42256.67276987146,2256.6727698714603
50cm_-10Grad.pickle,Box,50,1,50000,49483.06617117224,-516.9338288277577
50cm_-10Grad.pickle,Box,50,1,60000,56641.140135266425,-3358.859864733575
50cm_-10Grad.pickle,Box,50,2,40000,42237.45904898312,2237.459048983117
50cm_-10Grad.pickle,Box,50,2,50000,49377.73440896581,-622.2655910341928
50cm_-10Grad.pickle,Box,50,2,60000,56575.771572225814,-3424.2284277741855
50cm_-10Grad.pickle,Box,50,3,40000,42135.80670195191,2135.8067019519076
50cm_-10Grad.pickle,Box,50,3,50000,49346.81254774353,-653.1874522564685
50cm_-10Grad.pickle,Box,50,3,60000,56643.007690895894,-3356.9923091041055
50cm_-10Grad.pickle,Box,50,4,40000,42171.74663498783,2171.7466349878305
50cm_-10Grad.pickle,Box,50,4,50000,49368.37831114931,-631.6216888506897
50cm_-10Grad.pickle,Box,50,4,60000,56646.65926513611,-3353.3407348638866
50cm_-10Grad.pickle,Box,50,5,40000,42170.5750706244,2170.5750706244
50cm_-10Grad.pickle,Box,50,5,50000,49372.619199829955,-627.3808001700454
50cm_-10Grad.pickle,Box,50,5,60000,56602.617629494016,-3397.382370505984
50cm_-10Grad.pickle,Box,50,6,40000,42166.55683513193,2166.5568351319307
50cm_-10Grad.pickle,Box,50,6,50000,49369.257939933384,-630.7420600666155
50cm_-10Grad.pickle,Box,50,6,60000,56543.427431626216,-3456.5725683737837
50cm_-10Grad.pickle,Box,50,7,40000,42175.663248944744,2175.663248944744
50cm_-10Grad.pickle,Box,50,7,50000,49404.035591960266,-595.9644080397338
50cm_-10Grad.pickle,Box,50,7,60000,56629.68341797738,-3370.3165820226204
50cm_-10Grad.pickle,Box,50,8,40000,42191.7990956488,2191.7990956487993
50cm_-10Grad.pickle,Box,50,8,50000,49398.44405459507,-601.5559454049289
50cm_-10Grad.pickle,Box,50,8,60000,56673.78574052684,-3326.214259473163
50cm_-10Grad.pickle,Box,50,9,40000,42183.69560078153,2183.6956007815315
50cm_-10Grad.pickle,Box,50,9,50000,49375.84348465396,-624.1565153460397
50cm_-10Grad.pickle,Box,50,9,60000,56632.571661350725,-3367.4283386492752
50cm_-10Grad.pickle,Box,50,10,40000,42254.008029909215,2254.008029909215
50cm_-10Grad.pickle,Box,50,10,50000,49489.929788179135,-510.07021182086464
50cm_-10Grad.pickle,Box,50,10,60000,56708.65977481673,-3291.3402251832667
50cm_-10Grad.pickle,Box,50,11,40000,42098.7766847744,2098.7766847743987
50cm_-10Grad.pickle,Box,50,11,50000,49313.25757214373,-686.7424278562685
50cm_-10Grad.pickle,Box,50,11,60000,56680.72065341821,-3319.2793465817886
50cm_-10Grad.pickle,Box,50,12,40000,42225.675287171296,2225.675287171296
50cm_-10Grad.pickle,Box,50,12,50000,49420.841393624236,-579.1586063757641
50cm_-10Grad.pickle,Box,50,12,60000,56621.94233813594,-3378.0576618640625
50cm_-10Grad.pickle,Box,50,13,40000,42119.349345816685,2119.349345816685
50cm_-10Grad.pickle,Box,50,13,50000,49329.759248403236,-670.2407515967643
50cm_-10Grad.pickle,Box,50,13,60000,56642.31334780254,-3357.686652197459
50cm_-10Grad.pickle,Box,50,14,40000,42181.447906968875,2181.447906968875
50cm_-10Grad.pickle,Box,50,14,50000,49434.63190176801,-565.3680982319929
50cm_-10Grad.pickle,Box,50,14,60000,56788.31892276977,-3211.681077230227
50cm_-10Grad.pickle,Box,50,15,40000,42228.030040018784,2228.0300400187843
50cm_-10Grad.pickle,Box,50,15,50000,49438.98784853049,-561.0121514695129
50cm_-10Grad.pickle,Box,50,15,60000,56659.136319960955,-3340.863680039045
50cm_-10Grad.pickle,Box,50,16,40000,42237.00747893822,2237.0074789382197
50cm_-10Grad.pickle,Box,50,16,50000,49448.85165730132,-551.1483426986815
50cm_-10Grad.pickle,Box,50,16,60000,56649.69714959825,-3350.3028504017493
50cm_-10Grad.pickle,Box,50,17,40000,42191.68693472755,2191.6869347275497
50cm_-10Grad.pickle,Box,50,17,50000,49369.849633054066,-630.1503669459344
50cm_-10Grad.pickle,Box,50,17,60000,56610.62773817975,-3389.372261820252
50cm_-10Grad.pickle,Box,50,18,40000,42205.021938344966,2205.0219383449657
50cm_-10Grad.pickle,Box,50,18,50000,49419.13512110131,-580.8648788986902
50cm_-10Grad.pickle,Box,50,18,60000,56690.62337862657,-3309.376621373427
50cm_-10Grad.pickle,Box,50,19,40000,42207.72833190054,2207.7283319005364
50cm_-10Grad.pickle,Box,50,19,50000,49400.23410067123,-599.7658993287696
50cm_-10Grad.pickle,Box,50,19,60000,56611.812793283236,-3388.187206716764
50cm_-5Grad.pickle,Box,50,0,40000,40707.45147623297,707.4514762329709
50cm_-5Grad.pickle,Box,50,0,50000,48120.06449847279,-1879.9355015272085
50cm_-5Grad.pickle,Box,50,0,60000,56918.652121940046,-3081.3478780599544
50cm_-5Grad.pickle,Box,50,1,40000,40727.81003748638,727.8100374863789
50cm_-5Grad.pickle,Box,50,1,50000,48100.255508843766,-1899.7444911562343
50cm_-5Grad.pickle,Box,50,1,60000,56928.52122154936,-3071.4787784506407
50cm_-5Grad.pickle,Box,50,2,40000,40755.52253983266,755.5225398326584
50cm_-5Grad.pickle,Box,50,2,50000,48319.12480811758,-1680.87519188242
50cm_-5Grad.pickle,Box,50,2,60000,57007.90050792753,-2992.0994920724697
50cm_-5Grad.pickle,Box,50,3,40000,40722.11303348509,722.1130334850895
50cm_-5Grad.pickle,Box,50,3,50000,48237.602092092966,-1762.397907907034
50cm_-5Grad.pickle,Box,50,3,60000,57078.154073206846,-2921.845926793154
50cm_-5Grad.pickle,Box,50,4,40000,40725.066848778886,725.0668487788862
50cm_-5Grad.pickle,Box,50,4,50000,48258.427894217784,-1741.5721057822157
50cm_-5Grad.pickle,Box,50,4,60000,57032.616058373256,-2967.3839416267438
50cm_-5Grad.pickle,Box,50,5,40000,40741.66973987551,741.6697398755132
50cm_-5Grad.pickle,Box,50,5,50000,48233.05658481266,-1766.943415187343
50cm_-5Grad.pickle,Box,50,5,60000,56950.94772604785,-3049.0522739521475
50cm_-5Grad.pickle,Box,50,6,40000,40813.61150023779,813.6115002377919
50cm_-5Grad.pickle,Box,50,6,50000,48316.66269693692,-1683.3373030630828
50cm_-5Grad.pickle,Box,50,6,60000,56909.10648897183,-3090.8935110281673
50cm_-5Grad.pickle,Box,50,7,40000,40795.04699470807,795.046994708071
50cm_-5Grad.pickle,Box,50,7,50000,48194.22169109037,-1805.7783089096265
50cm_-5Grad.pickle,Box,50,7,60000,56787.884626135754,-3212.115373864246
50cm_-5Grad.pickle,Box,50,8,40000,40825.86921718284,825.869217182837
50cm_-5Grad.pickle,Box,50,8,50000,48188.230416848026,-1811.769583151974
50cm_-5Grad.pickle,Box,50,8,60000,56769.58033125543,-3230.419668744573
50cm_-5Grad.pickle,Box,50,9,40000,40827.623239808956,827.623239808956
50cm_-5Grad.pickle,Box,50,9,50000,48198.33692091185,-1801.6630790881536
50cm_-5Grad.pickle,Box,50,9,60000,56710.05636487721,-3289.9436351227923
50cm_-5Grad.pickle,Box,50,10,40000,40829.66480078972,829.6648007897165
50cm_-5Grad.pickle,Box,50,10,50000,48183.90736089112,-1816.0926391088797
50cm_-5Grad.pickle,Box,50,10,60000,56656.887493013666,-3343.1125069863338
50cm_-5Grad.pickle,Box,50,11,40000,40840.77365777103,840.7736577710311
50cm_-5Grad.pickle,Box,50,11,50000,48203.36875360145,-1796.6312463985523
50cm_-5Grad.pickle,Box,50,11,60000,56618.09510645978,-3381.904893540217
50cm_-5Grad.pickle,Box,50,12,40000,40849.51800924866,849.5180092486626
50cm_-5Grad.pickle,Box,50,12,50000,48174.47672444025,-1825.5232755597535
50cm_-5Grad.pickle,Box,50,12,60000,56549.48660810227,-3450.51339189773
50cm_-5Grad.pickle,Box,50,13,40000,40844.76127811327,844.7612781132702
50cm_-5Grad.pickle,Box,50,13,50000,48156.71356804914,-1843.286431950859
50cm_-5Grad.pickle,Box,50,13,60000,56609.20750308846,-3390.792496911541
50cm_-5Grad.pickle,Box,50,14,40000,40840.3692262006,840.3692262006007
50cm_-5Grad.pickle,Box,50,14,50000,48173.19832638138,-1826.8016736186182
50cm_-5Grad.pickle,Box,50,14,60000,56618.388364281294,-3381.6116357187057
50cm_-5Grad.pickle,Box,50,15,40000,40852.60468248515,852.604682485151
50cm_-5Grad.pickle,Box,50,15,50000,48274.94029149647,-1725.0597085035333
50cm_-5Grad.pickle,Box,50,15,60000,56591.014716883736,-3408.9852831162643
50cm_-5Grad.pickle,Box,50,16,40000,40853.11789012308,853.1178901230815
50cm_-5Grad.pickle,Box,50,16,50000,48283.490041541925,-1716.5099584580748
50cm_-5Grad.pickle,Box,50,16,60000,56947.09627597421,-3052.9037240257894
50cm_-5Grad.pickle,Box,50,17,40000,40851.169215401635,851.1692154016346
50cm_-5Grad.pickle,Box,50,17,50000,48224.20949170109,-1775.7905082989091
50cm_-5Grad.pickle,Box,50,17,60000,56788.11507649736,-3211.884923502643
50cm_-5Grad.pickle,Box,50,18,40000,40816.14423396817,816.1442339681671
50cm_-5Grad.pickle,Box,50,18,50000,48171.93761028116,-1828.0623897188416
50cm_-5Grad.pickle,Box,50,18,60000,56825.6667304894,-3174.3332695106
50cm_-5Grad.pickle,Box,50,19,40000,40807.37823284864,807.3782328486413
50cm_-5Grad.pickle,Box,50,19,50000,48178.95024811969,-1821.0497518803095
50cm_-5Grad.pickle,Box,50,19,60000,56728.617433970554,-3271.382566029446
50cm_0Grad.pickle,Box,50,0,40000,42723.37457885843,2723.3745788584274
50cm_0Grad.pickle,Box,50,0,50000,49524.71800706446,-475.28199293553917
50cm_0Grad.pickle,Box,50,0,60000,56689.82508753353,-3310.174912466471
50cm_0Grad.pickle,Box,50,1,40000,42585.83245415736,2585.83245415736
50cm_0Grad.pickle,Box,50,1,50000,49513.164929797145,-486.8350702028547
50cm_0Grad.pickle,Box,50,1,60000,56843.933239082406,-3156.0667609175944
50cm_0Grad.pickle,Box,50,2,40000,42690.99172759887,2690.99172759887
50cm_0Grad.pickle,Box,50,2,50000,49502.10186545405,-497.89813454594696
50cm_0Grad.pickle,Box,50,2,60000,56822.39489070261,-3177.6051092973867
50cm_0Grad.pickle,Box,50,3,40000,42637.37814787302,2637.3781478730234
50cm_0Grad.pickle,Box,50,3,50000,49476.296691149815,-523.7033088501848
50cm_0Grad.pickle,Box,50,3,60000,56764.44096916709,-3235.559030832912
50cm_0Grad.pickle,Box,50,4,40000,42534.060688432706,2534.0606884327062
50cm_0Grad.pickle,Box,50,4,50000,49416.90738004797,-583.0926199520327
50cm_0Grad.pickle,Box,50,4,60000,56693.962710969594,-3306.037289030406
50cm_0Grad.pickle,Box,50,5,40000,42705.22438112582,2705.224381125823
50cm_0Grad.pickle,Box,50,5,50000,49515.34540923781,-484.6545907621912
50cm_0Grad.pickle,Box,50,5,60000,56815.7733132661,-3184.2266867338985
50cm_0Grad.pickle,Box,50,6,40000,42787.74909363415,2787.749093634149
50cm_0Grad.pickle,Box,50,6,50000,49565.62519918713,-434.37480081286776
50cm_0Grad.pickle,Box,50,6,60000,56841.42762679631,-3158.572373203693
50cm_0Grad.pickle,Box,50,7,40000,42939.362494042514,2939.3624940425143
50cm_0Grad.pickle,Box,50,7,50000,49649.581303124534,-350.4186968754657
50cm_0Grad.pickle,Box,50,7,60000,56937.687231153956,-3062.3127688460445
50cm_0Grad.pickle,Box,50,8,40000,43103.91136767509,3103.911367675093
50cm_0Grad.pickle,Box,50,8,50000,49790.483268446034,-209.51673155396566
50cm_0Grad.pickle,Box,50,8,60000,57235.4501278415,-2764.5498721585027
50cm_0Grad.pickle,Box,50,9,40000,43023.77809602449,3023.7780960244927
50cm_0Grad.pickle,Box,50,9,50000,49736.39157943768,-263.6084205623192
50cm_0Grad.pickle,Box,50,9,60000,57249.84508889227,-2750.154911107733
50cm_0Grad.pickle,Box,50,10,40000,42790.508522555676,2790.508522555676
50cm_0Grad.pickle,Box,50,10,50000,49637.67536829155,-362.3246317084486
50cm_0Grad.pickle,Box,50,10,60000,57124.88105526545,-2875.118944734553
50cm_0Grad.pickle,Box,50,11,40000,42683.62068936248,2683.6206893624767
50cm_0Grad.pickle,Box,50,11,50000,49557.9980596893,-442.00194031069987
50cm_0Grad.pickle,Box,50,11,60000,56971.58094881901,-3028.4190511809866
50cm_0Grad.pickle,Box,50,12,40000,42797.04785496336,2797.0478549633626
50cm_0Grad.pickle,Box,50,12,50000,49596.65579173384,-403.3442082661568
50cm_0Grad.pickle,Box,50,12,60000,56906.41615962956,-3093.58384037044
50cm_0Grad.pickle,Box,50,13,40000,42758.85235846352,2758.8523584635186
50cm_0Grad.pickle,Box,50,13,50000,49585.36922886323,-414.6307711367699
50cm_0Grad.pickle,Box,50,13,60000,56999.340578135336,-3000.659421864664
50cm_0Grad.pickle,Box,50,14,40000,42726.99791410431,2726.9979141043077
50cm_0Grad.pickle,Box,50,14,50000,49546.31750866488,-453.6824913351229
50cm_0Grad.pickle,Box,50,14,60000,56886.240261719315,-3113.7597382806853
50cm_0Grad.pickle,Box,50,15,40000,42821.723632443085,2821.723632443085
50cm_0Grad.pickle,Box,50,15,50000,49627.417292976876,-372.5827070231244
50cm_0Grad.pickle,Box,50,15,60000,57035.676591941716,-2964.3234080582843
50cm_0Grad.pickle,Box,50,16,40000,42903.42453065477,2903.4245306547673
50cm_0Grad.pickle,Box,50,16,50000,49691.66959519393,-308.33040480606724
50cm_0Grad.pickle,Box,50,16,60000,57113.48540441695,-2886.514595583052
50cm_0Grad.pickle,Box,50,17,40000,42827.55630347579,2827.556303475787
50cm_0Grad.pickle,Box,50,17,50000,49645.48105276559,-354.51894723440637
50cm_0Grad.pickle,Box,50,17,60000,57099.2831991208,-2900.7168008791996
50cm_0Grad.pickle,Box,50,18,40000,42767.41050886382,2767.410508863817
50cm_0Grad.pickle,Box,50,18,50000,49611.17734989204,-388.82265010796255
50cm_0Grad.pickle,Box,50,18,60000,56987.58977514612,-3012.4102248538766
50cm_0Grad.pickle,Box,50,19,40000,42808.82834216374,2808.828342163739
50cm_0Grad.pickle,Box,50,19,50000,49598.38018242909,-401.6198175709069
50cm_0Grad.pickle,Box,50,19,60000,56922.09081717946,-3077.909182820542
50cm_10Grad.pickle,Box,50,0,40000,42151.84401978289,2151.8440197828895
50cm_10Grad.pickle,Box,50,0,50000,50014.665138980665,14.665138980664779
50cm_10Grad.pickle,Box,50,0,60000,57514.031756178265,-2485.968243821735
50cm_10Grad.pickle,Box,50,1,40000,42051.568518179054,2051.568518179054
50cm_10Grad.pickle,Box,50,1,50000,49825.88711878642,-174.11288121357939
50cm_10Grad.pickle,Box,50,1,60000,57474.05231195828,-2525.9476880417205
50cm_10Grad.pickle,Box,50,2,40000,42081.235389190806,2081.235389190806
50cm_10Grad.pickle,Box,50,2,50000,49914.36596771355,-85.63403228644893
50cm_10Grad.pickle,Box,50,2,60000,57526.85288938156,-2473.14711061844
50cm_10Grad.pickle,Box,50,3,40000,42087.03344119462,2087.033441194617
50cm_10Grad.pickle,Box,50,3,50000,49976.54399534151,-23.456004658488382
50cm_10Grad.pickle,Box,50,3,60000,57535.79912814618,-2464.20087185382
50cm_10Grad.pickle,Box,50,4,40000,42150.27997134183,2150.279971341828
50cm_10Grad.pickle,Box,50,4,50000,50099.81619097517,99.8161909751725
50cm_10Grad.pickle,Box,50,4,60000,57590.881573901876,-2409.1184260981245
50cm_10Grad.pickle,Box,50,5,40000,42202.18304746793,2202.18304746793
50cm_10Grad.pickle,Box,50,5,50000,50270.18724766214,270.1872476621429
50cm_10Grad.pickle,Box,50,5,60000,57708.63501837707,-2291.36498162293
50cm_10Grad.pickle,Box,50,6,40000,42111.22123458419,2111.221234584191
50cm_10Grad.pickle,Box,50,6,50000,50012.40034238679,12.400342386790726
50cm_10Grad.pickle,Box,50,6,60000,57571.78188827211,-2428.2181117278888
50cm_10Grad.pickle,Box,50,7,40000,42181.95169720686,2181.9516972068595
50cm_10Grad.pickle,Box,50,7,50000,50089.5143578569,89.51435785689682
50cm_10Grad.pickle,Box,50,7,60000,57569.62654143942,-2430.373458560578
50cm_10Grad.pickle,Box,50,8,40000,42230.78443423114,2230.7844342311364
50cm_10Grad.pickle,Box,50,8,50000,50250.36958600058,250.36958600058279
50cm_10Grad.pickle,Box,50,8,60000,57672.079152110775,-2327.920847889225
50cm_10Grad.pickle,Box,50,9,40000,42149.24884015599,2149.2488401559895
50cm_10Grad.pickle,Box,50,9,50000,50075.47118324159,75.47118324159237
50cm_10Grad.pickle,Box,50,9,60000,57580.865771644,-2419.1342283560007
50cm_10Grad.pickle,Box,50,10,40000,42152.17545829333,2152.175458293328
50cm_10Grad.pickle,Box,50,10,50000,50080.58604261939,80.58604261939035
50cm_10Grad.pickle,Box,50,10,60000,57584.35049826653,-2415.6495017334673
50cm_10Grad.pickle,Box,50,11,40000,42194.55306934729,2194.55306934729
50cm_10Grad.pickle,Box,50,11,50000,50069.534724792924,69.53472479292395
50cm_10Grad.pickle,Box,50,11,60000,57544.21805705627,-2455.7819429437295
50cm_10Grad.pickle,Box,50,12,40000,42115.969733854545,2115.9697338545448
50cm_10Grad.pickle,Box,50,12,50000,50023.2765371781,23.276537178098806
50cm_10Grad.pickle,Box,50,12,60000,57608.27895758408,-2391.7210424159202
50cm_10Grad.pickle,Box,50,13,40000,42160.21115039319,2160.2111503931883
50cm_10Grad.pickle,Box,50,13,50000,49985.17343054097,-14.826569459029997
50cm_10Grad.pickle,Box,50,13,60000,57474.20972340366,-2525.790276596337
50cm_10Grad.pickle,Box,50,14,40000,42188.16149217056,2188.1614921705623
50cm_10Grad.pickle,Box,50,14,50000,50090.038415450996,90.03841545099567
50cm_10Grad.pickle,Box,50,14,60000,57574.403232908466,-2425.5967670915343
50cm_10Grad.pickle,Box,50,15,40000,42189.460217281776,2189.460217281776
50cm_10Grad.pickle,Box,50,15,50000,50130.337784842544,130.33778484254435
50cm_10Grad.pickle,Box,50,15,60000,57601.31541468641,-2398.684585313589
50cm_10Grad.pickle,Box,50,16,40000,42205.689442060255,2205.689442060255
50cm_10Grad.pickle,Box,50,16,50000,50196.390754087246,196.39075408724602
50cm_10Grad.pickle,Box,50,16,60000,57642.64062717844,-2357.3593728215565
50cm_10Grad.pickle,Box,50,17,40000,42158.16661268809,2158.166612688088
50cm_10Grad.pickle,Box,50,17,50000,50038.414486893686,38.414486893685535
50cm_10Grad.pickle,Box,50,17,60000,57533.953471124514,-2466.046528875486
50cm_10Grad.pickle,Box,50,18,40000,42200.92108836842,2200.921088368421
50cm_10Grad.pickle,Box,50,18,50000,50201.08866796753,201.08866796753136
50cm_10Grad.pickle,Box,50,18,60000,57645.668884582024,-2354.3311154179755
50cm_10Grad.pickle,Box,50,19,40000,42187.06363593199,2187.0636359319906
50cm_10Grad.pickle,Box,50,19,50000,50191.241159813915,191.24115981391515
50cm_10Grad.pickle,Box,50,19,60000,57647.05925133122,-2352.940748668778
50cm_5Grad.pickle,Box,50,0,40000,42182.77096148452,2182.7709614845226
50cm_5Grad.pickle,Box,50,0,50000,49433.023963794985,-566.9760362050147
50cm_5Grad.pickle,Box,50,0,60000,56531.172005076216,-3468.827994923784
50cm_5Grad.pickle,Box,50,1,40000,42172.61198121498,2172.6119812149773
50cm_5Grad.pickle,Box,50,1,50000,49415.77681144071,-584.2231885592919
50cm_5Grad.pickle,Box,50,1,60000,56438.92452831636,-3561.075471683638
50cm_5Grad.pickle,Box,50,2,40000,42241.93117517411,2241.9311751741116
50cm_5Grad.pickle,Box,50,2,50000,49386.043033650065,-613.9569663499351
50cm_5Grad.pickle,Box,50,2,60000,56403.15592219601,-3596.8440778039876
50cm_5Grad.pickle,Box,50,3,40000,42188.51693940995,2188.5169394099503
50cm_5Grad.pickle,Box,50,3,50000,49360.46099666686,-639.5390033331423
50cm_5Grad.pickle,Box,50,3,60000,56454.3973014027,-3545.6026985973003
50cm_5Grad.pickle,Box,50,4,40000,42325.46701823063,2325.467018230629
50cm_5Grad.pickle,Box,50,4,50000,49374.49738753339,-625.502612466611
50cm_5Grad.pickle,Box,50,4,60000,56403.08388159939,-3596.916118400608
50cm_5Grad.pickle,Box,50,5,40000,42327.6453586156,2327.6453586155985
50cm_5Grad.pickle,Box,50,5,50000,49376.11780103277,-623.8821989672288
50cm_5Grad.pickle,Box,50,5,60000,56439.53550652639,-3560.4644934736134
50cm_5Grad.pickle,Box,50,6,40000,42344.37315501419,2344.3731550141893
50cm_5Grad.pickle,Box,50,6,50000,49421.373529789074,-578.6264702109256
50cm_5Grad.pickle,Box,50,6,60000,56422.78520404583,-3577.214795954169
50cm_5Grad.pickle,Box,50,7,40000,42385.28209599747,2385.2820959974706
50cm_5Grad.pickle,Box,50,7,50000,49430.03857514999,-569.9614248500075
50cm_5Grad.pickle,Box,50,7,60000,56464.882681866664,-3535.117318133336
50cm_5Grad.pickle,Box,50,8,40000,42336.20571499433,2336.2057149943284
50cm_5Grad.pickle,Box,50,8,50000,49389.12271320687,-610.877286793133
50cm_5Grad.pickle,Box,50,8,60000,56446.238546189066,-3553.7614538109337
50cm_5Grad.pickle,Box,50,9,40000,42338.744154932894,2338.744154932894
50cm_5Grad.pickle,Box,50,9,50000,49375.40566088279,-624.5943391172113
50cm_5Grad.pickle,Box,50,9,60000,56359.21570457045,-3640.7842954295484
50cm_5Grad.pickle,Box,50,10,40000,42410.854995560105,2410.8549955601047
50cm_5Grad.pickle,Box,50,10,50000,49426.84586716693,-573.1541328330713
50cm_5Grad.pickle,Box,50,10,60000,56454.02856253873,-3545.9714374612668
50cm_5Grad.pickle,Box,50,11,40000,42470.28392502295,2470.2839250229517
50cm_5Grad.pickle,Box,50,11,50000,49416.24918649348,-583.7508135065218
50cm_5Grad.pickle,Box,50,11,60000,56472.83994524589,-3527.1600547541093
50cm_5Grad.pickle,Box,50,12,40000,42397.78249946233,2397.7824994623297
50cm_5Grad.pickle,Box,50,12,50000,49359.97696797974,-640.0230320202609
50cm_5Grad.pickle,Box,50,12,60000,56415.04415630879,-3584.955843691212
50cm_5Grad.pickle,Box,50,13,40000,42364.976720857136,2364.9767208571357
50cm_5Grad.pickle,Box,50,13,50000,49386.646500847404,-613.3534991525958
50cm_5Grad.pickle,Box,50,13,60000,56438.68536537682,-3561.3146346231806
50cm_5Grad.pickle,Box,50,14,40000,42395.58780930433,2395.5878093043284
50cm_5Grad.pickle,Box,50,14,50000,49399.179252844755,-600.820747155245
50cm_5Grad.pickle,Box,50,14,60000,56406.62292631697,-3593.3770736830265
50cm_5Grad.pickle,Box,50,15,40000,42297.47681562543,2297.4768156254286
50cm_5Grad.pickle,Box,50,15,50000,49353.89885833472,-646.1011416652764
50cm_5Grad.pickle,Box,50,15,60000,56426.60850632026,-3573.3914936797373
50cm_5Grad.pickle,Box,50,16,40000,42394.87489453741,2394.87489453741
50cm_5Grad.pickle,Box,50,16,50000,49418.854174439606,-581.1458255603939
50cm_5Grad.pickle,Box,50,16,60000,56408.920364309015,-3591.079635690985
50cm_5Grad.pickle,Box,50,17,40000,42300.58669592176,2300.58669592176
50cm_5Grad.pickle,Box,50,17,50000,49413.25332237807,-586.7466776219298
50cm_5Grad.pickle,Box,50,17,60000,56488.40859074557,-3511.5914092544335
50cm_5Grad.pickle,Box,50,18,40000,42409.737446796484,2409.7374467964837
50cm_5Grad.pickle,Box,50,18,50000,49507.45985894737,-492.54014105263195
50cm_5Grad.pickle,Box,50,18,60000,56496.65483196452,-3503.3451680354774
50cm_5Grad.pickle,Box,50,19,40000,42267.46445658798,2267.464456587979
50cm_5Grad.pickle,Box,50,19,50000,49336.34199376041,-663.6580062395878
50cm_5Grad.pickle,Box,50,19,60000,56374.36174004533,-3625.6382599546705
75cm_-10Grad.pickle,Box,75,0,40000,42011.86261192266,2011.862611922661
75cm_-10Grad.pickle,Box,75,0,50000,50351.35194387488,351.3519438748772
75cm_-10Grad.pickle,Box,75,0,60000,58409.4159900038,-1590.5840099962006
75cm_-10Grad.pickle,Box,75,1,40000,42030.599729684785,2030.5997296847854
75cm_-10Grad.pickle,Box,75,1,50000,50379.483154576366,379.48315457636636
75cm_-10Grad.pickle,Box,75,1,60000,58397.62045280231,-1602.3795471976919
75cm_-10Grad.pickle,Box,75,2,40000,41946.56023755334,1946.5602375533417
75cm_-10Grad.pickle,Box,75,2,50000,50278.3128112667,278.3128112666964
75cm_-10Grad.pickle,Box,75,2,60000,58433.309712362636,-1566.6902876373642
75cm_-10Grad.pickle,Box,75,3,40000,42022.8564822676,2022.856482267598
75cm_-10Grad.pickle,Box,75,3,50000,50453.52246505841,453.5224650584132
75cm_-10Grad.pickle,Box,75,3,60000,58437.53495479765,-1562.4650452023488
75cm_-10Grad.pickle,Box,75,4,40000,41988.47831751489,1988.4783175148914
75cm_-10Grad.pickle,Box,75,4,50000,50452.049873756165,452.04987375616474
75cm_-10Grad.pickle,Box,75,4,60000,58487.904950605,-1512.0950493950004
75cm_-10Grad.pickle,Box,75,5,40000,42079.20318657129,2079.2031865712925
75cm_-10Grad.pickle,Box,75,5,50000,50542.66413292122,542.6641329212216
75cm_-10Grad.pickle,Box,75,5,60000,58455.73302973376,-1544.2669702662388
75cm_-10Grad.pickle,Box,75,6,40000,42061.50678441196,2061.506784411962
75cm_-10Grad.pickle,Box,75,6,50000,50476.97798743619,476.97798743619205
75cm_-10Grad.pickle,Box,75,6,60000,58401.16944437991,-1598.8305556200867
75cm_-10Grad.pickle,Box,75,7,40000,42015.4824233753,2015.4824233753025
75cm_-10Grad.pickle,Box,75,7,50000,50374.71051146253,374.7105114625301
75cm_-10Grad.pickle,Box,75,7,60000,58435.13918834972,-1564.86081165028
75cm_-10Grad.pickle,Box,75,8,40000,42036.17946832094,2036.1794683209373
75cm_-10Grad.pickle,Box,75,8,50000,50387.86165771278,387.8616577127832
75cm_-10Grad.pickle,Box,75,8,60000,58383.91374925099,-1616.0862507490092
75cm_-10Grad.pickle,Box,75,9,40000,42002.4166399365,2002.4166399364985
75cm_-10Grad.pickle,Box,75,9,50000,50368.93224244197,368.93224244197336
75cm_-10Grad.pickle,Box,75,9,60000,58427.50273368474,-1572.4972663152585
75cm_-10Grad.pickle,Box,75,10,40000,42038.75307302221,2038.7530730222134
75cm_-10Grad.pickle,Box,75,10,50000,50330.422716667046,330.4227166670462
75cm_-10Grad.pickle,Box,75,10,60000,58406.18792138596,-1593.8120786140425
75cm_-10Grad.pickle,Box,75,11,40000,42087.87945596861,2087.8794559686066
75cm_-10Grad.pickle,Box,75,11,50000,50391.17653197296,391.1765319729602
75cm_-10Grad.pickle,Box,75,11,60000,58398.088658104345,-1601.911341895655
75cm_-10Grad.pickle,Box,75,12,40000,41994.46736198799,1994.4673619879904
75cm_-10Grad.pickle,Box,75,12,50000,50276.18818607539,276.1881860753929
75cm_-10Grad.pickle,Box,75,12,60000,58397.91939682751,-1602.0806031724933
75cm_-10Grad.pickle,Box,75,13,40000,42057.43785856367,2057.437858563673
75cm_-10Grad.pickle,Box,75,13,50000,50415.11436403721,415.1143640372102
75cm_-10Grad.pickle,Box,75,13,60000,58452.78822742988,-1547.2117725701173
75cm_-10Grad.pickle,Box,75,14,40000,42052.79526914842,2052.795269148417
75cm_-10Grad.pickle,Box,75,14,50000,50382.72769891801,382.72769891801
75cm_-10Grad.pickle,Box,75,14,60000,58391.39601659865,-1608.60398340135
75cm_-10Grad.pickle,Box,75,15,40000,41989.94782627724,1989.947826277239
75cm_-10Grad.pickle,Box,75,15,50000,50324.96120828626,324.9612082862586
75cm_-10Grad.pickle,Box,75,15,60000,58362.641264899765,-1637.3587351002352
75cm_-10Grad.pickle,Box,75,16,40000,42062.07847807839,2062.078478078387
75cm_-10Grad.pickle,Box,75,16,50000,50438.32041488839,438.32041488838877
75cm_-10Grad.pickle,Box,75,16,60000,58402.115252144955,-1597.8847478550451
75cm_-10Grad.pickle,Box,75,17,40000,42075.526255110984,2075.5262551109845
75cm_-10Grad.pickle,Box,75,17,50000,50373.414387555,373.41438755499985
75cm_-10Grad.pickle,Box,75,17,60000,58369.730569488616,-1630.2694305113837
75cm_-10Grad.pickle,Box,75,18,40000,42017.275500922646,2017.2755009226457
75cm_-10Grad.pickle,Box,75,18,50000,50345.573037942646,345.5730379426459
75cm_-10Grad.pickle,Box,75,18,60000,58421.79553044067,-1578.2044695593286
75cm_-10Grad.pickle,Box,75,19,40000,42127.34450450913,2127.3445045091285
75cm_-10Grad.pickle,Box,75,19,50000,50465.597457933385,465.59745793338516
75cm_-10Grad.pickle,Box,75,19,60000,58340.146864654685,-1659.8531353453145
75cm_-5Grad.pickle,Box,75,0,40000,41884.781872236235,1884.7818722362354
75cm_-5Grad.pickle,Box,75,0,50000,49161.93637939489,-838.0636206051131
75cm_-5Grad.pickle,Box,75,0,60000,57877.990183919275,-2122.0098160807247
75cm_-5Grad.pickle,Box,75,1,40000,41744.871037715595,1744.8710377155949
75cm_-5Grad.pickle,Box,75,1,50000,49057.02210650436,-942.9778934956412
75cm_-5Grad.pickle,Box,75,1,60000,57994.21961713415,-2005.7803828658507
75cm_-5Grad.pickle,Box,75,2,40000,41843.376625011566,1843.376625011566
75cm_-5Grad.pickle,Box,75,2,50000,49145.06736131266,-854.9326386873436
75cm_-5Grad.pickle,Box,75,2,60000,57974.47779195267,-2025.5222080473322
75cm_-5Grad.pickle,Box,75,3,40000,41922.17779301759,1922.1777930175886
75cm_-5Grad.pickle,Box,75,3,50000,49186.29765805546,-813.7023419445395
75cm_-5Grad.pickle,Box,75,3,60000,57945.21404487041,-2054.7859551295915
75cm_-5Grad.pickle,Box,75,4,40000,41991.402586699915,1991.4025866999145
75cm_-5Grad.pickle,Box,75,4,50000,49294.89794671598,-705.1020532840193
75cm_-5Grad.pickle,Box,75,4,60000,57928.51295398012,-2071.48704601988
75cm_-5Grad.pickle,Box,75,5,40000,42039.74285300841,2039.742853008407
75cm_-5Grad.pickle,Box,75,5,50000,49336.5667433021,-663.4332566978992
75cm_-5Grad.pickle,Box,75,5,60000,57931.006530817984,-2068.9934691820163
75cm_-5Grad.pickle,Box,75,6,40000,41977.52183205432,1977.5218320543208
75cm_-5Grad.pickle,Box,75,6,50000,49241.46979328216,-758.5302067178418
75cm_-5Grad.pickle,Box,75,6,60000,57883.71924425779,-2116.280755742213
75cm_-5Grad.pickle,Box,75,7,40000,41904.277936719736,1904.2779367197363
75cm_-5Grad.pickle,Box,75,7,50000,49193.6208430655,-806.3791569344976
75cm_-5Grad.pickle,Box,75,7,60000,57904.12324921516,-2095.876750784839
75cm_-5Grad.pickle,Box,75,8,40000,41901.95727588102,1901.9572758810173
75cm_-5Grad.pickle,Box,75,8,50000,49163.62908175943,-836.3709182405728
75cm_-5Grad.pickle,Box,75,8,60000,57899.30104020182,-2100.698959798181
75cm_-5Grad.pickle,Box,75,9,40000,41816.63093482825,1816.630934828252
75cm_-5Grad.pickle,Box,75,9,50000,49082.71984521666,-917.2801547833369
75cm_-5Grad.pickle,Box,75,9,60000,57937.88201930475,-2062.1179806952496
75cm_-5Grad.pickle,Box,75,10,40000,41834.30825941433,1834.308259414327
75cm_-5Grad.pickle,Box,75,10,50000,49106.363561736245,-893.6364382637548
75cm_-5Grad.pickle,Box,75,10,60000,57943.60526068988,-2056.394739310119
75cm_-5Grad.pickle,Box,75,11,40000,41873.22956728717,1873.2295672871696
75cm_-5Grad.pickle,Box,75,11,50000,49164.81620284794,-835.1837971520581
75cm_-5Grad.pickle,Box,75,11,60000,57930.180041848864,-2069.8199581511362
75cm_-5Grad.pickle,Box,75,12,40000,41965.10157905681,1965.1015790568126
75cm_-5Grad.pickle,Box,75,12,50000,49249.821536108466,-750.1784638915342
75cm_-5Grad.pickle,Box,75,12,60000,57889.28438842495,-2110.7156115750477
75cm_-5Grad.pickle,Box,75,13,40000,41895.129007479096,1895.129007479096
75cm_-5Grad.pickle,Box,75,13,50000,49185.523711439455,-814.4762885605451
75cm_-5Grad.pickle,Box,75,13,60000,57886.676454822904,-2113.323545177096
75cm_-5Grad.pickle,Box,75,14,40000,41910.371374204784,1910.371374204784
75cm_-5Grad.pickle,Box,75,14,50000,49227.66384518574,-772.3361548142566
75cm_-5Grad.pickle,Box,75,14,60000,57984.018823228456,-2015.9811767715437
75cm_-5Grad.pickle,Box,75,15,40000,41929.225100786716,1929.2251007867162
75cm_-5Grad.pickle,Box,75,15,50000,49209.00434559734,-790.9956544026572
75cm_-5Grad.pickle,Box,75,15,60000,57813.93886222443,-2186.0611377755704
75cm_-5Grad.pickle,Box,75,16,40000,41878.100740012116,1878.1007400121161
75cm_-5Grad.pickle,Box,75,16,50000,49170.016764798296,-829.9832352017038
75cm_-5Grad.pickle,Box,75,16,60000,57862.36117352374,-2137.6388264762572
75cm_-5Grad.pickle,Box,75,17,40000,41822.18435322995,1822.1843532299536
75cm_-5Grad.pickle,Box,75,17,50000,49122.346052074274,-877.6539479257262
75cm_-5Grad.pickle,Box,75,17,60000,57951.15971581537,-2048.8402841846328
75cm_-5Grad.pickle,Box,75,18,40000,41819.97813139414,1819.978131394142
75cm_-5Grad.pickle,Box,75,18,50000,49146.35392046973,-853.6460795302701
75cm_-5Grad.pickle,Box,75,18,60000,58018.969526856745,-1981.0304731432552
75cm_-5Grad.pickle,Box,75,19,40000,41751.68309302708,1751.6830930270808
75cm_-5Grad.pickle,Box,75,19,50000,49016.09285981451,-983.907140185489
75cm_-5Grad.pickle,Box,75,19,60000,58036.063218384705,-1963.9367816152953
75cm_0Grad.pickle,Box,75,0,40000,42657.70331919604,2657.7033191960436
75cm_0Grad.pickle,Box,75,0,50000,50374.9041119334,374.9041119333997
75cm_0Grad.pickle,Box,75,0,60000,58245.951354871206,-1754.0486451287943
75cm_0Grad.pickle,Box,75,1,40000,42669.10631362009,2669.10631362009
75cm_0Grad.pickle,Box,75,1,50000,50364.31023022965,364.31023022964655
75cm_0Grad.pickle,Box,75,1,60000,58290.13517308225,-1709.8648269177502
75cm_0Grad.pickle,Box,75,2,40000,42642.77179476855,2642.7717947685524
75cm_0Grad.pickle,Box,75,2,50000,50250.02725125661,250.027251256608
75cm_0Grad.pickle,Box,75,2,60000,58109.55848729963,-1890.4415127003667
75cm_0Grad.pickle,Box,75,3,40000,42812.35014308847,2812.3501430884717
75cm_0Grad.pickle,Box,75,3,50000,50343.46094745145,343.4609474514509
75cm_0Grad.pickle,Box,75,3,60000,58213.21453714518,-1786.785462854823
75cm_0Grad.pickle,Box,75,4,40000,42767.19699981556,2767.196999815562
75cm_0Grad.pickle,Box,75,4,50000,50498.82023390863,498.8202339086274
75cm_0Grad.pickle,Box,75,4,60000,58353.141608013495,-1646.858391986505
75cm_0Grad.pickle,Box,75,5,40000,42825.64612322021,2825.6461232202128
75cm_0Grad.pickle,Box,75,5,50000,50557.82737890605,557.8273789060477
75cm_0Grad.pickle,Box,75,5,60000,58397.82149160211,-1602.1785083978903
75cm_0Grad.pickle,Box,75,6,40000,43109.63528681583,3109.6352868158283
75cm_0Grad.pickle,Box,75,6,50000,50676.31212852533,676.3121285253292
75cm_0Grad.pickle,Box,75,6,60000,58482.07562255469,-1517.9243774453134
75cm_0Grad.pickle,Box,75,7,40000,42776.76243238226,2776.76243238226
75cm_0Grad.pickle,Box,75,7,50000,50346.77377923176,346.77377923175663
75cm_0Grad.pickle,Box,75,7,60000,58183.00369506654,-1816.996304933462
75cm_0Grad.pickle,Box,75,8,40000,42770.524131501814,2770.524131501814
75cm_0Grad.pickle,Box,75,8,50000,50240.07343617926,240.07343617925653
75cm_0Grad.pickle,Box,75,8,60000,58029.0886889971,-1970.9113110028993
75cm_0Grad.pickle,Box,75,9,40000,43017.845719441146,3017.845719441146
75cm_0Grad.pickle,Box,75,9,50000,50518.30567938752,518.3056793875221
75cm_0Grad.pickle,Box,75,9,60000,58335.8644384331,-1664.1355615669017
75cm_0Grad.pickle,Box,75,10,40000,42693.70225044816,2693.7022504481574
75cm_0Grad.pickle,Box,75,10,50000,50301.53776448877,301.53776448877034
75cm_0Grad.pickle,Box,75,10,60000,58279.895571917965,-1720.1044280820352
75cm_0Grad.pickle,Box,75,11,40000,42903.8893750305,2903.8893750304997
75cm_0Grad.pickle,Box,75,11,50000,50506.03318213671,506.0331821367072
75cm_0Grad.pickle,Box,75,11,60000,58395.551573625395,-1604.4484263746053
75cm_0Grad.pickle,Box,75,12,40000,42707.213530351655,2707.213530351655
75cm_0Grad.pickle,Box,75,12,50000,50439.13893585853,439.1389358585293
75cm_0Grad.pickle,Box,75,12,60000,58405.55876033107,-1594.4412396689295
75cm_0Grad.pickle,Box,75,13,40000,42753.30371526763,2753.3037152676334
75cm_0Grad.pickle,Box,75,13,50000,50618.725294629985,618.725294629985
75cm_0Grad.pickle,Box,75,13,60000,58558.099367392046,-1441.9006326079543
75cm_0Grad.pickle,Box,75,14,40000,42862.01446516428,2862.0144651642768
75cm_0Grad.pickle,Box,75,14,50000,50673.7162653059,673.7162653058986
75cm_0Grad.pickle,Box,75,14,60000,58546.436248908765,-1453.5637510912347
75cm_0Grad.pickle,Box,75,15,40000,42643.880904653284,2643.8809046532842
75cm_0Grad.pickle,Box,75,15,50000,50458.23260436962,458.232604369623
75cm_0Grad.pickle,Box,75,15,60000,58370.62280719388,-1629.3771928061178
75cm_0Grad.pickle,Box,75,16,40000,42763.061865235184,2763.061865235184
75cm_0Grad.pickle,Box,75,16,50000,50758.448224789114,758.4482247891137
75cm_0Grad.pickle,Box,75,16,60000,58574.64098906524,-1425.359010934757
75cm_0Grad.pickle,Box,75,17,40000,42935.4861643967,2935.4861643967015
75cm_0Grad.pickle,Box,75,17,50000,50751.73461362288,751.7346136228807
75cm_0Grad.pickle,Box,75,17,60000,58550.243503277394,-1449.7564967226062
75cm_0Grad.pickle,Box,75,18,40000,42820.50002123234,2820.500021232343
75cm_0Grad.pickle,Box,75,18,50000,50574.95250755106,574.952507551061
75cm_0Grad.pickle,Box,75,18,60000,58474.38609946752,-1525.6139005324803
75cm_0Grad.pickle,Box,75,19,40000,42916.63182585118,2916.631825851182
75cm_0Grad.pickle,Box,75,19,50000,50662.27299353491,662.2729935349125
75cm_0Grad.pickle,Box,75,19,60000,58459.98114874702,-1540.0188512529785
75cm_10Grad.pickle,Box,75,0,40000,42286.865579446116,2286.8655794461156
75cm_10Grad.pickle,Box,75,0,50000,51323.63690350506,1323.6369035050593
75cm_10Grad.pickle,Box,75,0,60000,58509.67186097269,-1490.3281390273114
75cm_10Grad.pickle,Box,75,1,40000,42241.27936767836,2241.279367678362
75cm_10Grad.pickle,Box,75,1,50000,51148.19139870669,1148.1913987066873
75cm_10Grad.pickle,Box,75,1,60000,58508.964934345044,-1491.0350656549563
75cm_10Grad.pickle,Box,75,2,40000,42383.542798964205,2383.542798964205
75cm_10Grad.pickle,Box,75,2,50000,51290.9724832755,1290.9724832755019
75cm_10Grad.pickle,Box,75,2,60000,58538.467945283046,-1461.532054716954
75cm_10Grad.pickle,Box,75,3,40000,42297.532111931934,2297.532111931934
75cm_10Grad.pickle,Box,75,3,50000,51384.59696811022,1384.5969681102215
75cm_10Grad.pickle,Box,75,3,60000,58557.44132520607,-1442.5586747939305
75cm_10Grad.pickle,Box,75,4,40000,42313.40840969312,2313.4084096931183
75cm_10Grad.pickle,Box,75,4,50000,51405.060573399314,1405.0605733993143
75cm_10Grad.pickle,Box,75,4,60000,58619.64029414311,-1380.359705856892
75cm_10Grad.pickle,Box,75,5,40000,42404.49541186995,2404.4954118699534
75cm_10Grad.pickle,Box,75,5,50000,51437.499698554966,1437.499698554966
75cm_10Grad.pickle,Box,75,5,60000,58555.16116353296,-1444.838836467039
75cm_10Grad.pickle,Box,75,6,40000,42361.29841250666,2361.2984125066578
75cm_10Grad.pickle,Box,75,6,50000,51323.639448468646,1323.6394484686462
75cm_10Grad.pickle,Box,75,6,60000,58560.50031965989,-1439.4996803401082
75cm_10Grad.pickle,Box,75,7,40000,42258.20913807623,2258.2091380762286
75cm_10Grad.pickle,Box,75,7,50000,51288.02732021061,1288.027320210611
75cm_10Grad.pickle,Box,75,7,60000,58556.29055707219,-1443.7094429278077
75cm_10Grad.pickle,Box,75,8,40000,42331.07542286182,2331.075422861817
75cm_10Grad.pickle,Box,75,8,50000,51258.58645564312,1258.5864556431188
75cm_10Grad.pickle,Box,75,8,60000,58540.79948329172,-1459.2005167082825
75cm_10Grad.pickle,Box,75,9,40000,42379.00115768122,2379.0011576812176
75cm_10Grad.pickle,Box,75,9,50000,51305.98767192881,1305.9876719288077
75cm_10Grad.pickle,Box,75,9,60000,58531.609357453184,-1468.3906425468158
75cm_10Grad.pickle,Box,75,10,40000,42355.4225412887,2355.4225412887026
75cm_10Grad.pickle,Box,75,10,50000,51358.352051943264,1358.352051943264
75cm_10Grad.pickle,Box,75,10,60000,58554.620441512525,-1445.3795584874752
75cm_10Grad.pickle,Box,75,11,40000,42371.15489317397,2371.154893173967
75cm_10Grad.pickle,Box,75,11,50000,51359.72971355936,1359.7297135593617
75cm_10Grad.pickle,Box,75,11,60000,58541.734126053,-1458.265873946999
75cm_10Grad.pickle,Box,75,12,40000,42290.75468005271,2290.7546800527125
75cm_10Grad.pickle,Box,75,12,50000,51339.12543077514,1339.125430775137
75cm_10Grad.pickle,Box,75,12,60000,58567.88133902139,-1432.1186609786091
75cm_10Grad.pickle,Box,75,13,40000,42338.42573757196,2338.425737571961
75cm_10Grad.pickle,Box,75,13,50000,51339.134711105384,1339.1347111053838
75cm_10Grad.pickle,Box,75,13,60000,58560.363307121996,-1439.6366928780044
75cm_10Grad.pickle,Box,75,14,40000,42324.24488375048,2324.244883750478
75cm_10Grad.pickle,Box,75,14,50000,51393.21472330738,1393.2147233073774
75cm_10Grad.pickle,Box,75,14,60000,58606.157331440474,-1393.842668559526
75cm_10Grad.pickle,Box,75,15,40000,42212.40923835267,2212.409238352673
75cm_10Grad.pickle,Box,75,15,50000,51338.90478558278,1338.9047855827812
75cm_10Grad.pickle,Box,75,15,60000,58602.85142317979,-1397.148576820211
75cm_10Grad.pickle,Box,75,16,40000,42350.89139096282,2350.8913909628172
75cm_10Grad.pickle,Box,75,16,50000,51374.77809298093,1374.7780929809305
75cm_10Grad.pickle,Box,75,16,60000,58555.88812566168,-1444.1118743383195
75cm_10Grad.pickle,Box,75,17,40000,42445.73688448581,2445.7368844858065
75cm_10Grad.pickle,Box,75,17,50000,51489.71360300545,1489.7136030054535
75cm_10Grad.pickle,Box,75,17,60000,58548.49411243756,-1451.5058875624381
75cm_10Grad.pickle,Box,75,18,40000,42328.18418696595,2328.1841869659474
75cm_10Grad.pickle,Box,75,18,50000,51348.225945558996,1348.2259455589956
75cm_10Grad.pickle,Box,75,18,60000,58552.237925597015,-1447.7620744029846
75cm_10Grad.pickle,Box,75,19,40000,42410.65977189102,2410.65977189102
75cm_10Grad.pickle,Box,75,19,50000,51253.3014568276,1253.3014568275976
75cm_10Grad.pickle,Box,75,19,60000,58460.40624645429,-1539.5937535457124
75cm_5Grad.pickle,Box,75,0,40000,42825.796850655184,2825.7968506551842
75cm_5Grad.pickle,Box,75,0,50000,50447.14655904271,447.1465590427106
75cm_5Grad.pickle,Box,75,0,60000,57689.3107087002,-2310.689291299801
75cm_5Grad.pickle,Box,75,1,40000,42677.69317214626,2677.6931721462606
75cm_5Grad.pickle,Box,75,1,50000,50405.83395742202,405.83395742202265
75cm_5Grad.pickle,Box,75,1,60000,57640.221666129364,-2359.778333870636
75cm_5Grad.pickle,Box,75,2,40000,42639.96030846788,2639.960308467882
75cm_5Grad.pickle,Box,75,2,50000,50415.93227031662,415.9322703166181
75cm_5Grad.pickle,Box,75,2,60000,57726.67241882242,-2273.327581177582
75cm_5Grad.pickle,Box,75,3,40000,42707.64204047051,2707.642040470513
75cm_5Grad.pickle,Box,75,3,50000,50392.984622986114,392.9846229861141
75cm_5Grad.pickle,Box,75,3,60000,57634.97662976335,-2365.023370236653
75cm_5Grad.pickle,Box,75,4,40000,42649.88057025638,2649.880570256377
75cm_5Grad.pickle,Box,75,4,50000,50399.16832407582,399.16832407582115
75cm_5Grad.pickle,Box,75,4,60000,57655.38462854601,-2344.6153714539905
75cm_5Grad.pickle,Box,75,5,40000,42763.84998043317,2763.849980433173
75cm_5Grad.pickle,Box,75,5,50000,50452.563863500836,452.5638635008363
75cm_5Grad.pickle,Box,75,5,60000,57654.02758701656,-2345.972412983443
75cm_5Grad.pickle,Box,75,6,40000,42708.1545403229,2708.154540322903
75cm_5Grad.pickle,Box,75,6,50000,50504.663055893085,504.6630558930847
75cm_5Grad.pickle,Box,75,6,60000,57777.237212544605,-2222.7627874553946
75cm_5Grad.pickle,Box,75,7,40000,42809.9526215909,2809.952621590899
75cm_5Grad.pickle,Box,75,7,50000,50541.40081579428,541.4008157942808
75cm_5Grad.pickle,Box,75,7,60000,57811.65065858079,-2188.3493414192126
75cm_5Grad.pickle,Box,75,8,40000,42718.604260651606,2718.6042606516057
75cm_5Grad.pickle,Box,75,8,50000,50487.58914281234,487.5891428123432
75cm_5Grad.pickle,Box,75,8,60000,57743.011313261515,-2256.988686738485
75cm_5Grad.pickle,Box,75,9,40000,42850.8394045865,2850.839404586499
75cm_5Grad.pickle,Box,75,9,50000,50523.71912944719,523.7191294471922
75cm_5Grad.pickle,Box,75,9,60000,57748.053691871944,-2251.9463081280555
75cm_5Grad.pickle,Box,75,10,40000,42761.63998711297,2761.639987112969
75cm_5Grad.pickle,Box,75,10,50000,50326.76328513414,326.76328513414046
75cm_5Grad.pickle,Box,75,10,60000,57651.0870462688,-2348.9129537311965
75cm_5Grad.pickle,Box,75,11,40000,42801.552984199116,2801.5529841991156
75cm_5Grad.pickle,Box,75,11,50000,50420.56204385951,420.56204385950696
75cm_5Grad.pickle,Box,75,11,60000,57773.7600580828,-2226.2399419171998
75cm_5Grad.pickle,Box,75,12,40000,42857.64907960047,2857.6490796004728
75cm_5Grad.pickle,Box,75,12,50000,50576.04000977418,576.0400097741804
75cm_5Grad.pickle,Box,75,12,60000,57750.005831764305,-2249.994168235695
75cm_5Grad.pickle,Box,75,13,40000,42869.64024620335,2869.640246203351
75cm_5Grad.pickle,Box,75,13,50000,50620.30338567016,620.3033856701586
75cm_5Grad.pickle,Box,75,13,60000,57806.50818686709,-2193.4918131329105
75cm_5Grad.pickle,Box,75,14,40000,42754.52092282917,2754.5209228291715
75cm_5Grad.pickle,Box,75,14,50000,50510.98655078488,510.9865507848808
75cm_5Grad.pickle,Box,75,14,60000,57752.09340395973,-2247.906596040273
75cm_5Grad.pickle,Box,75,15,40000,42812.93341824447,2812.9334182444727
75cm_5Grad.pickle,Box,75,15,50000,50511.53052623402,511.5305262340189
75cm_5Grad.pickle,Box,75,15,60000,57762.103266916296,-2237.896733083704
75cm_5Grad.pickle,Box,75,16,40000,42794.93328403056,2794.933284030558
75cm_5Grad.pickle,Box,75,16,50000,50559.25562452428,559.2556245242813
75cm_5Grad.pickle,Box,75,16,60000,57787.9589038078,-2212.0410961922025
75cm_5Grad.pickle,Box,75,17,40000,42709.0698181164,2709.069818116397
75cm_5Grad.pickle,Box,75,17,50000,50504.95325385741,504.9532538574131
75cm_5Grad.pickle,Box,75,17,60000,57871.81429947619,-2128.1857005238126
75cm_5Grad.pickle,Box,75,18,40000,42953.11292922751,2953.1129292275073
75cm_5Grad.pickle,Box,75,18,50000,50620.09037319316,620.0903731931612
75cm_5Grad.pickle,Box,75,18,60000,57784.26138195672,-2215.7386180432804
75cm_5Grad.pickle,Box,75,19,40000,42826.72777678823,2826.7277767882333
75cm_5Grad.pickle,Box,75,19,50000,50572.839201264396,572.8392012643963
75cm_5Grad.pickle,Box,75,19,60000,57860.52275695175,-2139.477243048248
100cm_-10Grad.pickle,Dose,100,0,40000,41688.1465071387,1688.1465071386992
100cm_-10Grad.pickle,Dose,100,0,50000,49980.14835755696,-19.851642443041783
100cm_-10Grad.pickle,Dose,100,0,60000,56971.11071343278,-3028.889286567217
100cm_-10Grad.pickle,Dose,100,1,40000,41569.71401618309,1569.7140161830903
100cm_-10Grad.pickle,Dose,100,1,50000,49976.425789317145,-23.574210682854755
100cm_-10Grad.pickle,Dose,100,1,60000,57130.44065536898,-2869.559344631023
100cm_-10Grad.pickle,Dose,100,2,40000,41492.86647693696,1492.866476936957
100cm_-10Grad.pickle,Dose,100,2,50000,49730.509857746445,-269.49014225355495
100cm_-10Grad.pickle,Dose,100,2,60000,56922.18137439561,-3077.818625604392
100cm_-10Grad.pickle,Dose,100,3,40000,41430.91938483097,1430.9193848309733
100cm_-10Grad.pickle,Dose,100,3,50000,49694.87051546107,-305.1294845389275
100cm_-10Grad.pickle,Dose,100,3,60000,56996.93002964971,-3003.0699703502905
100cm_-10Grad.pickle,Dose,100,4,40000,41568.361262026796,1568.3612620267959
100cm_-10Grad.pickle,Dose,100,4,50000,49654.27010367917,-345.72989632083045
100cm_-10Grad.pickle,Dose,100,4,60000,56844.33904784425,-3155.6609521557475
100cm_-10Grad.pickle,Dose,100,5,40000,41798.281448149486,1798.281448149486
100cm_-10Grad.pickle,Dose,100,5,50000,49670.6273664968,-329.372633503197
100cm_-10Grad.pickle,Dose,100,5,60000,56694.09900786217,-3305.900992137831
100cm_-10Grad.pickle,Dose,100,6,40000,41836.42041598087,1836.4204159808723
100cm_-10Grad.pickle,Dose,100,6,50000,49791.74917291129,-208.25082708871196
100cm_-10Grad.pickle,Dose,100,6,60000,56778.20457511504,-3221.7954248849564
100cm_-10Grad.pickle,Dose,100,7,40000,41870.546567785335,1870.5465677853354
100cm_-10Grad.pickle,Dose,100,7,50000,49897.086112348836,-102.91388765116426
100cm_-10Grad.pickle,Dose,100,7,60000,56671.92960220424,-3328.07039779576
100cm_-10Grad.pickle,Dose,100,8,40000,41688.56354918164,1688.5635491816429
100cm_-10Grad.pickle,Dose,100,8,50000,49840.69844283078,-159.3015571692231
100cm_-10Grad.pickle,Dose,100,8,60000,56471.04354089137,-3528.956459108631
100cm_-10Grad.pickle,Dose,100,9,40000,41810.378758662424,1810.378758662424
100cm_-10Grad.pickle,Dose,100,9,50000,50161.08655338746,161.0865533874603
100cm_-10Grad.pickle,Dose,100,9,60000,56780.409655822776,-3219.5903441772243
100cm_-10Grad.pickle,Dose,100,10,40000,42687.21031318325,2687.210313183248
100cm_-10Grad.pickle,Dose,100,10,50000,50728.65237197368,728.6523719736797
100cm_-10Grad.pickle,Dose,100,10,60000,56453.77973716137,-3546.2202628386294
100cm_-10Grad.pickle,Dose,100,11,40000,43253.446396481995,3253.446396481995
100cm_-10Grad.pickle,Dose,100,11,50000,50852.06130880226,852.0613088022583
100cm_-10Grad.pickle,Dose,100,11,60000,56002.47525578395,-3997.524744216047
100cm_-10Grad.pickle,Dose,100,12,40000,42432.09899486427,2432.0989948642673
100cm_-10Grad.pickle,Dose,100,12,50000,50611.32280124753,611.3228012475302
100cm_-10Grad.pickle,Dose,100,12,60000,56268.57490719302,-3731.4250928069814
100cm_-10Grad.pickle,Dose,100,13,40000,42313.53895423716,2313.538954237163
100cm_-10Grad.pickle,Dose,100,13,50000,50750.04594146805,750.0459414680518
100cm_-10Grad.pickle,Dose,100,13,60000,56685.635527321734,-3314.364472678266
100cm_-10Grad.pickle,Dose,100,14,40000,42092.07220280364,2092.07220280364
100cm_-10Grad.pickle,Dose,100,14,50000,50643.837291140975,643.8372911409751
100cm_-10Grad.pickle,Dose,100,14,60000,56545.108714711314,-3454.891285288686
100cm_-10Grad.pickle,Dose,100,15,40000,42077.712377898926,2077.712377898926
100cm_-10Grad.pickle,Dose,100,15,50000,50472.0743719197,472.074371919698
100cm_-10Grad.pickle,Dose,100,15,60000,56788.13873832656,-3211.861261673439
100cm_-10Grad.pickle,Dose,100,16,40000,41857.78864903649,1857.7886490364908
100cm_-10Grad.pickle,Dose,100,16,50000,50411.075113615836,411.075113615836
100cm_-10Grad.pickle,Dose,100,16,60000,56909.67937976794,-3090.320620232058
100cm_-10Grad.pickle,Dose,100,17,40000,41844.62259541942,1844.6225954194233
100cm_-10Grad.pickle,Dose,100,17,50000,50398.988252927615,398.98825292761467
100cm_-10Grad.pickle,Dose,100,17,60000,56716.85715677301,-3283.1428432269895
100cm_-10Grad.pickle,Dose,100,18,40000,41861.0187102088,1861.018710208802
100cm_-10Grad.pickle,Dose,100,18,50000,50564.83987308876,564.8398730887566
100cm_-10Grad.pickle,Dose,100,18,60000,57064.950803583466,-2935.049196416534
100cm_-10Grad.pickle,Dose,100,19,40000,41711.171825603815,1711.1718256038148
100cm_-10Grad.pickle,Dose,100,19,50000,50419.77861737592,419.7786173759232
100cm_-10Grad.pickle,Dose,100,19,60000,56980.45249098252,-3019.5475090174805
100cm_-5Grad.pickle,Dose,100,0,40000,41516.47086368229,1516.4708636822907
100cm_-5Grad.pickle,Dose,100,0,50000,49822.502804490774,-177.497195509226
100cm_-5Grad.pickle,Dose,100,0,60000,57095.21164822905,-2904.788351770949
100cm_-5Grad.pickle,Dose,100,1,40000,40833.41740617064,833.4174061706435
100cm_-5Grad.pickle,Dose,100,1,50000,48550.0002006446,-1449.9997993553989
100cm_-5Grad.pickle,Dose,100,1,60000,56760.00444462294,-3239.9955553770633
100cm_-5Grad.pickle,Dose,100,2,40000,40957.398116886434,957.3981168864339
100cm_-5Grad.pickle,Dose,100,2,50000,48674.30091661481,-1325.6990833851887
100cm_-5Grad.pickle,Dose,100,2,60000,56126.19520988762,-3873.804790112379
100cm_-5Grad.pickle,Dose,100,3,40000,41076.71020118638,1076.7102011863826
100cm_-5Grad.pickle,Dose,100,3,50000,48904.895264233666,-1095.1047357663338
100cm_-5Grad.pickle,Dose,100,3,60000,56475.46904449988,-3524.530955500122
100cm_-5Grad.pickle,Dose,100,4,40000,41245.92502425343,1245.9250242534326
100cm_-5Grad.pickle,Dose,100,4,50000,49023.41597932758,-976.584020672417
100cm_-5Grad.pickle,Dose,100,4,60000,56726.86077815666,-3273.1392218433393
100cm_-5Grad.pickle,Dose,100,5,40000,41265.82950629594,1265.8295062959369
100cm_-5Grad.pickle,Dose,100,5,50000,49192.77460746835,-807.2253925316472
100cm_-5Grad.pickle,Dose,100,5,60000,56689.276745097115,-3310.723254902885
100cm_-5Grad.pickle,Dose,100,6,40000,41151.5410698909,1151.5410698909036
100cm_-5Grad.pickle,Dose,100,6,50000,48808.90882195203,-1191.0911780479728
100cm_-5Grad.pickle,Dose,100,6,60000,56231.02923291862,-3768.9707670813805
100cm_-5Grad.pickle,Dose,100,7,40000,41166.65938318953,1166.6593831895298
100cm_-5Grad.pickle,Dose,100,7,50000,48683.84672235358,-1316.1532776464228
100cm_-5Grad.pickle,Dose,100,7,60000,56719.491774453665,-3280.508225546335
100cm_-5Grad.pickle,Dose,100,8,40000,40995.49599015381,995.4959901538095
100cm_-5Grad.pickle,Dose,100,8,50000,48980.75557422462,-1019.2444257753814
100cm_-5Grad.pickle,Dose,100,8,60000,56687.197998940224,-3312.8020010597756
100cm_-5Grad.pickle,Dose,100,9,40000,41218.07284076415,1218.072840764151
100cm_-5Grad.pickle,Dose,100,9,50000,49008.974725686254,-991.0252743137462
100cm_-5Grad.pickle,Dose,100,9,60000,56397.703987964895,-3602.2960120351054
100cm_-5Grad.pickle,Dose,100,10,40000,41049.77184822951,1049.7718482295095
100cm_-5Grad.pickle,Dose,100,10,50000,49080.92666242667,-919.0733375733325
100cm_-5Grad.pickle,Dose,100,10,60000,56649.8676124368,-3350.1323875632006
100cm_-5Grad.pickle,Dose,100,11,40000,40862.566313673,862.566313673
100cm_-5Grad.pickle,Dose,100,11,50000,48530.551461312214,-1469.448538687786
100cm_-5Grad.pickle,Dose,100,11,60000,56013.06337674253,-3986.9366232574685
100cm_-5Grad.pickle,Dose,100,12,40000,40988.47537649809,988.4753764980924
100cm_-5Grad.pickle,Dose,100,12,50000,48752.42810028109,-1247.5718997189106
100cm_-5Grad.pickle,Dose,100,12,60000,57172.410180952196,-2827.5898190478038
100cm_-5Grad.pickle,Dose,100,13,40000,41011.11918384039,1011.1191838403902
100cm_-5Grad.pickle,Dose,100,13,50000,49044.507059677235,-955.4929403227652
100cm_-5Grad.pickle,Dose,100,13,60000,56271.86942282791,-3728.130577172087
100cm_-5Grad.pickle,Dose,100,14,40000,41092.553073214614,1092.5530732146144
100cm_-5Grad.pickle,Dose,100,14,50000,48678.02930688787,-1321.9706931121327
100cm_-5Grad.pickle,Dose,100,14,60000,56226.522467892384,-3773.477532107616
100cm_-5Grad.pickle,Dose,100,15,40000,41231.40221530353,1231.402215303533
100cm_-5Grad.pickle,Dose,100,15,50000,50202.5273986616,202.52739866160118
100cm_-5Grad.pickle,Dose,100,15,60000,56890.84953519907,-3109.1504648009286
100cm_-5Grad.pickle,Dose,100,16,40000,41458.56830593064,1458.5683059306393
100cm_-5Grad.pickle,Dose,100,16,50000,50231.39062532089,231.39062532089156
100cm_-5Grad.pickle,Dose,100,16,60000,57391.5802323908,-2608.419767609201
100cm_-5Grad.pickle,Dose,100,17,40000,41298.88358510172,1298.883585101721
100cm_-5Grad.pickle,Dose,100,17,50000,50075.03173656384,75.03173656384024
100cm_-5Grad.pickle,Dose,100,17,60000,57580.07721567724,-2419.9227843227636
100cm_-5Grad.pickle,Dose,100,18,40000,41446.24212533357,1446.2421253335706
100cm_-5Grad.pickle,Dose,100,18,50000,50483.0554901004,483.05549010039977
100cm_-5Grad.pickle,Dose,100,18,60000,57596.67906864188,-2403.3209313581174
100cm_-5Grad.pickle,Dose,100,19,40000,41557.24931905434,1557.2493190543391
100cm_-5Grad.pickle,Dose,100,19,50000,50595.973535351404,595.9735353514043
100cm_-5Grad.pickle,Dose,100,19,60000,57307.019769057464,-2692.980230942536
100cm_0Grad.pickle,Dose,100,0,40000,40984.713482708066,984.7134827080663
100cm_0Grad.pickle,Dose,100,0,50000,48727.67579209156,-1272.3242079084375
100cm_0Grad.pickle,Dose,100,0,60000,56604.46581871179,-3395.5341812882107
100cm_0Grad.pickle,Dose,100,1,40000,41079.748065295134,1079.7480652951344
100cm_0Grad.pickle,Dose,100,1,50000,48707.55520527984,-1292.4447947201625
100cm_0Grad.pickle,Dose,100,1,60000,56327.73965644764,-3672.2603435523633
100cm_0Grad.pickle,Dose,100,2,40000,41083.25415789344,1083.2541578934397
100cm_0Grad.pickle,Dose,100,2,50000,48808.09300095059,-1191.90699904941
100cm_0Grad.pickle,Dose,100,2,60000,56313.164776055644,-3686.8352239443557
100cm_0Grad.pickle,Dose,100,3,40000,41130.60108759395,1130.6010875939464
100cm_0Grad.pickle,Dose,100,3,50000,48660.44262652354,-1339.557373476462
100cm_0Grad.pickle,Dose,100,3,60000,56376.26711630765,-3623.732883692348
100cm_0Grad.pickle,Dose,100,4,40000,41262.31330234547,1262.313302345472
100cm_0Grad.pickle,Dose,100,4,50000,48736.64445762841,-1263.355542371588
100cm_0Grad.pickle,Dose,100,4,60000,56425.499408454576,-3574.500591545424
100cm_0Grad.pickle,Dose,100,5,40000,41062.70914136831,1062.7091413683083
100cm_0Grad.pickle,Dose,100,5,50000,48703.20686101046,-1296.7931389895384
100cm_0Grad.pickle,Dose,100,5,60000,56624.619724958866,-3375.380275041134
100cm_0Grad.pickle,Dose,100,6,40000,41172.03777580032,1172.0377758003233
100cm_0Grad.pickle,Dose,100,6,50000,48726.39403865738,-1273.6059613426187
100cm_0Grad.pickle,Dose,100,6,60000,56733.576341810236,-3266.423658189764
100cm_0Grad.pickle,Dose,100,7,40000,41309.492850419214,1309.492850419214
100cm_0Grad.pickle,Dose,100,7,50000,48804.99703179895,-1195.00296820105
100cm_0Grad.pickle,Dose,100,7,60000,56737.207313338164,-3262.7926866618363
100cm_0Grad.pickle,Dose,100,8,40000,41298.49779668646,1298.4977966864608
100cm_0Grad.pickle,Dose,100,8,50000,48830.63151385018,-1169.3684861498186
100cm_0Grad.pickle,Dose,100,8,60000,56827.68415169042,-3172.315848309583
100cm_0Grad.pickle,Dose,100,9,40000,41195.573064914264,1195.5730649142643
100cm_0Grad.pickle,Dose,100,9,50000,48676.76954128673,-1323.2304587132676
100cm_0Grad.pickle,Dose,100,9,60000,56858.95429689196,-3141.045703108037
100cm_0Grad.pickle,Dose,100,10,40000,41180.53358594064,1180.5335859406405
100cm_0Grad.pickle,Dose,100,10,50000,48849.4817461418,-1150.5182538582012
100cm_0Grad.pickle,Dose,100,10,60000,57000.56096891746,-2999.43903108254
100cm_0Grad.pickle,Dose,100,11,40000,41204.9612054476,1204.961205447602
100cm_0Grad.pickle,Dose,100,11,50000,48684.45390115692,-1315.5460988430787
100cm_0Grad.pickle,Dose,100,11,60000,57164.67181496899,-2835.3281850310086
100cm_0Grad.pickle,Dose,100,12,40000,41217.4208342328,1217.4208342327984
100cm_0Grad.pickle,Dose,100,12,50000,48553.019861197885,-1446.980138802115
100cm_0Grad.pickle,Dose,100,12,60000,56634.18574220726,-3365.814257792743
100cm_0Grad.pickle,Dose,100,13,40000,41394.705962544154,1394.7059625441543
100cm_0Grad.pickle,Dose,100,13,50000,48603.03495235939,-1396.9650476406096
100cm_0Grad.pickle,Dose,100,13,60000,57275.40474297102,-2724.595257028981
100cm_0Grad.pickle,Dose,100,14,40000,41789.57724039802,1789.5772403980227
100cm_0Grad.pickle,Dose,100,14,50000,48942.89815103847,-1057.1018489615308
100cm_0Grad.pickle,Dose,100,14,60000,57669.802558560885,-2330.197441439115
100cm_0Grad.pickle,Dose,100,15,40000,41789.50820355146,1789.508203551457
100cm_0Grad.pickle,Dose,100,15,50000,48965.05518229581,-1034.9448177041922
100cm_0Grad.pickle,Dose,100,15,60000,57599.114846355085,-2400.8851536449147
100cm_0Grad.pickle,Dose,100,16,40000,41537.14339402827,1537.1433940282732
100cm_0Grad.pickle,Dose,100,16,50000,48674.30217949517,-1325.697820504829
100cm_0Grad.pickle,Dose,100,16,60000,57149.09792476826,-2850.9020752317374
100cm_0Grad.pickle,Dose,100,17,40000,41316.30357182388,1316.3035718238825
100cm_0Grad.pickle,Dose,100,17,50000,48654.948906197096,-1345.0510938029038
100cm_0Grad.pickle,Dose,100,17,60000,57009.465572163324,-2990.5344278366756
100cm_0Grad.pickle,Dose,100,18,40000,41419.38050888163,1419.3805088816298
100cm_0Grad.pickle,Dose,100,18,50000,48617.139813567104,-1382.8601864328957
100cm_0Grad.pickle,Dose,100,18,60000,57151.93420003242,-2848.0657999675823
100cm_0Grad.pickle,Dose,100,19,40000,41471.824987752894,1471.8249877528942
100cm_0Grad.pickle,Dose,100,19,50000,48739.05283413701,-1260.9471658629918
100cm_0Grad.pickle,Dose,100,19,60000,57264.213971920806,-2735.786028079194
100cm_10Grad.pickle,Dose,100,0,40000,41986.615631815126,1986.615631815126
100cm_10Grad.pickle,Dose,100,0,50000,50651.30703181684,651.3070318168393
100cm_10Grad.pickle,Dose,100,0,60000,58142.08891931813,-1857.9110806818717
100cm_10Grad.pickle,Dose,100,1,40000,42018.371240212655,2018.3712402126548
100cm_10Grad.pickle,Dose,100,1,50000,50722.7421543886,722.7421543886012
100cm_10Grad.pickle,Dose,100,1,60000,58289.58146459175,-1710.418535408251
100cm_10Grad.pickle,Dose,100,2,40000,41970.212438998155,1970.2124389981545
100cm_10Grad.pickle,Dose,100,2,50000,50595.2626288293,595.2626288293031
100cm_10Grad.pickle,Dose,100,2,60000,58139.44076777575,-1860.559232224252
100cm_10Grad.pickle,Dose,100,3,40000,42280.26225065893,2280.2622506589323
100cm_10Grad.pickle,Dose,100,3,50000,50591.570216153465,591.5702161534646
100cm_10Grad.pickle,Dose,100,3,60000,57992.10410981071,-2007.895890189291
100cm_10Grad.pickle,Dose,100,4,40000,41795.93604215914,1795.936042159141
100cm_10Grad.pickle,Dose,100,4,50000,50522.95144207866,522.9514420786581
100cm_10Grad.pickle,Dose,100,4,60000,58366.62676308838,-1633.3732369116187
100cm_10Grad.pickle,Dose,100,5,40000,41832.53299539543,1832.5329953954279
100cm_10Grad.pickle,Dose,100,5,50000,50649.10250281402,649.1025028140211
100cm_10Grad.pickle,Dose,100,5,60000,58318.03671695985,-1681.9632830401533
100cm_10Grad.pickle,Dose,100,6,40000,42043.911178789225,2043.9111787892252
100cm_10Grad.pickle,Dose,100,6,50000,50459.389848662555,459.38984866255487
100cm_10Grad.pickle,Dose,100,6,60000,58234.01837031443,-1765.9816296855715
100cm_10Grad.pickle,Dose,100,7,40000,41642.101171017544,1642.1011710175444
100cm_10Grad.pickle,Dose,100,7,50000,50402.027312916376,402.0273129163761
100cm_10Grad.pickle,Dose,100,7,60000,58470.34096015155,-1529.6590398484477
100cm_10Grad.pickle,Dose,100,8,40000,41975.2957945361,1975.2957945360977
100cm_10Grad.pickle,Dose,100,8,50000,50510.333489495206,510.33348949520587
100cm_10Grad.pickle,Dose,100,8,60000,58252.3671907155,-1747.6328092844997
100cm_10Grad.pickle,Dose,100,9,40000,42112.40558215056,2112.405582150561
100cm_10Grad.pickle,Dose,100,9,50000,50618.23974062421,618.2397406242089
100cm_10Grad.pickle,Dose,100,9,60000,58247.59189949549,-1752.4081005045082
100cm_10Grad.pickle,Dose,100,10,40000,41864.16898811073,1864.1689881107304
100cm_10Grad.pickle,Dose,100,10,50000,50561.24703056728,561.2470305672832
100cm_10Grad.pickle,Dose,100,10,60000,58410.43640159998,-1589.5635984000182
100cm_10Grad.pickle,Dose,100,11,40000,42357.23908913151,2357.239089131508
100cm_10Grad.pickle,Dose,100,11,50000,50237.05932076972,237.05932076971658
100cm_10Grad.pickle,Dose,100,11,60000,57806.862402571074,-2193.137597428926
100cm_10Grad.pickle,Dose,100,12,40000,41887.29565445092,1887.2956544509216
100cm_10Grad.pickle,Dose,100,12,50000,50726.508515438945,726.5085154389453
100cm_10Grad.pickle,Dose,100,12,60000,58608.26343493505,-1391.7365650649517
100cm_10Grad.pickle,Dose,100,13,40000,41793.34101509659,1793.3410150965865
100cm_10Grad.pickle,Dose,100,13,50000,50348.244387840714,348.2443878407139
100cm_10Grad.pickle,Dose,100,13,60000,58427.7078479501,-1572.2921520499003
100cm_10Grad.pickle,Dose,100,14,40000,42078.93457322393,2078.934573223931
100cm_10Grad.pickle,Dose,100,14,50000,50340.039327017264,340.03932701726444
100cm_10Grad.pickle,Dose,100,14,60000,57949.34428248431,-2050.6557175156922
100cm_10Grad.pickle,Dose,100,15,40000,41931.30969706264,1931.309697062643
100cm_10Grad.pickle,Dose,100,15,50000,50333.48644335608,333.4864433560797
100cm_10Grad.pickle,Dose,100,15,60000,58177.20622693344,-1822.793773066558
100cm_10Grad.pickle,Dose,100,16,40000,41941.909010101735,1941.9090101017355
100cm_10Grad.pickle,Dose,100,16,50000,50596.04126564155,596.0412656415501
100cm_10Grad.pickle,Dose,100,16,60000,58137.551682796904,-1862.448317203096
100cm_10Grad.pickle,Dose,100,17,40000,42203.2222976669,2203.2222976669
100cm_10Grad.pickle,Dose,100,17,50000,50872.77341399278,872.7734139927779
100cm_10Grad.pickle,Dose,100,17,60000,58308.972716829005,-1691.0272831709954
100cm_10Grad.pickle,Dose,100,18,40000,41997.973571737006,1997.9735717370058
100cm_10Grad.pickle,Dose,100,18,50000,50946.216067192065,946.2160671920647
100cm_10Grad.pickle,Dose,100,18,60000,58366.055430805856,-1633.9445691941437
100cm_10Grad.pickle,Dose,100,19,40000,42043.17402898424,2043.1740289842419
100cm_10Grad.pickle,Dose,100,19,50000,50819.941437129724,819.9414371297244
100cm_10Grad.pickle,Dose,100,19,60000,58532.45546791331,-1467.544532086693
100cm_5Grad.pickle,Dose,100,0,40000,42139.52343550765,2139.5234355076536
100cm_5Grad.pickle,Dose,100,0,50000,48732.22048353229,-1267.7795164677082
100cm_5Grad.pickle,Dose,100,0,60000,57190.69206927712,-2809.3079307228836
100cm_5Grad.pickle,Dose,100,1,40000,41968.51146014927,1968.5114601492678
100cm_5Grad.pickle,Dose,100,1,50000,48504.65565702966,-1495.3443429703402
100cm_5Grad.pickle,Dose,100,1,60000,56803.03276567294,-3196.9672343270577
100cm_5Grad.pickle,Dose,100,2,40000,42161.877168796156,2161.877168796156
100cm_5Grad.pickle,Dose,100,2,50000,48495.53569304858,-1504.4643069514204
100cm_5Grad.pickle,Dose,100,2,60000,57082.41463505515,-2917.5853649448472
100cm_5Grad.pickle,Dose,100,3,40000,41945.03040286519,1945.030402865188
100cm_5Grad.pickle,Dose,100,3,50000,48570.979289056115,-1429.0207109438852
100cm_5Grad.pickle,Dose,100,3,60000,57257.24622172398,-2742.753778276019
100cm_5Grad.pickle,Dose,100,4,40000,41980.75242977435,1980.7524297743512
100cm_5Grad.pickle,Dose,100,4,50000,48659.48446231279,-1340.5155376872135
100cm_5Grad.pickle,Dose,100,4,60000,57153.80877711392,-2846.191222886082
100cm_5Grad.pickle,Dose,100,5,40000,42091.750729016174,2091.750729016174
100cm_5Grad.pickle,Dose,100,5,50000,48704.63875107942,-1295.361248920577
100cm_5Grad.pickle,Dose,100,5,60000,57210.22979782544,-2789.770202174557
100cm_5Grad.pickle,Dose,100,6,40000,42066.19752787107,2066.197527871067
100cm_5Grad.pickle,Dose,100,6,50000,48810.2637419962,-1189.7362580038025
100cm_5Grad.pickle,Dose,100,6,60000,57490.64700105621,-2509.3529989437884
100cm_5Grad.pickle,Dose,100,7,40000,42114.90935139412,2114.909351394119
100cm_5Grad.pickle,Dose,100,7,50000,48785.61836796526,-1214.3816320347396
100cm_5Grad.pickle,Dose,100,7,60000,57418.31945381491,-2581.680546185089
100cm_5Grad.pickle,Dose,100,8,40000,42083.25822262012,2083.2582226201193
100cm_5Grad.pickle,Dose,100,8,50000,48739.21321532855,-1260.7867846714507
100cm_5Grad.pickle,Dose,100,8,60000,57247.236821561615,-2752.763178438385
100cm_5Grad.pickle,Dose,100,9,40000,42015.18931697753,2015.1893169775285
100cm_5Grad.pickle,Dose,100,9,50000,48705.743133365046,-1294.2568666349543
100cm_5Grad.pickle,Dose,100,9,60000,57042.59121045959,-2957.408789540408
100cm_5Grad.pickle,Dose,100,10,40000,42025.25415766859,2025.2541576685908
100cm_5Grad.pickle,Dose,100,10,50000,48840.80718712625,-1159.192812873749
100cm_5Grad.pickle,Dose,100,10,60000,57374.59149062473,-2625.408509375273
100cm_5Grad.pickle,Dose,100,11,40000,42183.13073361339,2183.1307336133905
100cm_5Grad.pickle,Dose,100,11,50000,48779.53653941481,-1220.4634605851898
100cm_5Grad.pickle,Dose,100,11,60000,57050.21607822153,-2949.7839217784713
100cm_5Grad.pickle,Dose,100,12,40000,42230.45515695115,2230.455156951153
100cm_5Grad.pickle,Dose,100,12,50000,48930.37864683345,-1069.621353166549
100cm_5Grad.pickle,Dose,100,12,60000,57355.080265326214,-2644.9197346737856
100cm_5Grad.pickle,Dose,100,13,40000,41966.06519590006,1966.0651959000606
100cm_5Grad.pickle,Dose,100,13,50000,49182.67454256484,-817.3254574351595
100cm_5Grad.pickle,Dose,100,13,60000,57276.56182833194,-2723.438171668058
100cm_5Grad.pickle,Dose,100,14,40000,42133.484054751316,2133.484054751316
100cm_5Grad.pickle,Dose,100,14,50000,49113.61111520665,-886.3888847933486
100cm_5Grad.pickle,Dose,100,14,60000,57456.168613402595,-2543.831386597405
100cm_5Grad.pickle,Dose,100,15,40000,42249.86233688819,2249.862336888189
100cm_5Grad.pickle,Dose,100,15,50000,49261.15162918928,-738.8483708107233
100cm_5Grad.pickle,Dose,100,15,60000,57602.50550196099,-2397.4944980390064
100cm_5Grad.pickle,Dose,100,16,40000,42156.73576730392,2156.7357673039223
100cm_5Grad.pickle,Dose,100,16,50000,49270.19432912061,-729.8056708793883
100cm_5Grad.pickle,Dose,100,16,60000,57525.72081774572,-2474.2791822542786
100cm_5Grad.pickle,Dose,100,17,40000,42074.76255077131,2074.762550771309
100cm_5Grad.pickle,Dose,100,17,50000,49240.91708405757,-759.082915942432
100cm_5Grad.pickle,Dose,100,17,60000,57160.79285114581,-2839.2071488541915
100cm_5Grad.pickle,Dose,100,18,40000,42053.57378398611,2053.5737839861104
100cm_5Grad.pickle,Dose,100,18,50000,49081.50193236887,-918.4980676311316
100cm_5Grad.pickle,Dose,100,18,60000,57385.701062317,-2614.298937683001
100cm_5Grad.pickle,Dose,100,19,40000,42078.29333436694,2078.293334366943
100cm_5Grad.pickle,Dose,100,19,50000,49046.0988477263,-953.9011522736982
100cm_5Grad.pickle,Dose,100,19,60000,57315.72601932724,-2684.2739806727623
125cm_-10Grad.pickle,Dose,125,0,40000,41308.753008120926,1308.753008120926
125cm_-10Grad.pickle,Dose,125,0,50000,49177.5123782289,-822.4876217710989
125cm_-10Grad.pickle,Dose,125,0,60000,57154.92285669196,-2845.077143308037
125cm_-10Grad.pickle,Dose,125,1,40000,41391.0645300211,1391.0645300211036
125cm_-10Grad.pickle,Dose,125,1,50000,49087.19728291068,-912.8027170893183
125cm_-10Grad.pickle,Dose,125,1,60000,57222.499646198594,-2777.500353801406
125cm_-10Grad.pickle,Dose,125,2,40000,41470.10027839933,1470.1002783993317
125cm_-10Grad.pickle,Dose,125,2,50000,48783.56635095904,-1216.4336490409623
125cm_-10Grad.pickle,Dose,125,2,60000,57196.779760084406,-2803.220239915594
125cm_-10Grad.pickle,Dose,125,3,40000,41318.21169257192,1318.2116925719165
125cm_-10Grad.pickle,Dose,125,3,50000,49314.16731852486,-685.8326814751417
125cm_-10Grad.pickle,Dose,125,3,60000,57170.403422797026,-2829.596577202974
125cm_-10Grad.pickle,Dose,125,4,40000,41291.803524790506,1291.8035247905063
125cm_-10Grad.pickle,Dose,125,4,50000,49195.97895499715,-804.0210450028535
125cm_-10Grad.pickle,Dose,125,4,60000,57611.72528835138,-2388.2747116486207
125cm_-10Grad.pickle,Dose,125,5,40000,41421.73480084184,1421.7348008418412
125cm_-10Grad.pickle,Dose,125,5,50000,48944.39966249448,-1055.6003375055225
125cm_-10Grad.pickle,Dose,125,5,60000,57647.855087749886,-2352.1449122501144
125cm_-10Grad.pickle,Dose,125,6,40000,41291.48966175444,1291.4896617544364
125cm_-10Grad.pickle,Dose,125,6,50000,48980.29587109958,-1019.7041289004192
125cm_-10Grad.pickle,Dose,125,6,60000,56864.45438587212,-3135.5456141278773
125cm_-10Grad.pickle,Dose,125,7,40000,41315.087766361474,1315.0877663614738
125cm_-10Grad.pickle,Dose,125,7,50000,48856.88309601538,-1143.1169039846209
125cm_-10Grad.pickle,Dose,125,7,60000,56994.86877382718,-3005.1312261728235
125cm_-10Grad.pickle,Dose,125,8,40000,41186.76982187241,1186.7698218724108
125cm_-10Grad.pickle,Dose,125,8,50000,48984.08668426396,-1015.9133157360411
125cm_-10Grad.pickle,Dose,125,8,60000,57558.786441725664,-2441.213558274336
125cm_-10Grad.pickle,Dose,125,9,40000,41381.65404160846,1381.6540416084608
125cm_-10Grad.pickle,Dose,125,9,50000,48812.577749986776,-1187.4222500132237
125cm_-10Grad.pickle,Dose,125,9,60000,57424.40552290979,-2575.5944770902133
125cm_-10Grad.pickle,Dose,125,10,40000,41142.72546050942,1142.7254605094204
125cm_-10Grad.pickle,Dose,125,10,50000,48594.54938549855,-1405.450614501453
125cm_-10Grad.pickle,Dose,125,10,60000,57174.4531723563,-2825.5468276437023
125cm_-10Grad.pickle,Dose,125,11,40000,41148.72657313658,1148.726573136577
125cm_-10Grad.pickle,Dose,125,11,50000,48474.437841834566,-1525.562158165434
125cm_-10Grad.pickle,Dose,125,11,60000,57727.78134907098,-2272.2186509290186
125cm_-10Grad.pickle,Dose,125,12,40000,41241.59475122903,1241.5947512290295
125cm_-10Grad.pickle,Dose,125,12,50000,48426.84024102699,-1573.1597589730081
125cm_-10Grad.pickle,Dose,125,12,60000,57983.890782503244,-2016.1092174967562
125cm_-10Grad.pickle,Dose,125,13,40000,41222.2414328657,1222.2414328657032
125cm_-10Grad.pickle,Dose,125,13,50000,47876.65200614244,-2123.347993857562
125cm_-10Grad.pickle,Dose,125,13,60000,57296.0140502044,-2703.9859497955986
125cm_-10Grad.pickle,Dose,125,14,40000,41157.83423772941,1157.8342377294102
125cm_-10Grad.pickle,Dose,125,14,50000,48145.44331224533,-1854.5566877546735
125cm_-10Grad.pickle,Dose,125,14,60000,57468.942002805234,-2531.0579971947664
125cm_-10Grad.pickle,Dose,125,15,40000,41096.356196085224,1096.356196085224
125cm_-10Grad.pickle,Dose,125,15,50000,48086.15475079372,-1913.8452492062788
125cm_-10Grad.pickle,Dose,125,15,60000,58255.66826340563,-1744.331736594373
125cm_-10Grad.pickle,Dose,125,16,40000,41103.4549195513,1103.4549195513027
125cm_-10Grad.pickle,Dose,125,16,50000,47807.63750088287,-2192.362499117131
125cm_-10Grad.pickle,Dose,125,16,60000,58109.40327744507,-1890.596722554932
125cm_-10Grad.pickle,Dose,125,17,40000,41113.61826300855,1113.6182630085532
125cm_-10Grad.pickle,Dose,125,17,50000,48161.632246656896,-1838.3677533431037
125cm_-10Grad.pickle,Dose,125,17,60000,58127.769782372954,-1872.230217627046
125cm_-10Grad.pickle,Dose,125,18,40000,41165.47612468592,1165.4761246859198
125cm_-10Grad.pickle,Dose,125,18,50000,48259.11505854574,-1740.8849414542565
125cm_-10Grad.pickle,Dose,125,18,60000,58101.01819657406,-1898.981803425937
125cm_-10Grad.pickle,Dose,125,19,40000,41253.43264351432,1253.432643514323
125cm_-10Grad.pickle,Dose,125,19,50000,48451.764425865746,-1548.2355741342544
125cm_-10Grad.pickle,Dose,125,19,60000,57479.55137552845,-2520.4486244715517
125cm_-5Grad.pickle,Dose,125,0,40000,40575.184294729006,575.1842947290061
125cm_-5Grad.pickle,Dose,125,0,50000,47927.24333363966,-2072.756666360343
125cm_-5Grad.pickle,Dose,125,0,60000,57922.08336454277,-2077.91663545723
125cm_-5Grad.pickle,Dose,125,1,40000,40598.4151542335,598.4151542335021
125cm_-5Grad.pickle,Dose,125,1,50000,47744.533826734165,-2255.466173265835
125cm_-5Grad.pickle,Dose,125,1,60000,57281.1644219308,-2718.8355780692
125cm_-5Grad.pickle,Dose,125,2,40000,40701.424943230166,701.4249432301658
125cm_-5Grad.pickle,Dose,125,2,50000,47619.57115760737,-2380.4288423926264
125cm_-5Grad.pickle,Dose,125,2,60000,58005.01135233532,-1994.9886476646789
125cm_-5Grad.pickle,Dose,125,3,40000,40536.647353567016,536.6473535670157
125cm_-5Grad.pickle,Dose,125,3,50000,47851.00081425283,-2148.9991857471687
125cm_-5Grad.pickle,Dose,125,3,60000,58119.51115975632,-1880.4888402436773
125cm_-5Grad.pickle,Dose,125,4,40000,40657.632465406874,657.632465406874
125cm_-5Grad.pickle,Dose,125,4,50000,47888.41620620351,-2111.5837937964898
125cm_-5Grad.pickle,Dose,125,4,60000,57851.393351985,-2148.6066480149966
125cm_-5Grad.pickle,Dose,125,5,40000,40583.352241053326,583.352241053326
125cm_-5Grad.pickle,Dose,125,5,50000,47906.15590111701,-2093.84409888299
125cm_-5Grad.pickle,Dose,125,5,60000,57552.46448580666,-2447.5355141933396
125cm_-5Grad.pickle,Dose,125,6,40000,40612.03814348568,612.0381434856827
125cm_-5Grad.pickle,Dose,125,6,50000,47824.42783600401,-2175.5721639959884
125cm_-5Grad.pickle,Dose,125,6,60000,57521.59376510386,-2478.406234896138
125cm_-5Grad.pickle,Dose,125,7,40000,40550.54910735934,550.5491073593366
125cm_-5Grad.pickle,Dose,125,7,50000,47643.10911247305,-2356.890887526948
125cm_-5Grad.pickle,Dose,125,7,60000,58370.0950603215,-1629.9049396784976
125cm_-5Grad.pickle,Dose,125,8,40000,40684.81905212146,684.8190521214565
125cm_-5Grad.pickle,Dose,125,8,50000,47937.48475258768,-2062.515247412317
125cm_-5Grad.pickle,Dose,125,8,60000,57069.40367884107,-2930.5963211589333
125cm_-5Grad.pickle,Dose,125,9,40000,40530.809290377336,530.8092903773359
125cm_-5Grad.pickle,Dose,125,9,50000,48010.42088163787,-1989.5791183621332
125cm_-5Grad.pickle,Dose,125,9,60000,58003.78281641667,-1996.2171835833287
125cm_-5Grad.pickle,Dose,125,10,40000,40640.757819607694,640.7578196076938
125cm_-5Grad.pickle,Dose,125,10,50000,48026.75895952587,-1973.2410404741313
125cm_-5Grad.pickle,Dose,125,10,60000,58146.143259809694,-1853.8567401903056
125cm_-5Grad.pickle,Dose,125,11,40000,40571.85492075224,571.8549207522374
125cm_-5Grad.pickle,Dose,125,11,50000,47796.78294927877,-2203.2170507212286
125cm_-5Grad.pickle,Dose,125,11,60000,58222.24331542582,-1777.7566845741821
125cm_-5Grad.pickle,Dose,125,12,40000,40512.238600928984,512.2386009289839
125cm_-5Grad.pickle,Dose,125,12,50000,47809.922199604574,-2190.0778003954256
125cm_-5Grad.pickle,Dose,125,12,60000,57830.39157238708,-2169.6084276129186
125cm_-5Grad.pickle,Dose,125,13,40000,40571.778416812944,571.7784168129438
125cm_-5Grad.pickle,Dose,125,13,50000,47756.9386484321,-2243.0613515678997
125cm_-5Grad.pickle,Dose,125,13,60000,57270.10866683717,-2729.8913331628282
125cm_-5Grad.pickle,Dose,125,14,40000,40570.317749379006,570.3177493790063
125cm_-5Grad.pickle,Dose,125,14,50000,47876.560233564014,-2123.439766435986
125cm_-5Grad.pickle,Dose,125,14,60000,57636.27321610939,-2363.726783890612
125cm_-5Grad.pickle,Dose,125,15,40000,40509.852589232556,509.85258923255606
125cm_-5Grad.pickle,Dose,125,15,50000,47762.4827064636,-2237.5172935364026
125cm_-5Grad.pickle,Dose,125,15,60000,57351.50855457676,-2648.491445423242
125cm_-5Grad.pickle,Dose,125,16,40000,40490.7097125021,490.7097125021028
125cm_-5Grad.pickle,Dose,125,16,50000,47754.68009292591,-2245.3199070740884
125cm_-5Grad.pickle,Dose,125,16,60000,57090.40102303852,-2909.5989769614825
125cm_-5Grad.pickle,Dose,125,17,40000,40548.04996754016,548.0499675401588
125cm_-5Grad.pickle,Dose,125,17,50000,47860.486343254415,-2139.5136567455847
125cm_-5Grad.pickle,Dose,125,17,60000,58340.95959164909,-1659.040408350913
125cm_-5Grad.pickle,Dose,125,18,40000,40724.811586284835,724.8115862848354
125cm_-5Grad.pickle,Dose,125,18,50000,47619.137840819254,-2380.862159180746
125cm_-5Grad.pickle,Dose,125,18,60000,57675.21775456239,-2324.7822454376073
125cm_-5Grad.pickle,Dose,125,19,40000,40628.49206917218,628.4920691721782
125cm_-5Grad.pickle,Dose,125,19,50000,47925.5791169923,-2074.420883007697
125cm_-5Grad.pickle,Dose,125,19,60000,58215.71384508014,-1784.286154919857
125cm_0Grad.pickle,Dose,125,0,40000,40637.28666350678,637.2866635067767
125cm_0Grad.pickle,Dose,125,0,50000,47397.096094141,-2602.9039058589988
125cm_0Grad.pickle,Dose,125,0,60000,57412.83505366413,-2587.16494633587
125cm_0Grad.pickle,Dose,125,1,40000,40620.1401745015,620.1401745015028
125cm_0Grad.pickle,Dose,125,1,50000,47368.03866570455,-2631.961334295447
125cm_0Grad.pickle,Dose,125,1,60000,57014.99875531787,-2985.0012446821274
125cm_0Grad.pickle,Dose,125,2,40000,40544.67778717327,544.6777871732702
125cm_0Grad.pickle,Dose,125,2,50000,47349.98600469525,-2650.0139953047474
125cm_0Grad.pickle,Dose,125,2,60000,57824.94610835281,-2175.0538916471924
125cm_0Grad.pickle,Dose,125,3,40000,40618.90480537514,618.9048053751394
125cm_0Grad.pickle,Dose,125,3,50000,47474.613402052484,-2525.386597947516
125cm_0Grad.pickle,Dose,125,3,60000,56997.2253314907,-3002.7746685093007
125cm_0Grad.pickle,Dose,125,4,40000,40593.08396702676,593.0839670267596
125cm_0Grad.pickle,Dose,125,4,50000,47450.42208489573,-2549.5779151042734
125cm_0Grad.pickle,Dose,125,4,60000,57687.46010040552,-2312.539899594478
125cm_0Grad.pickle,Dose,125,5,40000,40664.99219208628,664.9921920862835
125cm_0Grad.pickle,Dose,125,5,50000,47393.60667947588,-2606.393320524119
125cm_0Grad.pickle,Dose,125,5,60000,57505.73071684191,-2494.2692831580935
125cm_0Grad.pickle,Dose,125,6,40000,40579.20759296982,579.2075929698185
125cm_0Grad.pickle,Dose,125,6,50000,47229.448659034075,-2770.551340965925
125cm_0Grad.pickle,Dose,125,6,60000,57883.436197906616,-2116.563802093384
125cm_0Grad.pickle,Dose,125,7,40000,40557.509018133474,557.5090181334745
125cm_0Grad.pickle,Dose,125,7,50000,47324.5638393998,-2675.4361606001985
125cm_0Grad.pickle,Dose,125,7,60000,56979.17242110755,-3020.827578892451
125cm_0Grad.pickle,Dose,125,8,40000,40717.00766673402,717.0076667340181
125cm_0Grad.pickle,Dose,125,8,50000,47608.65738259197,-2391.3426174080305
125cm_0Grad.pickle,Dose,125,8,60000,57701.9393486003,-2298.0606513996972
125cm_0Grad.pickle,Dose,125,9,40000,40725.03258755222,725.0325875522176
125cm_0Grad.pickle,Dose,125,9,50000,47269.0399802316,-2730.9600197683976
125cm_0Grad.pickle,Dose,125,9,60000,58266.65790498483,-1733.3420950151703
125cm_0Grad.pickle,Dose,125,10,40000,40720.30896781171,720.3089678117103
125cm_0Grad.pickle,Dose,125,10,50000,47335.34156944331,-2664.6584305566867
125cm_0Grad.pickle,Dose,125,10,60000,57054.44187446506,-2945.558125534939
125cm_0Grad.pickle,Dose,125,11,40000,40735.77425044985,735.7742504498528
125cm_0Grad.pickle,Dose,125,11,50000,47435.22554925521,-2564.7744507447933
125cm_0Grad.pickle,Dose,125,11,60000,57437.11842734358,-2562.8815726564208
125cm_0Grad.pickle,Dose,125,12,40000,40761.99663503704,761.9966350370378
125cm_0Grad.pickle,Dose,125,12,50000,47614.12416063585,-2385.8758393641474
125cm_0Grad.pickle,Dose,125,12,60000,57610.0702126666,-2389.9297873334
125cm_0Grad.pickle,Dose,125,13,40000,40782.43766941102,782.4376694110179
125cm_0Grad.pickle,Dose,125,13,50000,47644.873748707425,-2355.126251292575
125cm_0Grad.pickle,Dose,125,13,60000,57575.91466556084,-2424.085334439158
125cm_0Grad.pickle,Dose,125,14,40000,40676.81626965632,676.8162696563231
125cm_0Grad.pickle,Dose,125,14,50000,47556.14941466964,-2443.8505853303577
125cm_0Grad.pickle,Dose,125,14,60000,57400.590408130374,-2599.4095918696257
125cm_0Grad.pickle,Dose,125,15,40000,40720.42541681756,720.4254168175612
125cm_0Grad.pickle,Dose,125,15,50000,47652.946765925386,-2347.053234074614
125cm_0Grad.pickle,Dose,125,15,60000,57505.12791663973,-2494.872083360271
125cm_0Grad.pickle,Dose,125,16,40000,40683.66518153234,683.6651815323421
125cm_0Grad.pickle,Dose,125,16,50000,47655.87811373743,-2344.1218862625683
125cm_0Grad.pickle,Dose,125,16,60000,57237.28836811322,-2762.7116318867775
125cm_0Grad.pickle,Dose,125,17,40000,40597.28117953401,597.2811795340094
125cm_0Grad.pickle,Dose,125,17,50000,47703.82579806537,-2296.1742019346275
125cm_0Grad.pickle,Dose,125,17,60000,57282.196981860616,-2717.803018139384
125cm_0Grad.pickle,Dose,125,18,40000,40577.74828099641,577.7482809964131
125cm_0Grad.pickle,Dose,125,18,50000,47832.12987807705,-2167.870121922948
125cm_0Grad.pickle,Dose,125,18,60000,58163.5764569026,-1836.4235430974004
125cm_0Grad.pickle,Dose,125,19,40000,40684.3514202734,684.3514202734004
125cm_0Grad.pickle,Dose,125,19,50000,47805.277835845554,-2194.7221641544456
125cm_0Grad.pickle,Dose,125,19,60000,57349.32257901053,-2650.677420989472
125cm_10Grad.pickle,Dose,125,0,40000,40772.30653449541,772.3065344954084
125cm_10Grad.pickle,Dose,125,0,50000,47936.05343930551,-2063.946560694487
125cm_10Grad.pickle,Dose,125,0,60000,59038.59533334131,-961.4046666586873
125cm_10Grad.pickle,Dose,125,1,40000,40623.827479281266,623.8274792812663
125cm_10Grad.pickle,Dose,125,1,50000,47664.30324724913,-2335.6967527508677
125cm_10Grad.pickle,Dose,125,1,60000,59194.178086471344,-805.8219135286563
125cm_10Grad.pickle,Dose,125,2,40000,40683.34280874295,683.3428087429493
125cm_10Grad.pickle,Dose,125,2,50000,47981.77132192643,-2018.2286780735667
125cm_10Grad.pickle,Dose,125,2,60000,59011.10816562787,-988.8918343721307
125cm_10Grad.pickle,Dose,125,3,40000,40827.302666036674,827.302666036674
125cm_10Grad.pickle,Dose,125,3,50000,47918.39049981696,-2081.60950018304
125cm_10Grad.pickle,Dose,125,3,60000,59095.89388857288,-904.1061114271215
125cm_10Grad.pickle,Dose,125,4,40000,40754.41159008309,754.4115900830875
125cm_10Grad.pickle,Dose,125,4,50000,47805.386383440135,-2194.6136165598655
125cm_10Grad.pickle,Dose,125,4,60000,59139.26980129166,-860.730198708341
125cm_10Grad.pickle,Dose,125,5,40000,40718.88556689678,718.8855668967808
125cm_10Grad.pickle,Dose,125,5,50000,47725.78750292194,-2274.212497078057
125cm_10Grad.pickle,Dose,125,5,60000,59370.04924665367,-629.9507533463329
125cm_10Grad.pickle,Dose,125,6,40000,40715.55769706393,715.5576970639304
125cm_10Grad.pickle,Dose,125,6,50000,47945.88909396988,-2054.110906030117
125cm_10Grad.pickle,Dose,125,6,60000,58632.7603183192,-1367.2396816808032
125cm_10Grad.pickle,Dose,125,7,40000,40718.856448991,718.8564489909986
125cm_10Grad.pickle,Dose,125,7,50000,47975.56664224881,-2024.4333577511934
125cm_10Grad.pickle,Dose,125,7,60000,59122.00519121762,-877.9948087823796
125cm_10Grad.pickle,Dose,125,8,40000,40738.127089007045,738.1270890070446
125cm_10Grad.pickle,Dose,125,8,50000,47653.6902614426,-2346.3097385574
125cm_10Grad.pickle,Dose,125,8,60000,58489.64591153496,-1510.3540884650429
125cm_10Grad.pickle,Dose,125,9,40000,40652.36686583938,652.3668658393799
125cm_10Grad.pickle,Dose,125,9,50000,47784.94066502193,-2215.0593349780684
125cm_10Grad.pickle,Dose,125,9,60000,59445.23815043909,-554.7618495609131
125cm_10Grad.pickle,Dose,125,10,40000,40679.02385274154,679.0238527415422
125cm_10Grad.pickle,Dose,125,10,50000,47549.42626376995,-2450.5737362300497
125cm_10Grad.pickle,Dose,125,10,60000,59051.51828114883,-948.4817188511734
125cm_10Grad.pickle,Dose,125,11,40000,40743.27999368366,743.27999368366
125cm_10Grad.pickle,Dose,125,11,50000,47506.21729779102,-2493.782702208977
125cm_10Grad.pickle,Dose,125,11,60000,59127.92252400366,-872.0774759963388
125cm_10Grad.pickle,Dose,125,12,40000,40768.8734652454,768.8734652454004
125cm_10Grad.pickle,Dose,125,12,50000,47677.47136692666,-2322.5286330733434
125cm_10Grad.pickle,Dose,125,12,60000,59127.55483944444,-872.4451605555587
125cm_10Grad.pickle,Dose,125,13,40000,40838.65346675485,838.6534667548476
125cm_10Grad.pickle,Dose,125,13,50000,47613.449008665244,-2386.550991334756
125cm_10Grad.pickle,Dose,125,13,60000,58653.80154527488,-1346.1984547251195
125cm_10Grad.pickle,Dose,125,14,40000,40796.03889120606,796.0388912060589
125cm_10Grad.pickle,Dose,125,14,50000,47703.93831784549,-2296.061682154512
125cm_10Grad.pickle,Dose,125,14,60000,59182.2275104552,-817.7724895447973
125cm_10Grad.pickle,Dose,125,15,40000,40742.0474683724,742.0474683724024
125cm_10Grad.pickle,Dose,125,15,50000,47676.89667388708,-2323.1033261129196
125cm_10Grad.pickle,Dose,125,15,60000,59018.79130927327,-981.2086907267294
125cm_10Grad.pickle,Dose,125,16,40000,40813.33849167117,813.338491671173
125cm_10Grad.pickle,Dose,125,16,50000,47870.118030907615,-2129.8819690923847
125cm_10Grad.pickle,Dose,125,16,60000,58994.43436913799,-1005.5656308620091
125cm_10Grad.pickle,Dose,125,17,40000,40822.92776386202,822.9277638620188
125cm_10Grad.pickle,Dose,125,17,50000,47910.111690104204,-2089.888309895796
125cm_10Grad.pickle,Dose,125,17,60000,59236.58493815968,-763.4150618403219
125cm_10Grad.pickle,Dose,125,18,40000,40799.50261074749,799.5026107474914
125cm_10Grad.pickle,Dose,125,18,50000,47689.30197601391,-2310.698023986093
125cm_10Grad.pickle,Dose,125,18,60000,58864.522631027205,-1135.4773689727954
125cm_10Grad.pickle,Dose,125,19,40000,40816.23745540724,816.2374554072376
125cm_10Grad.pickle,Dose,125,19,50000,47763.92198295844,-2236.07801704156
125cm_10Grad.pickle,Dose,125,19,60000,58990.44747557788,-1009.5525244221208
125cm_5Grad.pickle,Dose,125,0,40000,40681.68413705704,681.6841370570401
125cm_5Grad.pickle,Dose,125,0,50000,48175.9054230715,-1824.0945769285026
125cm_5Grad.pickle,Dose,125,0,60000,55918.786206242155,-4081.2137937578445
125cm_5Grad.pickle,Dose,125,1,40000,40681.93306761771,681.9330676177124
125cm_5Grad.pickle,Dose,125,1,50000,48423.45196503648,-1576.5480349635181
125cm_5Grad.pickle,Dose,125,1,60000,56037.417322164736,-3962.582677835264
125cm_5Grad.pickle,Dose,125,2,40000,40669.12351308654,669.1235130865389
125cm_5Grad.pickle,Dose,125,2,50000,48292.49806321354,-1707.5019367864588
125cm_5Grad.pickle,Dose,125,2,60000,56098.61861609798,-3901.381383902022
125cm_5Grad.pickle,Dose,125,3,40000,40812.07657599633,812.0765759963324
125cm_5Grad.pickle,Dose,125,3,50000,48393.33532338779,-1606.6646766122067
125cm_5Grad.pickle,Dose,125,3,60000,56508.72913057767,-3491.270869422333
125cm_5Grad.pickle,Dose,125,4,40000,40753.555741204786,753.5557412047856
125cm_5Grad.pickle,Dose,125,4,50000,48394.471861886355,-1605.5281381136447
125cm_5Grad.pickle,Dose,125,4,60000,56158.149929894986,-3841.8500701050143
125cm_5Grad.pickle,Dose,125,5,40000,40738.79922618428,738.799226184281
125cm_5Grad.pickle,Dose,125,5,50000,48249.49457695436,-1750.5054230456371
125cm_5Grad.pickle,Dose,125,5,60000,56787.89341342483,-3212.1065865751734
125cm_5Grad.pickle,Dose,125,6,40000,40700.02316673459,700.023166734587
125cm_5Grad.pickle,Dose,125,6,50000,48078.01905125904,-1921.9809487409584
125cm_5Grad.pickle,Dose,125,6,60000,56417.21059035345,-3582.7894096465534
125cm_5Grad.pickle,Dose,125,7,40000,40832.260071050085,832.2600710500847
125cm_5Grad.pickle,Dose,125,7,50000,48162.83693230149,-1837.1630676985078
125cm_5Grad.pickle,Dose,125,7,60000,56275.44557325253,-3724.554426747469
125cm_5Grad.pickle,Dose,125,8,40000,40791.324868308344,791.3248683083439
125cm_5Grad.pickle,Dose,125,8,50000,48139.454757713516,-1860.5452422864837
125cm_5Grad.pickle,Dose,125,8,60000,55900.991214516966,-4099.008785483034
125cm_5Grad.pickle,Dose,125,9,40000,40770.753436043015,770.7534360430145
125cm_5Grad.pickle,Dose,125,9,50000,48334.631085177374,-1665.3689148226258
125cm_5Grad.pickle,Dose,125,9,60000,56274.6267558033,-3725.3732441967004
125cm_5Grad.pickle,Dose,125,10,40000,40726.53635694298,726.5363569429828
125cm_5Grad.pickle,Dose,125,10,50000,48162.16336537593,-1837.8366346240728
125cm_5Grad.pickle,Dose,125,10,60000,57140.80150147796,-2859.1984985220406
125cm_5Grad.pickle,Dose,125,11,40000,40725.83254612077,725.8325461207714
125cm_5Grad.pickle,Dose,125,11,50000,48198.68510986331,-1801.3148901366876
125cm_5Grad.pickle,Dose,125,11,60000,56355.36775823075,-3644.63224176925
125cm_5Grad.pickle,Dose,125,12,40000,40738.90164828978,738.9016482897787
125cm_5Grad.pickle,Dose,125,12,50000,48124.12465644976,-1875.8753435502367
125cm_5Grad.pickle,Dose,125,12,60000,56336.2452793689,-3663.754720631099
125cm_5Grad.pickle,Dose,125,13,40000,40648.26954225133,648.269542251328
125cm_5Grad.pickle,Dose,125,13,50000,48431.98999327253,-1568.0100067274689
125cm_5Grad.pickle,Dose,125,13,60000,55960.45926148346,-4039.540738516538
125cm_5Grad.pickle,Dose,125,14,40000,40691.48750601359,691.4875060135892
125cm_5Grad.pickle,Dose,125,14,50000,48100.42252922736,-1899.5774707726378
125cm_5Grad.pickle,Dose,125,14,60000,55957.86043389551,-4042.139566104488
125cm_5Grad.pickle,Dose,125,15,40000,40760.97097226306,760.9709722630578
125cm_5Grad.pickle,Dose,125,15,50000,47956.93476089951,-2043.0652391004915
125cm_5Grad.pickle,Dose,125,15,60000,55879.70907235696,-4120.290927643036
125cm_5Grad.pickle,Dose,125,16,40000,40785.55448150634,785.5544815063404
125cm_5Grad.pickle,Dose,125,16,50000,48130.166816150224,-1869.833183849776
125cm_5Grad.pickle,Dose,125,16,60000,56320.21960789663,-3679.78039210337
125cm_5Grad.pickle,Dose,125,17,40000,40586.83232138275,586.8323213827534
125cm_5Grad.pickle,Dose,125,17,50000,47935.29565332121,-2064.7043466787873
125cm_5Grad.pickle,Dose,125,17,60000,56711.28133519499,-3288.718664805012
125cm_5Grad.pickle,Dose,125,18,40000,40786.80786279487,786.8078627948707
125cm_5Grad.pickle,Dose,125,18,50000,48220.227148519,-1779.7728514810005
125cm_5Grad.pickle,Dose,125,18,60000,56939.4015336651,-3060.598466334901
125cm_5Grad.pickle,Dose,125,19,40000,40824.054229628215,824.0542296282147
125cm_5Grad.pickle,Dose,125,19,50000,48241.98954154182,-1758.0104584581786
125cm_5Grad.pickle,Dose,125,19,60000,56472.31596129988,-3527.684038700121
25cm_-10Grad.pickle,Dose,25,0,40000,41789.82038717955,1789.8203871795486
25cm_-10Grad.pickle,Dose,25,0,50000,49340.914190938805,-659.0858090611946
25cm_-10Grad.pickle,Dose,25,0,60000,57035.041372751955,-2964.9586272480446
25cm_-10Grad.pickle,Dose,25,1,40000,41774.189238036735,1774.1892380367353
25cm_-10Grad.pickle,Dose,25,1,50000,49350.77378943809,-649.2262105619084
25cm_-10Grad.pickle,Dose,25,1,60000,57098.54451754479,-2901.4554824552106
25cm_-10Grad.pickle,Dose,25,2,40000,41775.71309654585,1775.713096545849
25cm_-10Grad.pickle,Dose,25,2,50000,49346.05556890063,-653.9444310993713
25cm_-10Grad.pickle,Dose,25,2,60000,57009.575555091156,-2990.4244449088437
25cm_-10Grad.pickle,Dose,25,3,40000,41788.60228115441,1788.6022811544099
25cm_-10Grad.pickle,Dose,25,3,50000,49377.20559361997,-622.7944063800314
25cm_-10Grad.pickle,Dose,25,3,60000,57094.8747016289,-2905.125298371102
25cm_-10Grad.pickle,Dose,25,4,40000,41779.99411232257,1779.9941123225726
25cm_-10Grad.pickle,Dose,25,4,50000,49408.74785967548,-591.2521403245191
25cm_-10Grad.pickle,Dose,25,4,60000,57105.36299075686,-2894.637009243139
25cm_-10Grad.pickle,Dose,25,5,40000,41773.84305102128,1773.8430510212784
25cm_-10Grad.pickle,Dose,25,5,50000,49411.765515907304,-588.2344840926962
25cm_-10Grad.pickle,Dose,25,5,60000,57157.576178563984,-2842.4238214360157
25cm_-10Grad.pickle,Dose,25,6,40000,41779.133861610884,1779.1338616108842
25cm_-10Grad.pickle,Dose,25,6,50000,49417.601090525735,-582.3989094742647
25cm_-10Grad.pickle,Dose,25,6,60000,57187.69403615696,-2812.3059638430423
25cm_-10Grad.pickle,Dose,25,7,40000,41781.101726325935,1781.1017263259346
25cm_-10Grad.pickle,Dose,25,7,50000,49413.7202531424,-586.2797468576027
25cm_-10Grad.pickle,Dose,25,7,60000,57171.85185464588,-2828.14814535412
25cm_-10Grad.pickle,Dose,25,8,40000,41797.5571513176,1797.5571513175964
25cm_-10Grad.pickle,Dose,25,8,50000,49422.702215570986,-577.2977844290144
25cm_-10Grad.pickle,Dose,25,8,60000,57178.11033496455,-2821.889665035451
25cm_-10Grad.pickle,Dose,25,9,40000,41785.12076540915,1785.1207654091486
25cm_-10Grad.pickle,Dose,25,9,50000,49417.397716957974,-582.6022830420261
25cm_-10Grad.pickle,Dose,25,9,60000,57135.55181750853,-2864.448182491469
25cm_-10Grad.pickle,Dose,25,10,40000,41776.07517518051,1776.0751751805074
25cm_-10Grad.pickle,Dose,25,10,50000,49418.109028495746,-581.8909715042537
25cm_-10Grad.pickle,Dose,25,10,60000,57158.21040616309,-2841.789593836911
25cm_-10Grad.pickle,Dose,25,11,40000,41795.461096257444,1795.4610962574443
25cm_-10Grad.pickle,Dose,25,11,50000,49429.739577603235,-570.2604223967646
25cm_-10Grad.pickle,Dose,25,11,60000,57162.06405860909,-2837.9359413909115
25cm_-10Grad.pickle,Dose,25,12,40000,41792.099656875354,1792.0996568753544
25cm_-10Grad.pickle,Dose,25,12,50000,49429.30995086899,-570.690049131008
25cm_-10Grad.pickle,Dose,25,12,60000,57205.99053807141,-2794.0094619285883
25cm_-10Grad.pickle,Dose,25,13,40000,41779.67678122134,1779.6767812213366
25cm_-10Grad.pickle,Dose,25,13,50000,49431.81604200211,-568.1839579978914
25cm_-10Grad.pickle,Dose,25,13,60000,57176.930802077135,-2823.069197922865
25cm_-10Grad.pickle,Dose,25,14,40000,41778.65903417472,1778.6590341747215
25cm_-10Grad.pickle,Dose,25,14,50000,49426.55664126514,-573.4433587348612
25cm_-10Grad.pickle,Dose,25,14,60000,57207.63267707901,-2792.367322920989
25cm_-10Grad.pickle,Dose,25,15,40000,41766.27944346358,1766.2794434635798
25cm_-10Grad.pickle,Dose,25,15,50000,49422.162734506346,-577.8372654936538
25cm_-10Grad.pickle,Dose,25,15,60000,57215.022807587746,-2784.977192412254
25cm_-10Grad.pickle,Dose,25,16,40000,41778.38679102758,1778.3867910275803
25cm_-10Grad.pickle,Dose,25,16,50000,49417.04375246334,-582.956247536662
25cm_-10Grad.pickle,Dose,25,16,60000,57197.78740132331,-2802.2125986766914
25cm_-10Grad.pickle,Dose,25,17,40000,41791.4460918657,1791.4460918656987
25cm_-10Grad.pickle,Dose,25,17,50000,49408.37786575996,-591.6221342400386
25cm_-10Grad.pickle,Dose,25,17,60000,57192.610214343316,-2807.3897856566837
25cm_-10Grad.pickle,Dose,25,18,40000,41784.738502769695,1784.7385027696946
25cm_-10Grad.pickle,Dose,25,18,50000,49404.04285834188,-595.9571416581166
25cm_-10Grad.pickle,Dose,25,18,60000,57211.104848826166,-2788.895151173834
25cm_-10Grad.pickle,Dose,25,19,40000,41783.3367487197,1783.3367487197029
25cm_-10Grad.pickle,Dose,25,19,50000,49411.941232517675,-588.0587674823255
25cm_-10Grad.pickle,Dose,25,19,60000,57195.424479001944,-2804.575520998056
25cm_-5Grad.pickle,Dose,25,0,40000,41625.32046602554,1625.3204660255433
25cm_-5Grad.pickle,Dose,25,0,50000,48841.32918381959,-1158.6708161804127
25cm_-5Grad.pickle,Dose,25,0,60000,55417.17210305634,-4582.827896943658
25cm_-5Grad.pickle,Dose,25,1,40000,41613.329712376486,1613.329712376486
25cm_-5Grad.pickle,Dose,25,1,50000,48839.69710841876,-1160.3028915812392
25cm_-5Grad.pickle,Dose,25,1,60000,55422.752429768414,-4577.247570231586
25cm_-5Grad.pickle,Dose,25,2,40000,41622.41749013608,1622.417490136082
25cm_-5Grad.pickle,Dose,25,2,50000,48835.04416367956,-1164.9558363204414
25cm_-5Grad.pickle,Dose,25,2,60000,55431.61901528082,-4568.380984719181
25cm_-5Grad.pickle,Dose,25,3,40000,41633.082546610836,1633.0825466108363
25cm_-5Grad.pickle,Dose,25,3,50000,48855.40450093193,-1144.5954990680693
25cm_-5Grad.pickle,Dose,25,3,60000,55438.61248070911,-4561.387519290889
25cm_-5Grad.pickle,Dose,25,4,40000,41642.54650960592,1642.5465096059197
25cm_-5Grad.pickle,Dose,25,4,50000,48861.06028402232,-1138.9397159776781
25cm_-5Grad.pickle,Dose,25,4,60000,55497.330717859855,-4502.669282140145
25cm_-5Grad.pickle,Dose,25,5,40000,41616.988146848154,1616.9881468481544
25cm_-5Grad.pickle,Dose,25,5,50000,48848.49913910611,-1151.5008608938879
25cm_-5Grad.pickle,Dose,25,5,60000,55487.01867865372,-4512.981321346277
25cm_-5Grad.pickle,Dose,25,6,40000,41653.20006459201,1653.2000645920125
25cm_-5Grad.pickle,Dose,25,6,50000,48884.46825457638,-1115.531745423621
25cm_-5Grad.pickle,Dose,25,6,60000,55524.567228555694,-4475.432771444306
25cm_-5Grad.pickle,Dose,25,7,40000,41696.324200208655,1696.3242002086554
25cm_-5Grad.pickle,Dose,25,7,50000,48927.0371036096,-1072.9628963904033
25cm_-5Grad.pickle,Dose,25,7,60000,55620.02006664227,-4379.979933357732
25cm_-5Grad.pickle,Dose,25,8,40000,41703.16850986835,1703.168509868352
25cm_-5Grad.pickle,Dose,25,8,50000,48928.67169443032,-1071.328305569681
25cm_-5Grad.pickle,Dose,25,8,60000,55655.66544379845,-4344.334556201553
25cm_-5Grad.pickle,Dose,25,9,40000,41686.32299781194,1686.3229978119416
25cm_-5Grad.pickle,Dose,25,9,50000,48914.69118388517,-1085.3088161148335
25cm_-5Grad.pickle,Dose,25,9,60000,55619.99951087686,-4380.0004891231365
25cm_-5Grad.pickle,Dose,25,10,40000,41707.4499910172,1707.4499910172017
25cm_-5Grad.pickle,Dose,25,10,50000,48921.83849405699,-1078.1615059430114
25cm_-5Grad.pickle,Dose,25,10,60000,55598.855498754165,-4401.144501245835
25cm_-5Grad.pickle,Dose,25,11,40000,41699.471053611465,1699.4710536114653
25cm_-5Grad.pickle,Dose,25,11,50000,48916.977317554505,-1083.0226824454949
25cm_-5Grad.pickle,Dose,25,11,60000,55645.36205636534,-4354.6379436346615
25cm_-5Grad.pickle,Dose,25,12,40000,41703.19246484399,1703.192464843989
25cm_-5Grad.pickle,Dose,25,12,50000,48937.594427200325,-1062.4055727996747
25cm_-5Grad.pickle,Dose,25,12,60000,55629.83899605505,-4370.1610039449515
25cm_-5Grad.pickle,Dose,25,13,40000,41715.774625550635,1715.7746255506354
25cm_-5Grad.pickle,Dose,25,13,50000,48936.199109783556,-1063.8008902164438
25cm_-5Grad.pickle,Dose,25,13,60000,55653.1483143825,-4346.851685617497
25cm_-5Grad.pickle,Dose,25,14,40000,41701.54992073408,1701.5499207340836
25cm_-5Grad.pickle,Dose,25,14,50000,48925.98188804969,-1074.0181119503104
25cm_-5Grad.pickle,Dose,25,14,60000,55627.11206184003,-4372.887938159969
25cm_-5Grad.pickle,Dose,25,15,40000,41712.50778470143,1712.5077847014327
25cm_-5Grad.pickle,Dose,25,15,50000,48937.4041568819,-1062.5958431180989
25cm_-5Grad.pickle,Dose,25,15,60000,55656.599080932254,-4343.400919067746
25cm_-5Grad.pickle,Dose,25,16,40000,41695.73874690763,1695.7387469076275
25cm_-5Grad.pickle,Dose,25,16,50000,48937.0913513741,-1062.9086486258966
25cm_-5Grad.pickle,Dose,25,16,60000,55636.936048507785,-4363.063951492215
25cm_-5Grad.pickle,Dose,25,17,40000,41709.76170414176,1709.7617041417616
25cm_-5Grad.pickle,Dose,25,17,50000,48928.11273479527,-1071.8872652047285
25cm_-5Grad.pickle,Dose,25,17,60000,55637.17033609614,-4362.82966390386
25cm_-5Grad.pickle,Dose,25,18,40000,41705.70651961441,1705.7065196144104
25cm_-5Grad.pickle,Dose,25,18,50000,48937.88117820112,-1062.118821798882
25cm_-5Grad.pickle,Dose,25,18,60000,55640.01529098298,-4359.984709017022
25cm_-5Grad.pickle,Dose,25,19,40000,41699.20099065624,1699.200990656238
25cm_-5Grad.pickle,Dose,25,19,50000,48932.38799286606,-1067.6120071339392
25cm_-5Grad.pickle,Dose,25,19,60000,55649.04137854265,-4350.95862145735
25cm_0Grad.pickle,Dose,25,0,40000,41363.63181607043,1363.6318160704323
25cm_0Grad.pickle,Dose,25,0,50000,48891.76117061515,-1108.238829384849
25cm_0Grad.pickle,Dose,25,0,60000,57924.48368003733,-2075.5163199626695
25cm_0Grad.pickle,Dose,25,1,40000,41372.663518047644,1372.6635180476442
25cm_0Grad.pickle,Dose,25,1,50000,48876.106148939456,-1123.893851060544
25cm_0Grad.pickle,Dose,25,1,60000,57901.42223166009,-2098.5777683399065
25cm_0Grad.pickle,Dose,25,2,40000,41422.59791415746,1422.5979141574571
25cm_0Grad.pickle,Dose,25,2,50000,48917.16092426693,-1082.8390757330708
25cm_0Grad.pickle,Dose,25,2,60000,57871.81550810115,-2128.18449189885
25cm_0Grad.pickle,Dose,25,3,40000,41417.99454076034,1417.9945407603373
25cm_0Grad.pickle,Dose,25,3,50000,48905.697557210675,-1094.3024427893251
25cm_0Grad.pickle,Dose,25,3,60000,57862.79028370798,-2137.209716292018
25cm_0Grad.pickle,Dose,25,4,40000,41424.69150977229,1424.6915097722886
25cm_0Grad.pickle,Dose,25,4,50000,48916.20458763234,-1083.795412367661
25cm_0Grad.pickle,Dose,25,4,60000,57847.43985390933,-2152.560146090669
25cm_0Grad.pickle,Dose,25,5,40000,41428.61396674565,1428.6139667456519
25cm_0Grad.pickle,Dose,25,5,50000,48918.36339723277,-1081.6366027672266
25cm_0Grad.pickle,Dose,25,5,60000,57839.499631063336,-2160.500368936664
25cm_0Grad.pickle,Dose,25,6,40000,41423.7409144214,1423.7409144214034
25cm_0Grad.pickle,Dose,25,6,50000,48905.05063427399,-1094.94936572601
25cm_0Grad.pickle,Dose,25,6,60000,57820.2462105208,-2179.7537894791967
25cm_0Grad.pickle,Dose,25,7,40000,41423.88905669137,1423.8890566913688
25cm_0Grad.pickle,Dose,25,7,50000,48911.03720923247,-1088.9627907675313
25cm_0Grad.pickle,Dose,25,7,60000,57822.87155811653,-2177.1284418834693
25cm_0Grad.pickle,Dose,25,8,40000,41431.052178717466,1431.0521787174657
25cm_0Grad.pickle,Dose,25,8,50000,48922.5690374496,-1077.430962550403
25cm_0Grad.pickle,Dose,25,8,60000,57818.4151214468,-2181.5848785532
25cm_0Grad.pickle,Dose,25,9,40000,41433.07825033108,1433.0782503310766
25cm_0Grad.pickle,Dose,25,9,50000,48935.336090737794,-1064.6639092622063
25cm_0Grad.pickle,Dose,25,9,60000,57819.23713406505,-2180.7628659349502
25cm_0Grad.pickle,Dose,25,10,40000,41425.68264653077,1425.6826465307677
25cm_0Grad.pickle,Dose,25,10,50000,48927.147683776675,-1072.852316223325
25cm_0Grad.pickle,Dose,25,10,60000,57844.286338407284,-2155.7136615927157
25cm_0Grad.pickle,Dose,25,11,40000,41425.48779012421,1425.487790124207
25cm_0Grad.pickle,Dose,25,11,50000,48928.54272247377,-1071.4572775262277
25cm_0Grad.pickle,Dose,25,11,60000,57854.77745119361,-2145.2225488063923
25cm_0Grad.pickle,Dose,25,12,40000,41430.85504964088,1430.8550496408789
25cm_0Grad.pickle,Dose,25,12,50000,48928.26803676117,-1071.7319632388317
25cm_0Grad.pickle,Dose,25,12,60000,57851.17647579578,-2148.823524204221
25cm_0Grad.pickle,Dose,25,13,40000,41423.63619707321,1423.6361970732105
25cm_0Grad.pickle,Dose,25,13,50000,48925.20780764222,-1074.7921923577815
25cm_0Grad.pickle,Dose,25,13,60000,57812.072388636705,-2187.927611363295
25cm_0Grad.pickle,Dose,25,14,40000,41417.98178483402,1417.9817848340172
25cm_0Grad.pickle,Dose,25,14,50000,48926.32774543119,-1073.6722545688099
25cm_0Grad.pickle,Dose,25,14,60000,57868.10179146173,-2131.8982085382668
25cm_0Grad.pickle,Dose,25,15,40000,41401.67829936931,1401.6782993693123
25cm_0Grad.pickle,Dose,25,15,50000,48973.128140869965,-1026.8718591300349
25cm_0Grad.pickle,Dose,25,15,60000,57956.48184754143,-2043.5181524585714
25cm_0Grad.pickle,Dose,25,16,40000,41400.32841797246,1400.3284179724578
25cm_0Grad.pickle,Dose,25,16,50000,48981.149999369525,-1018.8500006304748
25cm_0Grad.pickle,Dose,25,16,60000,57939.84418196284,-2060.1558180371576
25cm_0Grad.pickle,Dose,25,17,40000,41403.45118158625,1403.4511815862497
25cm_0Grad.pickle,Dose,25,17,50000,48964.65128650824,-1035.3487134917596
25cm_0Grad.pickle,Dose,25,17,60000,57926.39493322777,-2073.60506677223
25cm_0Grad.pickle,Dose,25,18,40000,41392.24941472022,1392.2494147202233
25cm_0Grad.pickle,Dose,25,18,50000,48981.08348412833,-1018.9165158716714
25cm_0Grad.pickle,Dose,25,18,60000,57930.78432902136,-2069.215670978643
25cm_0Grad.pickle,Dose,25,19,40000,41395.66999036481,1395.6699903648114
25cm_0Grad.pickle,Dose,25,19,50000,48987.244388561645,-1012.7556114383551
25cm_0Grad.pickle,Dose,25,19,60000,57947.6311517282,-2052.368848271799
25cm_10Grad.pickle,Dose,25,0,40000,42293.449860823035,2293.449860823035
25cm_10Grad.pickle,Dose,25,0,50000,52450.87484476189,2450.8748447618927
25cm_10Grad.pickle,Dose,25,0,60000,57563.37696614311,-2436.623033856893
25cm_10Grad.pickle,Dose,25,1,40000,42297.54750368827,2297.547503688271
25cm_10Grad.pickle,Dose,25,1,50000,52435.88247015598,2435.882470155979
25cm_10Grad.pickle,Dose,25,1,60000,57577.13795501542,-2422.8620449845766
25cm_10Grad.pickle,Dose,25,2,40000,42442.964996209164,2442.9649962091644
25cm_10Grad.pickle,Dose,25,2,50000,52389.90987597734,2389.9098759773406
25cm_10Grad.pickle,Dose,25,2,60000,57621.18197828887,-2378.8180217111294
25cm_10Grad.pickle,Dose,25,3,40000,42547.202418565525,2547.2024185655246
25cm_10Grad.pickle,Dose,25,3,50000,52327.334415031895,2327.3344150318953
25cm_10Grad.pickle,Dose,25,3,60000,57581.17829348312,-2418.821706516879
25cm_10Grad.pickle,Dose,25,4,40000,42497.71765419681,2497.7176541968074
25cm_10Grad.pickle,Dose,25,4,50000,52294.629984993124,2294.629984993124
25cm_10Grad.pickle,Dose,25,4,60000,57529.22569388977,-2470.77430611023
25cm_10Grad.pickle,Dose,25,5,40000,42499.16740838486,2499.167408384863
25cm_10Grad.pickle,Dose,25,5,50000,52288.93044807217,2288.9304480721694
25cm_10Grad.pickle,Dose,25,5,60000,57505.63062745916,-2494.3693725408375
25cm_10Grad.pickle,Dose,25,6,40000,42465.13591885107,2465.1359188510687
25cm_10Grad.pickle,Dose,25,6,50000,52263.23108698771,2263.231086987711
25cm_10Grad.pickle,Dose,25,6,60000,57405.70575886286,-2594.2942411371405
25cm_10Grad.pickle,Dose,25,7,40000,42330.05272017571,2330.052720175707
25cm_10Grad.pickle,Dose,25,7,50000,52218.215232421615,2218.215232421615
25cm_10Grad.pickle,Dose,25,7,60000,57344.68015530687,-2655.3198446931274
25cm_10Grad.pickle,Dose,25,8,40000,42244.10095379133,2244.100953791327
25cm_10Grad.pickle,Dose,25,8,50000,52187.71850165724,2187.7185016572403
25cm_10Grad.pickle,Dose,25,8,60000,57259.68853093208,-2740.3114690679213
25cm_10Grad.pickle,Dose,25,9,40000,42382.78433644351,2382.7843364435103
25cm_10Grad.pickle,Dose,25,9,50000,52121.83794279063,2121.837942790633
25cm_10Grad.pickle,Dose,25,9,60000,57215.539927095364,-2784.460072904636
25cm_10Grad.pickle,Dose,25,10,40000,42432.03516239037,2432.03516239037
25cm_10Grad.pickle,Dose,25,10,50000,52039.87943009709,2039.8794300970912
25cm_10Grad.pickle,Dose,25,10,60000,57210.01461067462,-2789.985389325382
25cm_10Grad.pickle,Dose,25,11,40000,42533.29477190811,2533.294771908113
25cm_10Grad.pickle,Dose,25,11,50000,52033.033731622796,2033.033731622796
25cm_10Grad.pickle,Dose,25,11,60000,57260.86295724441,-2739.1370427555885
25cm_10Grad.pickle,Dose,25,12,40000,42655.47811394725,2655.478113947247
25cm_10Grad.pickle,Dose,25,12,50000,51976.985615367885,1976.9856153678847
25cm_10Grad.pickle,Dose,25,12,60000,57199.05562850371,-2800.944371496291
25cm_10Grad.pickle,Dose,25,13,40000,42635.328305163064,2635.328305163064
25cm_10Grad.pickle,Dose,25,13,50000,51947.95862657001,1947.9586265700127
25cm_10Grad.pickle,Dose,25,13,60000,57165.902076457096,-2834.097923542904
25cm_10Grad.pickle,Dose,25,14,40000,42643.045007366054,2643.045007366054
25cm_10Grad.pickle,Dose,25,14,50000,51969.30019642317,1969.3001964231735
25cm_10Grad.pickle,Dose,25,14,60000,57171.759323452156,-2828.2406765478445
25cm_10Grad.pickle,Dose,25,15,40000,42686.799829599404,2686.799829599404
25cm_10Grad.pickle,Dose,25,15,50000,51975.263346859865,1975.2633468598651
25cm_10Grad.pickle,Dose,25,15,60000,57162.17783939658,-2837.8221606034203
25cm_10Grad.pickle,Dose,25,16,40000,42713.1579005802,2713.1579005801977
25cm_10Grad.pickle,Dose,25,16,50000,51942.29186267368,1942.2918626736791
25cm_10Grad.pickle,Dose,25,16,60000,57158.37919463597,-2841.6208053640294
25cm_10Grad.pickle,Dose,25,17,40000,42698.867013190604,2698.8670131906038
25cm_10Grad.pickle,Dose,25,17,50000,51939.990441163885,1939.9904411638854
25cm_10Grad.pickle,Dose,25,17,60000,57169.81534244301,-2830.184657556987
25cm_10Grad.pickle,Dose,25,18,40000,42661.63783238471,2661.6378323847093
25cm_10Grad.pickle,Dose,25,18,50000,51956.33346611695,1956.3334661169501
25cm_10Grad.pickle,Dose,25,18,60000,57171.80732564313,-2828.1926743568692
25cm_10Grad.pickle,Dose,25,19,40000,42687.75612499162,2687.756124991618
25cm_10Grad.pickle,Dose,25,19,50000,51942.24231395468,1942.2423139546809
25cm_10Grad.pickle,Dose,25,19,60000,57156.07292093579,-2843.9270790642113
25cm_5Grad.pickle,Dose,25,0,40000,44032.90153260277,4032.901532602773
25cm_5Grad.pickle,Dose,25,0,50000,49319.70560211908,-680.2943978809199
25cm_5Grad.pickle,Dose,25,0,60000,58419.912664846255,-1580.0873351537448
25cm_5Grad.pickle,Dose,25,1,40000,44037.932957569545,4037.9329575695447
25cm_5Grad.pickle,Dose,25,1,50000,49310.719132974285,-689.2808670257145
25cm_5Grad.pickle,Dose,25,1,60000,58429.16053054742,-1570.8394694525778
25cm_5Grad.pickle,Dose,25,2,40000,44036.902668895,4036.9026688950034
25cm_5Grad.pickle,Dose,25,2,50000,49330.569689753174,-669.4303102468257
25cm_5Grad.pickle,Dose,25,2,60000,58470.60780538452,-1529.3921946154805
25cm_5Grad.pickle,Dose,25,3,40000,43947.94014721053,3947.940147210531
25cm_5Grad.pickle,Dose,25,3,50000,49300.311625104594,-699.688374895406
25cm_5Grad.pickle,Dose,25,3,60000,58452.91583036377,-1547.0841696362331
25cm_5Grad.pickle,Dose,25,4,40000,43968.02094477135,3968.0209447713496
25cm_5Grad.pickle,Dose,25,4,50000,49314.08771072661,-685.9122892733867
25cm_5Grad.pickle,Dose,25,4,60000,58537.8373537946,-1462.1626462053973
25cm_5Grad.pickle,Dose,25,5,40000,43984.26819876676,3984.26819876676
25cm_5Grad.pickle,Dose,25,5,50000,49320.66298119697,-679.3370188030312
25cm_5Grad.pickle,Dose,25,5,60000,58525.904462947175,-1474.0955370528245
25cm_5Grad.pickle,Dose,25,6,40000,44010.3671787429,4010.3671787428975
25cm_5Grad.pickle,Dose,25,6,50000,49331.198517158446,-668.8014828415544
25cm_5Grad.pickle,Dose,25,6,60000,58513.45523437002,-1486.5447656299802
25cm_5Grad.pickle,Dose,25,7,40000,44001.93707886892,4001.9370788689193
25cm_5Grad.pickle,Dose,25,7,50000,49345.72810347035,-654.2718965296517
25cm_5Grad.pickle,Dose,25,7,60000,58564.74806808151,-1435.2519319184867
25cm_5Grad.pickle,Dose,25,8,40000,44018.63816920774,4018.638169207741
25cm_5Grad.pickle,Dose,25,8,50000,49371.96611695652,-628.0338830434775
25cm_5Grad.pickle,Dose,25,8,60000,58604.65685206315,-1395.343147936852
25cm_5Grad.pickle,Dose,25,9,40000,44018.87870251803,4018.878702518028
25cm_5Grad.pickle,Dose,25,9,50000,49380.809913986144,-619.1900860138558
25cm_5Grad.pickle,Dose,25,9,60000,58626.916866605054,-1373.0831333949463
25cm_5Grad.pickle,Dose,25,10,40000,44052.8965668022,4052.8965668021992
25cm_5Grad.pickle,Dose,25,10,50000,49376.10309382667,-623.8969061733296
25cm_5Grad.pickle,Dose,25,10,60000,58626.40423619593,-1373.5957638040709
25cm_5Grad.pickle,Dose,25,11,40000,44033.463095740815,4033.4630957408153
25cm_5Grad.pickle,Dose,25,11,50000,49366.337151040505,-633.662848959495
25cm_5Grad.pickle,Dose,25,11,60000,58640.12383960257,-1359.8761603974272
25cm_5Grad.pickle,Dose,25,12,40000,44060.42950165779,4060.429501657789
25cm_5Grad.pickle,Dose,25,12,50000,49400.48423375782,-599.515766242177
25cm_5Grad.pickle,Dose,25,12,60000,58642.52393055869,-1357.4760694413126
25cm_5Grad.pickle,Dose,25,13,40000,43994.010961638065,3994.010961638065
25cm_5Grad.pickle,Dose,25,13,50000,49353.3935307212,-646.6064692787986
25cm_5Grad.pickle,Dose,25,13,60000,58664.35957474503,-1335.6404252549692
25cm_5Grad.pickle,Dose,25,14,40000,44032.02694593854,4032.026945938538
25cm_5Grad.pickle,Dose,25,14,50000,49375.36388563097,-624.6361143690301
25cm_5Grad.pickle,Dose,25,14,60000,58652.844599505115,-1347.1554004948848
25cm_5Grad.pickle,Dose,25,15,40000,44067.29902286348,4067.299022863481
25cm_5Grad.pickle,Dose,25,15,50000,49383.38490584939,-616.615094150613
25cm_5Grad.pickle,Dose,25,15,60000,58687.17480234354,-1312.825197656457
25cm_5Grad.pickle,Dose,25,16,40000,44039.90119931065,4039.901199310647
25cm_5Grad.pickle,Dose,25,16,50000,49385.65421070378,-614.3457892962178
25cm_5Grad.pickle,Dose,25,16,60000,58659.77742279047,-1340.2225772095335
25cm_5Grad.pickle,Dose,25,17,40000,44071.24325087023,4071.243250870233
25cm_5Grad.pickle,Dose,25,17,50000,49367.16103307871,-632.838966921292
25cm_5Grad.pickle,Dose,25,17,60000,58688.43938432616,-1311.5606156738431
25cm_5Grad.pickle,Dose,25,18,40000,44039.2430649479,4039.2430649478993
25cm_5Grad.pickle,Dose,25,18,50000,49374.66488099828,-625.3351190017202
25cm_5Grad.pickle,Dose,25,18,60000,58651.13081278569,-1348.86918721431
25cm_5Grad.pickle,Dose,25,19,40000,44065.98335270901,4065.9833527090086
25cm_5Grad.pickle,Dose,25,19,50000,49390.16870619395,-609.831293806048
25cm_5Grad.pickle,Dose,25,19,60000,58680.12844637151,-1319.8715536284872
50cm_-10Grad.pickle,Dose,50,0,40000,41012.91411253831,1012.9141125383103
50cm_-10Grad.pickle,Dose,50,0,50000,48543.03254006892,-1456.967459931082
50cm_-10Grad.pickle,Dose,50,0,60000,57057.444792140464,-2942.5552078595356
50cm_-10Grad.pickle,Dose,50,1,40000,41009.38276840191,1009.3827684019125
50cm_-10Grad.pickle,Dose,50,1,50000,48504.9358892311,-1495.0641107689007
50cm_-10Grad.pickle,Dose,50,1,60000,57038.58013712193,-2961.4198628780723
50cm_-10Grad.pickle,Dose,50,2,40000,41005.180577026586,1005.1805770265855
50cm_-10Grad.pickle,Dose,50,2,50000,48591.32447878785,-1408.6755212121498
50cm_-10Grad.pickle,Dose,50,2,60000,57108.199143482496,-2891.800856517504
50cm_-10Grad.pickle,Dose,50,3,40000,41003.95119067875,1003.951190678752
50cm_-10Grad.pickle,Dose,50,3,50000,48578.58923687515,-1421.410763124848
50cm_-10Grad.pickle,Dose,50,3,60000,57093.8221382851,-2906.177861714903
50cm_-10Grad.pickle,Dose,50,4,40000,41011.44072783152,1011.4407278315193
50cm_-10Grad.pickle,Dose,50,4,50000,48559.571509986024,-1440.4284900139755
50cm_-10Grad.pickle,Dose,50,4,60000,57056.662516362485,-2943.337483637515
50cm_-10Grad.pickle,Dose,50,5,40000,41005.72315795281,1005.7231579528088
50cm_-10Grad.pickle,Dose,50,5,50000,48579.06622917048,-1420.9337708295207
50cm_-10Grad.pickle,Dose,50,5,60000,56985.312984672455,-3014.687015327545
50cm_-10Grad.pickle,Dose,50,6,40000,40998.95415279717,998.9541527971669
50cm_-10Grad.pickle,Dose,50,6,50000,48555.924652368936,-1444.0753476310638
50cm_-10Grad.pickle,Dose,50,6,60000,57118.40830946676,-2881.5916905332415
50cm_-10Grad.pickle,Dose,50,7,40000,40985.29757166016,985.2975716601577
50cm_-10Grad.pickle,Dose,50,7,50000,48536.5272350494,-1463.4727649506021
50cm_-10Grad.pickle,Dose,50,7,60000,57094.55615132348,-2905.443848676521
50cm_-10Grad.pickle,Dose,50,8,40000,40966.59326958634,966.5932695863376
50cm_-10Grad.pickle,Dose,50,8,50000,48556.715260425844,-1443.2847395741555
50cm_-10Grad.pickle,Dose,50,8,60000,57210.25312346311,-2789.7468765368903
50cm_-10Grad.pickle,Dose,50,9,40000,41008.092837524084,1008.0928375240837
50cm_-10Grad.pickle,Dose,50,9,50000,48520.9676977238,-1479.0323022762022
50cm_-10Grad.pickle,Dose,50,9,60000,56943.2941121485,-3056.7058878515018
50cm_-10Grad.pickle,Dose,50,10,40000,40974.89581487171,974.8958148717065
50cm_-10Grad.pickle,Dose,50,10,50000,48424.58231321884,-1575.417686781162
50cm_-10Grad.pickle,Dose,50,10,60000,56936.39840409761,-3063.6015959023935
50cm_-10Grad.pickle,Dose,50,11,40000,41005.16139572575,1005.1613957257505
50cm_-10Grad.pickle,Dose,50,11,50000,48483.769561871646,-1516.2304381283539
50cm_-10Grad.pickle,Dose,50,11,60000,56976.640020390885,-3023.359979609115
50cm_-10Grad.pickle,Dose,50,12,40000,40984.613235833516,984.6132358335162
50cm_-10Grad.pickle,Dose,50,12,50000,48541.769887570365,-1458.2301124296355
50cm_-10Grad.pickle,Dose,50,12,60000,57114.93184711309,-2885.06815288691
50cm_-10Grad.pickle,Dose,50,13,40000,41047.84277311675,1047.8427731167467
50cm_-10Grad.pickle,Dose,50,13,50000,48591.099695503326,-1408.900304496674
50cm_-10Grad.pickle,Dose,50,13,60000,57070.809031421304,-2929.190968578696
50cm_-10Grad.pickle,Dose,50,14,40000,41011.33158987078,1011.3315898707806
50cm_-10Grad.pickle,Dose,50,14,50000,48617.135199132696,-1382.8648008673044
50cm_-10Grad.pickle,Dose,50,14,60000,57194.6128879747,-2805.3871120253025
50cm_-10Grad.pickle,Dose,50,15,40000,41011.308110957805,1011.3081109578052
50cm_-10Grad.pickle,Dose,50,15,50000,48551.86182833056,-1448.1381716694377
50cm_-10Grad.pickle,Dose,50,15,60000,57140.06288433634,-2859.9371156636626
50cm_-10Grad.pickle,Dose,50,16,40000,41034.661141458244,1034.661141458244
50cm_-10Grad.pickle,Dose,50,16,50000,48540.70982782108,-1459.2901721789167
50cm_-10Grad.pickle,Dose,50,16,60000,57035.428087137145,-2964.5719128628552
50cm_-10Grad.pickle,Dose,50,17,40000,41071.24917325138,1071.2491732513809
50cm_-10Grad.pickle,Dose,50,17,50000,48549.938571506354,-1450.0614284936455
50cm_-10Grad.pickle,Dose,50,17,60000,56909.51443519117,-3090.485564808827
50cm_-10Grad.pickle,Dose,50,18,40000,41016.66276892109,1016.6627689210873
50cm_-10Grad.pickle,Dose,50,18,50000,48572.5311346415,-1427.4688653585035
50cm_-10Grad.pickle,Dose,50,18,60000,57092.18260657216,-2907.8173934278384
50cm_-10Grad.pickle,Dose,50,19,40000,41037.848960053656,1037.848960053656
50cm_-10Grad.pickle,Dose,50,19,50000,48627.98226579473,-1372.0177342052702
50cm_-10Grad.pickle,Dose,50,19,60000,57059.70352784626,-2940.296472153743
50cm_-5Grad.pickle,Dose,50,0,40000,43130.461087877586,3130.4610878775857
50cm_-5Grad.pickle,Dose,50,0,50000,49687.93005016635,-312.0699498336471
50cm_-5Grad.pickle,Dose,50,0,60000,56204.421688957074,-3795.5783110429256
50cm_-5Grad.pickle,Dose,50,1,40000,43139.32202475822,3139.3220247582212
50cm_-5Grad.pickle,Dose,50,1,50000,49776.84415111835,-223.15584888165176
50cm_-5Grad.pickle,Dose,50,1,60000,56262.40784742087,-3737.5921525791273
50cm_-5Grad.pickle,Dose,50,2,40000,42927.67045584188,2927.6704558418787
50cm_-5Grad.pickle,Dose,50,2,50000,49795.00571914079,-204.99428085920954
50cm_-5Grad.pickle,Dose,50,2,60000,56650.494129871375,-3349.5058701286252
50cm_-5Grad.pickle,Dose,50,3,40000,42943.651231676195,2943.6512316761946
50cm_-5Grad.pickle,Dose,50,3,50000,49885.769373871066,-114.23062612893409
50cm_-5Grad.pickle,Dose,50,3,60000,56735.46103040242,-3264.5389695975828
50cm_-5Grad.pickle,Dose,50,4,40000,42794.29900051485,2794.299000514853
50cm_-5Grad.pickle,Dose,50,4,50000,49860.77880663768,-139.22119336231844
50cm_-5Grad.pickle,Dose,50,4,60000,56701.73339883672,-3298.2666011632828
50cm_-5Grad.pickle,Dose,50,5,40000,42734.28170773905,2734.28170773905
50cm_-5Grad.pickle,Dose,50,5,50000,49782.2049299078,-217.79507009220106
50cm_-5Grad.pickle,Dose,50,5,60000,56660.61053509933,-3339.389464900669
50cm_-5Grad.pickle,Dose,50,6,40000,42662.84303386935,2662.8430338693506
50cm_-5Grad.pickle,Dose,50,6,50000,49789.299320830985,-210.70067916901462
50cm_-5Grad.pickle,Dose,50,6,60000,56702.4591982348,-3297.5408017652007
50cm_-5Grad.pickle,Dose,50,7,40000,42706.275887412965,2706.275887412965
50cm_-5Grad.pickle,Dose,50,7,50000,49801.66731850135,-198.33268149865035
50cm_-5Grad.pickle,Dose,50,7,60000,56777.78861448567,-3222.2113855143325
50cm_-5Grad.pickle,Dose,50,8,40000,42682.39599091012,2682.3959909101177
50cm_-5Grad.pickle,Dose,50,8,50000,49779.06669177002,-220.93330822997814
50cm_-5Grad.pickle,Dose,50,8,60000,56815.4086243459,-3184.5913756540976
50cm_-5Grad.pickle,Dose,50,9,40000,42662.162246974614,2662.1622469746144
50cm_-5Grad.pickle,Dose,50,9,50000,49814.19947091835,-185.8005290816509
50cm_-5Grad.pickle,Dose,50,9,60000,56692.124879063405,-3307.8751209365946
50cm_-5Grad.pickle,Dose,50,10,40000,42701.28780953246,2701.287809532463
50cm_-5Grad.pickle,Dose,50,10,50000,49772.849573961255,-227.15042603874463
50cm_-5Grad.pickle,Dose,50,10,60000,56750.96920820735,-3249.0307917926475
50cm_-5Grad.pickle,Dose,50,11,40000,42688.386777076026,2688.386777076026
50cm_-5Grad.pickle,Dose,50,11,50000,49802.056210570016,-197.94378942998446
50cm_-5Grad.pickle,Dose,50,11,60000,56857.06571383748,-3142.934286162519
50cm_-5Grad.pickle,Dose,50,12,40000,42749.26964017074,2749.2696401707435
50cm_-5Grad.pickle,Dose,50,12,50000,49785.22965448282,-214.77034551717952
50cm_-5Grad.pickle,Dose,50,12,60000,56727.537827741464,-3272.462172258536
50cm_-5Grad.pickle,Dose,50,13,40000,42738.110791040235,2738.110791040235
50cm_-5Grad.pickle,Dose,50,13,50000,49771.03105528865,-228.96894471134874
50cm_-5Grad.pickle,Dose,50,13,60000,56663.450617359216,-3336.5493826407837
50cm_-5Grad.pickle,Dose,50,14,40000,42756.708582873434,2756.7085828734344
50cm_-5Grad.pickle,Dose,50,14,50000,49778.6229930951,-221.37700690489874
50cm_-5Grad.pickle,Dose,50,14,60000,56570.08412734536,-3429.9158726546375
50cm_-5Grad.pickle,Dose,50,15,40000,42715.19963219226,2715.1996321922634
50cm_-5Grad.pickle,Dose,50,15,50000,49793.737652780546,-206.26234721945366
50cm_-5Grad.pickle,Dose,50,15,60000,56656.228620054804,-3343.771379945196
50cm_-5Grad.pickle,Dose,50,16,40000,42827.643005856014,2827.6430058560145
50cm_-5Grad.pickle,Dose,50,16,50000,49815.23342463209,-184.76657536791026
50cm_-5Grad.pickle,Dose,50,16,60000,56512.30157475967,-3487.698425240327
50cm_-5Grad.pickle,Dose,50,17,40000,42647.08344972726,2647.083449727259
50cm_-5Grad.pickle,Dose,50,17,50000,49823.24657093307,-176.75342906692822
50cm_-5Grad.pickle,Dose,50,17,60000,56791.709640403875,-3208.290359596125
50cm_-5Grad.pickle,Dose,50,18,40000,42609.56388223382,2609.5638822338224
50cm_-5Grad.pickle,Dose,50,18,50000,49734.31952265428,-265.6804773457188
50cm_-5Grad.pickle,Dose,50,18,60000,56916.926740825,-3083.0732591749984
50cm_-5Grad.pickle,Dose,50,19,40000,42372.9705242604,2372.970524260403
50cm_-5Grad.pickle,Dose,50,19,50000,49635.89491889671,-364.105081103291
50cm_-5Grad.pickle,Dose,50,19,60000,57079.96873417607,-2920.0312658239272
50cm_0Grad.pickle,Dose,50,0,40000,40547.12168367584,547.1216836758394
50cm_0Grad.pickle,Dose,50,0,50000,48458.7874002668,-1541.2125997331968
50cm_0Grad.pickle,Dose,50,0,60000,56945.00328442458,-3054.9967155754202
50cm_0Grad.pickle,Dose,50,1,40000,40594.30660306002,594.3066030600166
50cm_0Grad.pickle,Dose,50,1,50000,48543.39927790291,-1456.6007220970932
50cm_0Grad.pickle,Dose,50,1,60000,57171.363705907206,-2828.636294092794
50cm_0Grad.pickle,Dose,50,2,40000,40554.64931431747,554.6493143174666
50cm_0Grad.pickle,Dose,50,2,50000,48528.01135679205,-1471.988643207951
50cm_0Grad.pickle,Dose,50,2,60000,57058.51009741011,-2941.489902589892
50cm_0Grad.pickle,Dose,50,3,40000,40563.44737148202,563.4473714820197
50cm_0Grad.pickle,Dose,50,3,50000,48519.75022659158,-1480.2497734084172
50cm_0Grad.pickle,Dose,50,3,60000,57106.05795871233,-2893.9420412876716
50cm_0Grad.pickle,Dose,50,4,40000,40572.32746988853,572.3274698885289
50cm_0Grad.pickle,Dose,50,4,50000,48558.03184529633,-1441.968154703667
50cm_0Grad.pickle,Dose,50,4,60000,57202.76720945273,-2797.2327905472703
50cm_0Grad.pickle,Dose,50,5,40000,40562.60867028532,562.6086702853208
50cm_0Grad.pickle,Dose,50,5,50000,48570.59512724176,-1429.4048727582413
50cm_0Grad.pickle,Dose,50,5,60000,57256.70696571664,-2743.293034283357
50cm_0Grad.pickle,Dose,50,6,40000,40569.51932250973,569.5193225097319
50cm_0Grad.pickle,Dose,50,6,50000,48487.649368682185,-1512.350631317815
50cm_0Grad.pickle,Dose,50,6,60000,57174.302645907934,-2825.6973540920662
50cm_0Grad.pickle,Dose,50,7,40000,40572.73920728962,572.7392072896182
50cm_0Grad.pickle,Dose,50,7,50000,48499.51388774682,-1500.4861122531802
50cm_0Grad.pickle,Dose,50,7,60000,57153.73299811275,-2846.2670018872523
50cm_0Grad.pickle,Dose,50,8,40000,40555.41234830454,555.4123483045405
50cm_0Grad.pickle,Dose,50,8,50000,48478.98219478228,-1521.0178052177216
50cm_0Grad.pickle,Dose,50,8,60000,57108.53006258328,-2891.4699374167176
50cm_0Grad.pickle,Dose,50,9,40000,40554.47103214437,554.4710321443708
50cm_0Grad.pickle,Dose,50,9,50000,48468.187598792894,-1531.8124012071057
50cm_0Grad.pickle,Dose,50,9,60000,57181.6133508601,-2818.386649139902
50cm_0Grad.pickle,Dose,50,10,40000,40569.517299080806,569.517299080806
50cm_0Grad.pickle,Dose,50,10,50000,48499.270649790895,-1500.7293502091052
50cm_0Grad.pickle,Dose,50,10,60000,57184.441441731935,-2815.558558268065
50cm_0Grad.pickle,Dose,50,11,40000,40547.03196073137,547.0319607313722
50cm_0Grad.pickle,Dose,50,11,50000,48594.261323493905,-1405.7386765060946
50cm_0Grad.pickle,Dose,50,11,60000,57239.130314260394,-2760.869685739606
50cm_0Grad.pickle,Dose,50,12,40000,40606.22634650263,606.2263465026335
50cm_0Grad.pickle,Dose,50,12,50000,48560.92190340849,-1439.078096591511
50cm_0Grad.pickle,Dose,50,12,60000,57083.50355570552,-2916.4964442944765
50cm_0Grad.pickle,Dose,50,13,40000,40609.60955973284,609.6095597328385
50cm_0Grad.pickle,Dose,50,13,50000,48584.206199259905,-1415.7938007400953
50cm_0Grad.pickle,Dose,50,13,60000,57181.10602945284,-2818.8939705471566
50cm_0Grad.pickle,Dose,50,14,40000,40588.44593156209,588.4459315620916
50cm_0Grad.pickle,Dose,50,14,50000,48538.91551647744,-1461.084483522558
50cm_0Grad.pickle,Dose,50,14,60000,57192.74251792878,-2807.257482071218
50cm_0Grad.pickle,Dose,50,15,40000,40596.02411846655,596.0241184665501
50cm_0Grad.pickle,Dose,50,15,50000,48557.84685194387,-1442.1531480561316
50cm_0Grad.pickle,Dose,50,15,60000,57258.15239210486,-2741.8476078951426
50cm_0Grad.pickle,Dose,50,16,40000,40618.79330246047,618.7933024604718
50cm_0Grad.pickle,Dose,50,16,50000,48566.950991557314,-1433.0490084426856
50cm_0Grad.pickle,Dose,50,16,60000,57254.0152946867,-2745.984705313298
50cm_0Grad.pickle,Dose,50,17,40000,40603.364440124125,603.3644401241254
50cm_0Grad.pickle,Dose,50,17,50000,48603.37595543919,-1396.6240445608128
50cm_0Grad.pickle,Dose,50,17,60000,57229.43542961598,-2770.56457038402
50cm_0Grad.pickle,Dose,50,18,40000,40588.24847672837,588.2484767283677
50cm_0Grad.pickle,Dose,50,18,50000,48600.33205438703,-1399.6679456129714
50cm_0Grad.pickle,Dose,50,18,60000,57254.47437271579,-2745.525627284209
50cm_0Grad.pickle,Dose,50,19,40000,40602.47172273334,602.4717227333385
50cm_0Grad.pickle,Dose,50,19,50000,48586.72251100093,-1413.2774889990687
50cm_0Grad.pickle,Dose,50,19,60000,57329.85661393469,-2670.1433860653124
50cm_10Grad.pickle,Dose,50,0,40000,40647.74829170393,647.7482917039306
50cm_10Grad.pickle,Dose,50,0,50000,49984.04009947623,-15.959900523768738
50cm_10Grad.pickle,Dose,50,0,60000,57822.90531258251,-2177.0946874174915
50cm_10Grad.pickle,Dose,50,1,40000,40597.380594503054,597.3805945030545
50cm_10Grad.pickle,Dose,50,1,50000,50316.07703845373,316.0770384537318
50cm_10Grad.pickle,Dose,50,1,60000,57826.89858815074,-2173.1014118492603
50cm_10Grad.pickle,Dose,50,2,40000,40521.95069355354,521.9506935535392
50cm_10Grad.pickle,Dose,50,2,50000,50484.00053320716,484.0005332071596
50cm_10Grad.pickle,Dose,50,2,60000,57971.00607660587,-2028.9939233941332
50cm_10Grad.pickle,Dose,50,3,40000,40518.69048791406,518.6904879140566
50cm_10Grad.pickle,Dose,50,3,50000,50473.39158856287,473.3915885628667
50cm_10Grad.pickle,Dose,50,3,60000,57948.907782557646,-2051.092217442354
50cm_10Grad.pickle,Dose,50,4,40000,40502.26080047917,502.2608004791691
50cm_10Grad.pickle,Dose,50,4,50000,50749.06607859981,749.0660785998116
50cm_10Grad.pickle,Dose,50,4,60000,58006.414791055504,-1993.5852089444961
50cm_10Grad.pickle,Dose,50,5,40000,40508.94409967026,508.9440996702615
50cm_10Grad.pickle,Dose,50,5,50000,51172.61585941125,1172.6158594112494
50cm_10Grad.pickle,Dose,50,5,60000,57793.04115322859,-2206.958846771413
50cm_10Grad.pickle,Dose,50,6,40000,40485.01613767357,485.0161376735705
50cm_10Grad.pickle,Dose,50,6,50000,51261.00713471081,1261.0071347108096
50cm_10Grad.pickle,Dose,50,6,60000,57722.37615281924,-2277.623847180759
50cm_10Grad.pickle,Dose,50,7,40000,40495.541720935704,495.5417209357038
50cm_10Grad.pickle,Dose,50,7,50000,51282.676349456626,1282.6763494566258
50cm_10Grad.pickle,Dose,50,7,60000,57799.999557657,-2200.000442343
50cm_10Grad.pickle,Dose,50,8,40000,40516.62748921525,516.6274892152505
50cm_10Grad.pickle,Dose,50,8,50000,51304.78200570251,1304.7820057025092
50cm_10Grad.pickle,Dose,50,8,60000,57866.96802692958,-2133.0319730704214
50cm_10Grad.pickle,Dose,50,9,40000,40504.053874116056,504.05387411605625
50cm_10Grad.pickle,Dose,50,9,50000,51212.04685673443,1212.0468567344287
50cm_10Grad.pickle,Dose,50,9,60000,57871.908137346094,-2128.091862653906
50cm_10Grad.pickle,Dose,50,10,40000,40459.55321876145,459.5532187614517
50cm_10Grad.pickle,Dose,50,10,50000,51039.50166082901,1039.5016608290098
50cm_10Grad.pickle,Dose,50,10,60000,57991.176724749406,-2008.8232752505937
50cm_10Grad.pickle,Dose,50,11,40000,40477.74524105353,477.7452410535334
50cm_10Grad.pickle,Dose,50,11,50000,50968.29025926487,968.2902592648679
50cm_10Grad.pickle,Dose,50,11,60000,57894.27052139534,-2105.7294786046623
50cm_10Grad.pickle,Dose,50,12,40000,40490.24369250181,490.2436925018119
50cm_10Grad.pickle,Dose,50,12,50000,50826.49757859678,826.4975785967836
50cm_10Grad.pickle,Dose,50,12,60000,57982.954738176304,-2017.045261823696
50cm_10Grad.pickle,Dose,50,13,40000,40434.99110000185,434.99110000184737
50cm_10Grad.pickle,Dose,50,13,50000,50970.34318107852,970.3431810785187
50cm_10Grad.pickle,Dose,50,13,60000,57868.16452360709,-2131.835476392909
50cm_10Grad.pickle,Dose,50,14,40000,40427.50422250764,427.5042225076395
50cm_10Grad.pickle,Dose,50,14,50000,51015.819977487045,1015.8199774870445
50cm_10Grad.pickle,Dose,50,14,60000,57957.60629946989,-2042.3937005301123
50cm_10Grad.pickle,Dose,50,15,40000,40442.334326849246,442.3343268492463
50cm_10Grad.pickle,Dose,50,15,50000,50925.536408738015,925.5364087380149
50cm_10Grad.pickle,Dose,50,15,60000,57975.46220455183,-2024.5377954481664
50cm_10Grad.pickle,Dose,50,16,40000,40477.888758504836,477.888758504836
50cm_10Grad.pickle,Dose,50,16,50000,50814.59082364058,814.5908236405812
50cm_10Grad.pickle,Dose,50,16,60000,57931.96023660273,-2068.039763397268
50cm_10Grad.pickle,Dose,50,17,40000,40496.82209983463,496.8220998346296
50cm_10Grad.pickle,Dose,50,17,50000,50896.775549404476,896.7755494044759
50cm_10Grad.pickle,Dose,50,17,60000,57980.28500091861,-2019.7149990813923
50cm_10Grad.pickle,Dose,50,18,40000,40496.62243657859,496.62243657858926
50cm_10Grad.pickle,Dose,50,18,50000,50761.08856007977,761.0885600797701
50cm_10Grad.pickle,Dose,50,18,60000,58083.27737285927,-1916.7226271407271
50cm_10Grad.pickle,Dose,50,19,40000,40511.40887040172,511.40887040171947
50cm_10Grad.pickle,Dose,50,19,50000,50568.128691443686,568.128691443686
50cm_10Grad.pickle,Dose,50,19,60000,58036.971418223635,-1963.0285817763652
50cm_5Grad.pickle,Dose,50,0,40000,40978.38823618125,978.3882361812502
50cm_5Grad.pickle,Dose,50,0,50000,49850.48265972691,-149.51734027308703
50cm_5Grad.pickle,Dose,50,0,60000,56979.15328228567,-3020.846717714332
50cm_5Grad.pickle,Dose,50,1,40000,41009.73062841622,1009.7306284162187
50cm_5Grad.pickle,Dose,50,1,50000,49794.48859367259,-205.51140632740862
50cm_5Grad.pickle,Dose,50,1,60000,56838.75337123615,-3161.2466287638526
50cm_5Grad.pickle,Dose,50,2,40000,41415.18912125167,1415.1891212516712
50cm_5Grad.pickle,Dose,50,2,50000,49787.04518743532,-212.95481256468338
50cm_5Grad.pickle,Dose,50,2,60000,57275.176811086385,-2724.823188913615
50cm_5Grad.pickle,Dose,50,3,40000,41352.07036979326,1352.0703697932622
50cm_5Grad.pickle,Dose,50,3,50000,49804.609883331235,-195.39011666876468
50cm_5Grad.pickle,Dose,50,3,60000,57246.6996212599,-2753.300378740103
50cm_5Grad.pickle,Dose,50,4,40000,41602.84452898456,1602.8445289845622
50cm_5Grad.pickle,Dose,50,4,50000,49769.60807381109,-230.39192618890957
50cm_5Grad.pickle,Dose,50,4,60000,57355.260685890724,-2644.739314109276
50cm_5Grad.pickle,Dose,50,5,40000,41467.83699318272,1467.8369931827183
50cm_5Grad.pickle,Dose,50,5,50000,49721.729187812714,-278.2708121872856
50cm_5Grad.pickle,Dose,50,5,60000,57286.437280527796,-2713.5627194722038
50cm_5Grad.pickle,Dose,50,6,40000,41516.05684121687,1516.0568412168723
50cm_5Grad.pickle,Dose,50,6,50000,49772.188221304765,-227.81177869523526
50cm_5Grad.pickle,Dose,50,6,60000,57357.36654414913,-2642.633455850868
50cm_5Grad.pickle,Dose,50,7,40000,41486.90066572803,1486.9006657280333
50cm_5Grad.pickle,Dose,50,7,50000,49776.85964686722,-223.14035313278146
50cm_5Grad.pickle,Dose,50,7,60000,57369.42913322093,-2630.5708667790677
50cm_5Grad.pickle,Dose,50,8,40000,41472.80629869843,1472.8062986984296
50cm_5Grad.pickle,Dose,50,8,50000,49739.6714261867,-260.32857381329814
50cm_5Grad.pickle,Dose,50,8,60000,57332.836551506356,-2667.163448493644
50cm_5Grad.pickle,Dose,50,9,40000,41517.22119574239,1517.2211957423933
50cm_5Grad.pickle,Dose,50,9,50000,49772.83403251944,-227.16596748056327
50cm_5Grad.pickle,Dose,50,9,60000,57240.723724169846,-2759.276275830154
50cm_5Grad.pickle,Dose,50,10,40000,41457.13329243259,1457.1332924325907
50cm_5Grad.pickle,Dose,50,10,50000,49771.62737438583,-228.3726256141672
50cm_5Grad.pickle,Dose,50,10,60000,57297.74080766822,-2702.2591923317814
50cm_5Grad.pickle,Dose,50,11,40000,41439.937491972094,1439.937491972094
50cm_5Grad.pickle,Dose,50,11,50000,49785.10812223161,-214.89187776838662
50cm_5Grad.pickle,Dose,50,11,60000,57312.92004923157,-2687.079950768428
50cm_5Grad.pickle,Dose,50,12,40000,41464.67199189147,1464.6719918914678
50cm_5Grad.pickle,Dose,50,12,50000,49778.31055774285,-221.6894422571495
50cm_5Grad.pickle,Dose,50,12,60000,57302.047804174,-2697.952195826001
50cm_5Grad.pickle,Dose,50,13,40000,41482.14155323033,1482.141553230329
50cm_5Grad.pickle,Dose,50,13,50000,49771.486769135205,-228.51323086479533
50cm_5Grad.pickle,Dose,50,13,60000,57307.31784801907,-2692.682151980931
50cm_5Grad.pickle,Dose,50,14,40000,41585.20831387445,1585.2083138744492
50cm_5Grad.pickle,Dose,50,14,50000,49756.71442303592,-243.28557696408097
50cm_5Grad.pickle,Dose,50,14,60000,57282.693386363215,-2717.306613636785
50cm_5Grad.pickle,Dose,50,15,40000,41543.88031697731,1543.8803169773091
50cm_5Grad.pickle,Dose,50,15,50000,49783.869957384064,-216.13004261593596
50cm_5Grad.pickle,Dose,50,15,60000,57305.42196130483,-2694.5780386951665
50cm_5Grad.pickle,Dose,50,16,40000,41476.34863910956,1476.3486391095576
50cm_5Grad.pickle,Dose,50,16,50000,49771.16007326405,-228.83992673594912
50cm_5Grad.pickle,Dose,50,16,60000,57364.24084737542,-2635.7591526245815
50cm_5Grad.pickle,Dose,50,17,40000,41556.02378880416,1556.0237888041593
50cm_5Grad.pickle,Dose,50,17,50000,49782.48964490247,-217.51035509753274
50cm_5Grad.pickle,Dose,50,17,60000,57253.203733244074,-2746.796266755926
50cm_5Grad.pickle,Dose,50,18,40000,41513.90961375456,1513.9096137545566
50cm_5Grad.pickle,Dose,50,18,50000,49793.274574124654,-206.72542587534554
50cm_5Grad.pickle,Dose,50,18,60000,57404.75609075282,-2595.243909247183
50cm_5Grad.pickle,Dose,50,19,40000,41451.56552339245,1451.565523392448
50cm_5Grad.pickle,Dose,50,19,50000,49781.63607983555,-218.36392016444734
50cm_5Grad.pickle,Dose,50,19,60000,57303.12811935806,-2696.871880641942
75cm_-10Grad.pickle,Dose,75,0,40000,42069.615060335695,2069.6150603356946
75cm_-10Grad.pickle,Dose,75,0,50000,49019.92745164105,-980.0725483589486
75cm_-10Grad.pickle,Dose,75,0,60000,55388.439384493795,-4611.560615506205
75cm_-10Grad.pickle,Dose,75,1,40000,42116.58010085349,2116.580100853491
75cm_-10Grad.pickle,Dose,75,1,50000,49033.92604032808,-966.0739596719213
75cm_-10Grad.pickle,Dose,75,1,60000,55434.604974873044,-4565.395025126956
75cm_-10Grad.pickle,Dose,75,2,40000,42195.6345469576,2195.634546957597
75cm_-10Grad.pickle,Dose,75,2,50000,48966.214847734234,-1033.7851522657656
75cm_-10Grad.pickle,Dose,75,2,60000,55391.42085901701,-4608.579140982991
75cm_-10Grad.pickle,Dose,75,3,40000,42149.578255676795,2149.5782556767954
75cm_-10Grad.pickle,Dose,75,3,50000,49003.901572323935,-996.0984276760646
75cm_-10Grad.pickle,Dose,75,3,60000,55259.66088782129,-4740.339112178714
75cm_-10Grad.pickle,Dose,75,4,40000,42131.479016774785,2131.479016774785
75cm_-10Grad.pickle,Dose,75,4,50000,48973.799552912526,-1026.2004470874745
75cm_-10Grad.pickle,Dose,75,4,60000,55519.16878818512,-4480.831211814882
75cm_-10Grad.pickle,Dose,75,5,40000,42084.45454984272,2084.454549842718
75cm_-10Grad.pickle,Dose,75,5,50000,48976.57405101471,-1023.425948985292
75cm_-10Grad.pickle,Dose,75,5,60000,55477.36889725668,-4522.6311027433185
75cm_-10Grad.pickle,Dose,75,6,40000,42162.969400754155,2162.969400754155
75cm_-10Grad.pickle,Dose,75,6,50000,49240.666303832135,-759.3336961678651
75cm_-10Grad.pickle,Dose,75,6,60000,55689.3464232572,-4310.6535767427995
75cm_-10Grad.pickle,Dose,75,7,40000,42222.08849448708,2222.0884944870777
75cm_-10Grad.pickle,Dose,75,7,50000,49266.11490487218,-733.8850951278218
75cm_-10Grad.pickle,Dose,75,7,60000,55766.336279882715,-4233.663720117285
75cm_-10Grad.pickle,Dose,75,8,40000,42151.33664454769,2151.336644547693
75cm_-10Grad.pickle,Dose,75,8,50000,49202.990858793186,-797.0091412068141
75cm_-10Grad.pickle,Dose,75,8,60000,55535.15327887352,-4464.84672112648
75cm_-10Grad.pickle,Dose,75,9,40000,42192.62055176265,2192.6205517626513
75cm_-10Grad.pickle,Dose,75,9,50000,49239.260504791106,-760.7394952088944
75cm_-10Grad.pickle,Dose,75,9,60000,55714.890341550556,-4285.109658449444
75cm_-10Grad.pickle,Dose,75,10,40000,42132.62674341572,2132.62674341572
75cm_-10Grad.pickle,Dose,75,10,50000,49171.98111914053,-828.0188808594685
75cm_-10Grad.pickle,Dose,75,10,60000,55737.45347938069,-4262.546520619311
75cm_-10Grad.pickle,Dose,75,11,40000,42229.66121581689,2229.6612158168864
75cm_-10Grad.pickle,Dose,75,11,50000,49055.64777358957,-944.3522264104322
75cm_-10Grad.pickle,Dose,75,11,60000,55423.916373717744,-4576.083626282256
75cm_-10Grad.pickle,Dose,75,12,40000,42145.10194215742,2145.1019421574165
75cm_-10Grad.pickle,Dose,75,12,50000,48989.852076847164,-1010.1479231528356
75cm_-10Grad.pickle,Dose,75,12,60000,55373.48420057891,-4626.5157994210895
75cm_-10Grad.pickle,Dose,75,13,40000,42129.05484198305,2129.054841983052
75cm_-10Grad.pickle,Dose,75,13,50000,49026.413242152455,-973.5867578475445
75cm_-10Grad.pickle,Dose,75,13,60000,55406.80548101353,-4593.194518986471
75cm_-10Grad.pickle,Dose,75,14,40000,42145.98392069037,2145.9839206903707
75cm_-10Grad.pickle,Dose,75,14,50000,49056.35698591245,-943.6430140875527
75cm_-10Grad.pickle,Dose,75,14,60000,55375.43599709494,-4624.564002905063
75cm_-10Grad.pickle,Dose,75,15,40000,42208.79249274118,2208.7924927411805
75cm_-10Grad.pickle,Dose,75,15,50000,49105.85828074846,-894.1417192515364
75cm_-10Grad.pickle,Dose,75,15,60000,55397.49459219227,-4602.50540780773
75cm_-10Grad.pickle,Dose,75,16,40000,42190.93022348629,2190.9302234862917
75cm_-10Grad.pickle,Dose,75,16,50000,49073.03317392148,-926.9668260785184
75cm_-10Grad.pickle,Dose,75,16,60000,55604.38739768072,-4395.612602319277
75cm_-10Grad.pickle,Dose,75,17,40000,42241.08053281274,2241.080532812739
75cm_-10Grad.pickle,Dose,75,17,50000,49078.57880383026,-921.4211961697365
75cm_-10Grad.pickle,Dose,75,17,60000,55501.15658465405,-4498.843415345953
75cm_-10Grad.pickle,Dose,75,18,40000,42233.262879939146,2233.262879939146
75cm_-10Grad.pickle,Dose,75,18,50000,49051.314615168114,-948.685384831886
75cm_-10Grad.pickle,Dose,75,18,60000,55462.07210448141,-4537.927895518587
75cm_-10Grad.pickle,Dose,75,19,40000,42187.6904060577,2187.6904060577
75cm_-10Grad.pickle,Dose,75,19,50000,49054.657857886,-945.342142114001
75cm_-10Grad.pickle,Dose,75,19,60000,55453.30277009247,-4546.697229907528
75cm_-5Grad.pickle,Dose,75,0,40000,41837.25175509094,1837.2517550909397
75cm_-5Grad.pickle,Dose,75,0,50000,48849.21355747812,-1150.7864425218795
75cm_-5Grad.pickle,Dose,75,0,60000,55286.4247747995,-4713.575225200497
75cm_-5Grad.pickle,Dose,75,1,40000,41853.76341888762,1853.7634188876182
75cm_-5Grad.pickle,Dose,75,1,50000,48814.24418715266,-1185.7558128473393
75cm_-5Grad.pickle,Dose,75,1,60000,55206.97604340313,-4793.023956596873
75cm_-5Grad.pickle,Dose,75,2,40000,41903.177687850926,1903.1776878509263
75cm_-5Grad.pickle,Dose,75,2,50000,48945.90774485952,-1054.0922551404801
75cm_-5Grad.pickle,Dose,75,2,60000,55177.55484581428,-4822.44515418572
75cm_-5Grad.pickle,Dose,75,3,40000,41811.03073312191,1811.0307331219083
75cm_-5Grad.pickle,Dose,75,3,50000,48779.70629923847,-1220.2937007615328
75cm_-5Grad.pickle,Dose,75,3,60000,55183.901735535495,-4816.098264464505
75cm_-5Grad.pickle,Dose,75,4,40000,41942.40213873785,1942.4021387378525
75cm_-5Grad.pickle,Dose,75,4,50000,48874.51281349926,-1125.4871865007372
75cm_-5Grad.pickle,Dose,75,4,60000,55166.32477051941,-4833.675229480592
75cm_-5Grad.pickle,Dose,75,5,40000,41860.931744231624,1860.9317442316242
75cm_-5Grad.pickle,Dose,75,5,50000,48854.99906917662,-1145.0009308233784
75cm_-5Grad.pickle,Dose,75,5,60000,55220.104345836946,-4779.895654163054
75cm_-5Grad.pickle,Dose,75,6,40000,41825.003345738354,1825.0033457383543
75cm_-5Grad.pickle,Dose,75,6,50000,48766.43122342018,-1233.5687765798211
75cm_-5Grad.pickle,Dose,75,6,60000,55319.7941057614,-4680.205894238599
75cm_-5Grad.pickle,Dose,75,7,40000,41815.710536228165,1815.7105362281654
75cm_-5Grad.pickle,Dose,75,7,50000,48845.64876690339,-1154.3512330966114
75cm_-5Grad.pickle,Dose,75,7,60000,55262.16171088768,-4737.838289112318
75cm_-5Grad.pickle,Dose,75,8,40000,41955.41661800734,1955.416618007337
75cm_-5Grad.pickle,Dose,75,8,50000,48862.511443419404,-1137.4885565805962
75cm_-5Grad.pickle,Dose,75,8,60000,55165.988941519514,-4834.011058480486
75cm_-5Grad.pickle,Dose,75,9,40000,41889.888891205585,1889.8888912055845
75cm_-5Grad.pickle,Dose,75,9,50000,48928.31253563849,-1071.6874643615083
75cm_-5Grad.pickle,Dose,75,9,60000,55439.47512297156,-4560.524877028438
75cm_-5Grad.pickle,Dose,75,10,40000,41835.6786594915,1835.678659491503
75cm_-5Grad.pickle,Dose,75,10,50000,48916.5162131235,-1083.4837868765026
75cm_-5Grad.pickle,Dose,75,10,60000,55250.49120842341,-4749.508791576591
75cm_-5Grad.pickle,Dose,75,11,40000,41916.96436509093,1916.9643650909275
75cm_-5Grad.pickle,Dose,75,11,50000,49017.09060954893,-982.9093904510664
75cm_-5Grad.pickle,Dose,75,11,60000,55224.161296620674,-4775.838703379326
75cm_-5Grad.pickle,Dose,75,12,40000,41901.25047749608,1901.2504774960835
75cm_-5Grad.pickle,Dose,75,12,50000,48836.42101434522,-1163.578985654778
75cm_-5Grad.pickle,Dose,75,12,60000,55439.51057629313,-4560.489423706873
75cm_-5Grad.pickle,Dose,75,13,40000,41918.27316382117,1918.2731638211699
75cm_-5Grad.pickle,Dose,75,13,50000,48898.87121276306,-1101.128787236943
75cm_-5Grad.pickle,Dose,75,13,60000,55379.3210805499,-4620.678919450103
75cm_-5Grad.pickle,Dose,75,14,40000,42061.44943555218,2061.449435552182
75cm_-5Grad.pickle,Dose,75,14,50000,48992.957775113566,-1007.0422248864343
75cm_-5Grad.pickle,Dose,75,14,60000,55522.221164098206,-4477.778835901794
75cm_-5Grad.pickle,Dose,75,15,40000,41929.300902147355,1929.3009021473554
75cm_-5Grad.pickle,Dose,75,15,50000,49009.21198034562,-990.7880196543774
75cm_-5Grad.pickle,Dose,75,15,60000,55674.93710361673,-4325.062896383271
75cm_-5Grad.pickle,Dose,75,16,40000,41907.703419846635,1907.7034198466354
75cm_-5Grad.pickle,Dose,75,16,50000,49038.46066434335,-961.5393356566492
75cm_-5Grad.pickle,Dose,75,16,60000,55649.76834934704,-4350.2316506529605
75cm_-5Grad.pickle,Dose,75,17,40000,41991.84554797588,1991.8455479758777
75cm_-5Grad.pickle,Dose,75,17,50000,48990.745699310115,-1009.254300689885
75cm_-5Grad.pickle,Dose,75,17,60000,55505.88811050826,-4494.111889491738
75cm_-5Grad.pickle,Dose,75,18,40000,41994.49198863231,1994.4919886323114
75cm_-5Grad.pickle,Dose,75,18,50000,49057.22395609437,-942.7760439056292
75cm_-5Grad.pickle,Dose,75,18,60000,55521.99756366871,-4478.002436331291
75cm_-5Grad.pickle,Dose,75,19,40000,41983.59382399901,1983.5938239990064
75cm_-5Grad.pickle,Dose,75,19,50000,48981.427069009726,-1018.5729309902745
75cm_-5Grad.pickle,Dose,75,19,60000,55579.00072724757,-4420.9992727524295
75cm_0Grad.pickle,Dose,75,0,40000,41233.33715130649,1233.3371513064922
75cm_0Grad.pickle,Dose,75,0,50000,48194.54942994943,-1805.4505700505688
75cm_0Grad.pickle,Dose,75,0,60000,56490.151264993474,-3509.848735006526
75cm_0Grad.pickle,Dose,75,1,40000,41228.53985848979,1228.539858489792
75cm_0Grad.pickle,Dose,75,1,50000,48173.32526672988,-1826.6747332701198
75cm_0Grad.pickle,Dose,75,1,60000,56431.85466320537,-3568.1453367946306
75cm_0Grad.pickle,Dose,75,2,40000,41212.24177100165,1212.2417710016525
75cm_0Grad.pickle,Dose,75,2,50000,48279.075939728435,-1720.9240602715654
75cm_0Grad.pickle,Dose,75,2,60000,56718.77342844112,-3281.22657155888
75cm_0Grad.pickle,Dose,75,3,40000,41225.62752395631,1225.627523956311
75cm_0Grad.pickle,Dose,75,3,50000,48227.178843178204,-1772.8211568217957
75cm_0Grad.pickle,Dose,75,3,60000,56609.10359657078,-3390.896403429222
75cm_0Grad.pickle,Dose,75,4,40000,41230.34738468856,1230.3473846885609
75cm_0Grad.pickle,Dose,75,4,50000,48275.06187765868,-1724.938122341322
75cm_0Grad.pickle,Dose,75,4,60000,56463.65825598376,-3536.3417440162375
75cm_0Grad.pickle,Dose,75,5,40000,41173.8864407169,1173.8864407169021
75cm_0Grad.pickle,Dose,75,5,50000,48256.954574856136,-1743.0454251438641
75cm_0Grad.pickle,Dose,75,5,60000,56919.10176995798,-3080.8982300420175
75cm_0Grad.pickle,Dose,75,6,40000,41197.00153794493,1197.0015379449324
75cm_0Grad.pickle,Dose,75,6,50000,48210.296746325585,-1789.7032536744155
75cm_0Grad.pickle,Dose,75,6,60000,56784.75316990453,-3215.2468300954715
75cm_0Grad.pickle,Dose,75,7,40000,41221.938609584075,1221.9386095840746
75cm_0Grad.pickle,Dose,75,7,50000,48239.65138024556,-1760.3486197544407
75cm_0Grad.pickle,Dose,75,7,60000,56638.229646522894,-3361.7703534771063
75cm_0Grad.pickle,Dose,75,8,40000,41227.370393526304,1227.3703935263038
75cm_0Grad.pickle,Dose,75,8,50000,48270.18768469867,-1729.8123153013294
75cm_0Grad.pickle,Dose,75,8,60000,56631.91113349988,-3368.0888665001185
75cm_0Grad.pickle,Dose,75,9,40000,41226.58069698734,1226.5806969873374
75cm_0Grad.pickle,Dose,75,9,50000,48267.2585639074,-1732.7414360925977
75cm_0Grad.pickle,Dose,75,9,60000,56767.48332630159,-3232.51667369841
75cm_0Grad.pickle,Dose,75,10,40000,41198.29907558465,1198.2990755846477
75cm_0Grad.pickle,Dose,75,10,50000,48358.81234956343,-1641.1876504365719
75cm_0Grad.pickle,Dose,75,10,60000,56951.409861078144,-3048.590138921856
75cm_0Grad.pickle,Dose,75,11,40000,41243.34605502106,1243.3460550210584
75cm_0Grad.pickle,Dose,75,11,50000,48290.49554749726,-1709.5044525027406
75cm_0Grad.pickle,Dose,75,11,60000,56658.17155658015,-3341.8284434198504
75cm_0Grad.pickle,Dose,75,12,40000,41235.3160442672,1235.3160442672015
75cm_0Grad.pickle,Dose,75,12,50000,48288.16158846234,-1711.8384115376612
75cm_0Grad.pickle,Dose,75,12,60000,56539.37558305384,-3460.624416946157
75cm_0Grad.pickle,Dose,75,13,40000,41217.55122613572,1217.5512261357217
75cm_0Grad.pickle,Dose,75,13,50000,48410.55039457191,-1589.4496054280899
75cm_0Grad.pickle,Dose,75,13,60000,56823.19923619364,-3176.8007638063573
75cm_0Grad.pickle,Dose,75,14,40000,41178.44677583235,1178.4467758323517
75cm_0Grad.pickle,Dose,75,14,50000,48367.09982574998,-1632.9001742500186
75cm_0Grad.pickle,Dose,75,14,60000,56817.040173567584,-3182.959826432416
75cm_0Grad.pickle,Dose,75,15,40000,41151.638053591334,1151.638053591334
75cm_0Grad.pickle,Dose,75,15,50000,48430.411445092075,-1569.5885549079248
75cm_0Grad.pickle,Dose,75,15,60000,56849.36592783872,-3150.6340721612796
75cm_0Grad.pickle,Dose,75,16,40000,41133.95285333083,1133.952853330833
75cm_0Grad.pickle,Dose,75,16,50000,48386.31010298466,-1613.6898970153416
75cm_0Grad.pickle,Dose,75,16,60000,56868.80966382449,-3131.1903361755103
75cm_0Grad.pickle,Dose,75,17,40000,41190.90784575623,1190.9078457562282
75cm_0Grad.pickle,Dose,75,17,50000,48430.36844315228,-1569.631556847722
75cm_0Grad.pickle,Dose,75,17,60000,56779.01180090419,-3220.9881990958093
75cm_0Grad.pickle,Dose,75,18,40000,41161.35941973871,1161.3594197387065
75cm_0Grad.pickle,Dose,75,18,50000,48431.9252232585,-1568.0747767415014
75cm_0Grad.pickle,Dose,75,18,60000,57002.15545488956,-2997.8445451104417
75cm_0Grad.pickle,Dose,75,19,40000,41183.840754974,1183.8407549740004
75cm_0Grad.pickle,Dose,75,19,50000,48389.86001342481,-1610.1399865751882
75cm_0Grad.pickle,Dose,75,19,60000,57001.69510490333,-2998.3048950966695
75cm_10Grad.pickle,Dose,75,0,40000,41020.35179967721,1020.3517996772134
75cm_10Grad.pickle,Dose,75,0,50000,49637.74752095877,-362.25247904122807
75cm_10Grad.pickle,Dose,75,0,60000,57459.508224983154,-2540.491775016846
75cm_10Grad.pickle,Dose,75,1,40000,41161.48030293747,1161.480302937467
75cm_10Grad.pickle,Dose,75,1,50000,49847.75414756352,-152.24585243647743
75cm_10Grad.pickle,Dose,75,1,60000,57782.30440122313,-2217.695598776867
75cm_10Grad.pickle,Dose,75,2,40000,41056.01547964384,1056.0154796438364
75cm_10Grad.pickle,Dose,75,2,50000,49791.06917422496,-208.9308257750381
75cm_10Grad.pickle,Dose,75,2,60000,57623.67058082025,-2376.3294191797468
75cm_10Grad.pickle,Dose,75,3,40000,41051.856082729704,1051.8560827297042
75cm_10Grad.pickle,Dose,75,3,50000,49902.14105059261,-97.85894940738945
75cm_10Grad.pickle,Dose,75,3,60000,57484.182511477775,-2515.817488522225
75cm_10Grad.pickle,Dose,75,4,40000,41097.41420847525,1097.414208475253
75cm_10Grad.pickle,Dose,75,4,50000,49807.486577093965,-192.51342290603498
75cm_10Grad.pickle,Dose,75,4,60000,57591.33429199098,-2408.6657080090226
75cm_10Grad.pickle,Dose,75,5,40000,41048.259686110614,1048.259686110614
75cm_10Grad.pickle,Dose,75,5,50000,49904.92601088965,-95.07398911035125
75cm_10Grad.pickle,Dose,75,5,60000,57612.16279644953,-2387.8372035504726
75cm_10Grad.pickle,Dose,75,6,40000,41003.1651647663,1003.165164766302
75cm_10Grad.pickle,Dose,75,6,50000,50039.21826219838,39.218262198381126
75cm_10Grad.pickle,Dose,75,6,60000,57708.64076516212,-2291.3592348378806
75cm_10Grad.pickle,Dose,75,7,40000,41113.19699657341,1113.1969965734097
75cm_10Grad.pickle,Dose,75,7,50000,49860.252871712066,-139.74712828793417
75cm_10Grad.pickle,Dose,75,7,60000,57520.948664293086,-2479.051335706914
75cm_10Grad.pickle,Dose,75,8,40000,41134.18369974211,1134.1836997421124
75cm_10Grad.pickle,Dose,75,8,50000,49992.300701250286,-7.699298749714217
75cm_10Grad.pickle,Dose,75,8,60000,57547.03203680795,-2452.9679631920517
75cm_10Grad.pickle,Dose,75,9,40000,41041.857901360076,1041.8579013600756
75cm_10Grad.pickle,Dose,75,9,50000,49959.51557552611,-40.48442447389243
75cm_10Grad.pickle,Dose,75,9,60000,57651.420097226524,-2348.5799027734756
75cm_10Grad.pickle,Dose,75,10,40000,41073.033872207954,1073.0338722079541
75cm_10Grad.pickle,Dose,75,10,50000,49962.790627515125,-37.20937248487462
75cm_10Grad.pickle,Dose,75,10,60000,57664.34722016868,-2335.652779831318
75cm_10Grad.pickle,Dose,75,11,40000,41008.09428799205,1008.0942879920476
75cm_10Grad.pickle,Dose,75,11,50000,50038.61757942916,38.617579429163015
75cm_10Grad.pickle,Dose,75,11,60000,57584.52629518792,-2415.4737048120805
75cm_10Grad.pickle,Dose,75,12,40000,41003.43562528504,1003.4356252850412
75cm_10Grad.pickle,Dose,75,12,50000,49872.78860303536,-127.21139696463797
75cm_10Grad.pickle,Dose,75,12,60000,57713.962824157614,-2286.037175842386
75cm_10Grad.pickle,Dose,75,13,40000,40998.468271420265,998.4682714202645
75cm_10Grad.pickle,Dose,75,13,50000,49971.402009109326,-28.597990890673827
75cm_10Grad.pickle,Dose,75,13,60000,57780.701367616166,-2219.298632383834
75cm_10Grad.pickle,Dose,75,14,40000,41117.30514415875,1117.3051441587522
75cm_10Grad.pickle,Dose,75,14,50000,50185.41831177016,185.41831177016138
75cm_10Grad.pickle,Dose,75,14,60000,57727.18832467048,-2272.811675329518
75cm_10Grad.pickle,Dose,75,15,40000,40985.1530201712,985.1530201712012
75cm_10Grad.pickle,Dose,75,15,50000,50149.433479105894,149.43347910589364
75cm_10Grad.pickle,Dose,75,15,60000,57761.418940170704,-2238.5810598292956
75cm_10Grad.pickle,Dose,75,16,40000,41065.12972561407,1065.1297256140679
75cm_10Grad.pickle,Dose,75,16,50000,50087.37309755002,87.37309755002207
75cm_10Grad.pickle,Dose,75,16,60000,57686.37375250067,-2313.6262474993273
75cm_10Grad.pickle,Dose,75,17,40000,41104.01637209633,1104.016372096332
75cm_10Grad.pickle,Dose,75,17,50000,49862.75552781182,-137.2444721881766
75cm_10Grad.pickle,Dose,75,17,60000,57730.45726945716,-2269.5427305428384
75cm_10Grad.pickle,Dose,75,18,40000,41126.911956886914,1126.9119568869137
75cm_10Grad.pickle,Dose,75,18,50000,49536.11229175743,-463.8877082425679
75cm_10Grad.pickle,Dose,75,18,60000,57647.3604191036,-2352.6395808964007
75cm_10Grad.pickle,Dose,75,19,40000,41115.56240065373,1115.5624006537328
75cm_10Grad.pickle,Dose,75,19,50000,49684.255585892504,-315.7444141074957
75cm_10Grad.pickle,Dose,75,19,60000,57555.67788845412,-2444.32211154588
75cm_5Grad.pickle,Dose,75,0,40000,41466.5543110257,1466.5543110256986
75cm_5Grad.pickle,Dose,75,0,50000,48806.556738287865,-1193.4432617121347
75cm_5Grad.pickle,Dose,75,0,60000,56610.46048236591,-3389.53951763409
75cm_5Grad.pickle,Dose,75,1,40000,41507.824336769,1507.824336769001
75cm_5Grad.pickle,Dose,75,1,50000,48746.1328153054,-1253.8671846946017
75cm_5Grad.pickle,Dose,75,1,60000,56424.097140058744,-3575.902859941256
75cm_5Grad.pickle,Dose,75,2,40000,41516.49151069657,1516.491510696571
75cm_5Grad.pickle,Dose,75,2,50000,48836.31403865627,-1163.6859613437264
75cm_5Grad.pickle,Dose,75,2,60000,56592.939485433795,-3407.060514566205
75cm_5Grad.pickle,Dose,75,3,40000,41484.47536744369,1484.475367443687
75cm_5Grad.pickle,Dose,75,3,50000,48759.3782837958,-1240.6217162042012
75cm_5Grad.pickle,Dose,75,3,60000,56617.42389245287,-3382.576107547131
75cm_5Grad.pickle,Dose,75,4,40000,41526.609675573156,1526.609675573156
75cm_5Grad.pickle,Dose,75,4,50000,48822.15174448241,-1177.848255517587
75cm_5Grad.pickle,Dose,75,4,60000,56432.37102720422,-3567.6289727957774
75cm_5Grad.pickle,Dose,75,5,40000,41509.051247604286,1509.051247604286
75cm_5Grad.pickle,Dose,75,5,50000,48879.24537629878,-1120.7546237012211
75cm_5Grad.pickle,Dose,75,5,60000,56493.8439022664,-3506.1560977335976
75cm_5Grad.pickle,Dose,75,6,40000,41542.29789275968,1542.2978927596778
75cm_5Grad.pickle,Dose,75,6,50000,48859.696747289476,-1140.3032527105242
75cm_5Grad.pickle,Dose,75,6,60000,56379.30234554218,-3620.697654457821
75cm_5Grad.pickle,Dose,75,7,40000,41571.822396776515,1571.8223967765152
75cm_5Grad.pickle,Dose,75,7,50000,48876.89885744885,-1123.1011425511533
75cm_5Grad.pickle,Dose,75,7,60000,56330.973799950225,-3669.026200049775
75cm_5Grad.pickle,Dose,75,8,40000,41582.513745513614,1582.5137455136137
75cm_5Grad.pickle,Dose,75,8,50000,48838.8626341885,-1161.1373658114971
75cm_5Grad.pickle,Dose,75,8,60000,56389.60833894101,-3610.3916610589877
75cm_5Grad.pickle,Dose,75,9,40000,41583.29624695496,1583.2962469549602
75cm_5Grad.pickle,Dose,75,9,50000,48880.13254245653,-1119.8674575434707
75cm_5Grad.pickle,Dose,75,9,60000,56410.87713043315,-3589.122869566847
75cm_5Grad.pickle,Dose,75,10,40000,41590.6960224803,1590.696022480297
75cm_5Grad.pickle,Dose,75,10,50000,48873.20085574422,-1126.7991442557832
75cm_5Grad.pickle,Dose,75,10,60000,56394.41648732815,-3605.583512671852
75cm_5Grad.pickle,Dose,75,11,40000,41564.78883838096,1564.7888383809623
75cm_5Grad.pickle,Dose,75,11,50000,48891.41856326844,-1108.5814367315616
75cm_5Grad.pickle,Dose,75,11,60000,56367.47239908019,-3632.5276009198133
75cm_5Grad.pickle,Dose,75,12,40000,41592.46262043883,1592.4626204388333
75cm_5Grad.pickle,Dose,75,12,50000,48881.85551246123,-1118.1444875387679
75cm_5Grad.pickle,Dose,75,12,60000,56565.14400515374,-3434.855994846257
75cm_5Grad.pickle,Dose,75,13,40000,41635.95571128648,1635.9557112864786
75cm_5Grad.pickle,Dose,75,13,50000,48934.68111781805,-1065.3188821819494
75cm_5Grad.pickle,Dose,75,13,60000,56402.58249845565,-3597.417501544347
75cm_5Grad.pickle,Dose,75,14,40000,41561.76326983793,1561.7632698379311
75cm_5Grad.pickle,Dose,75,14,50000,48907.06377813444,-1092.9362218655588
75cm_5Grad.pickle,Dose,75,14,60000,56439.09379667107,-3560.90620332893
75cm_5Grad.pickle,Dose,75,15,40000,41534.27852220809,1534.278522208093
75cm_5Grad.pickle,Dose,75,15,50000,48841.319555237176,-1158.6804447628238
75cm_5Grad.pickle,Dose,75,15,60000,56539.83510405383,-3460.1648959461672
75cm_5Grad.pickle,Dose,75,16,40000,41539.84973716497,1539.8497371649719
75cm_5Grad.pickle,Dose,75,16,50000,48823.59572721421,-1176.4042727857886
75cm_5Grad.pickle,Dose,75,16,60000,56398.238673756685,-3601.761326243315
75cm_5Grad.pickle,Dose,75,17,40000,41572.930882550056,1572.9308825500557
75cm_5Grad.pickle,Dose,75,17,50000,48879.83283796656,-1120.1671620334382
75cm_5Grad.pickle,Dose,75,17,60000,56483.585814316786,-3516.414185683214
75cm_5Grad.pickle,Dose,75,18,40000,41535.64982479655,1535.64982479655
75cm_5Grad.pickle,Dose,75,18,50000,48916.289945104836,-1083.710054895164
75cm_5Grad.pickle,Dose,75,18,60000,56469.94424258934,-3530.055757410657
75cm_5Grad.pickle,Dose,75,19,40000,41556.32267244462,1556.3226724446213
75cm_5Grad.pickle,Dose,75,19,50000,48912.68529702362,-1087.3147029763786
75cm_5Grad.pickle,Dose,75,19,60000,56609.37961988573,-3390.620380114269
100cm_-10Grad.pickle,Glas,100,0,40000,41198.15680563765,1198.156805637649
100cm_-10Grad.pickle,Glas,100,0,50000,49394.94825432483,-605.0517456751695
100cm_-10Grad.pickle,Glas,100,0,60000,58029.23910607615,-1970.760893923849
100cm_-10Grad.pickle,Glas,100,1,40000,41149.71299557355,1149.7129955735509
100cm_-10Grad.pickle,Glas,100,1,50000,49339.21019803973,-660.7898019602726
100cm_-10Grad.pickle,Glas,100,1,60000,57923.343861603666,-2076.6561383963344
100cm_-10Grad.pickle,Glas,100,2,40000,41142.28123940912,1142.2812394091234
100cm_-10Grad.pickle,Glas,100,2,50000,49280.20606595422,-719.7939340457815
100cm_-10Grad.pickle,Glas,100,2,60000,58151.79822481265,-1848.20177518735
100cm_-10Grad.pickle,Glas,100,3,40000,41138.03035679605,1138.030356796051
100cm_-10Grad.pickle,Glas,100,3,50000,49204.876175880214,-795.1238241197861
100cm_-10Grad.pickle,Glas,100,3,60000,58013.902482670106,-1986.097517329894
100cm_-10Grad.pickle,Glas,100,4,40000,41113.71049297183,1113.7104929718334
100cm_-10Grad.pickle,Glas,100,4,50000,49209.17092877817,-790.8290712218295
100cm_-10Grad.pickle,Glas,100,4,60000,58011.69683951067,-1988.303160489333
100cm_-10Grad.pickle,Glas,100,5,40000,41083.91372456377,1083.9137245637685
100cm_-10Grad.pickle,Glas,100,5,50000,49337.78738363297,-662.2126163670328
100cm_-10Grad.pickle,Glas,100,5,60000,58123.944037439906,-1876.0559625600945
100cm_-10Grad.pickle,Glas,100,6,40000,41159.352311536335,1159.352311536335
100cm_-10Grad.pickle,Glas,100,6,50000,49451.368708893635,-548.6312911063651
100cm_-10Grad.pickle,Glas,100,6,60000,58112.86525720523,-1887.1347427947694
100cm_-10Grad.pickle,Glas,100,7,40000,41181.752757142356,1181.7527571423561
100cm_-10Grad.pickle,Glas,100,7,50000,49179.32045811273,-820.6795418872716
100cm_-10Grad.pickle,Glas,100,7,60000,57940.732469176895,-2059.2675308231046
100cm_-10Grad.pickle,Glas,100,8,40000,41260.340604386714,1260.3406043867144
100cm_-10Grad.pickle,Glas,100,8,50000,49451.49644809018,-548.5035519098165
100cm_-10Grad.pickle,Glas,100,8,60000,58085.10865575578,-1914.8913442442208
100cm_-10Grad.pickle,Glas,100,9,40000,41299.880277076925,1299.8802770769253
100cm_-10Grad.pickle,Glas,100,9,50000,49596.086813388545,-403.9131866114549
100cm_-10Grad.pickle,Glas,100,9,60000,58080.03041281113,-1919.969587188869
100cm_-10Grad.pickle,Glas,100,10,40000,41297.84785091054,1297.8478509105407
100cm_-10Grad.pickle,Glas,100,10,50000,49350.97875023534,-649.0212497646571
100cm_-10Grad.pickle,Glas,100,10,60000,58116.974110168645,-1883.025889831355
100cm_-10Grad.pickle,Glas,100,11,40000,41312.42073065931,1312.420730659309
100cm_-10Grad.pickle,Glas,100,11,50000,49462.07311709248,-537.9268829075227
100cm_-10Grad.pickle,Glas,100,11,60000,58077.33284496145,-1922.6671550385508
100cm_-10Grad.pickle,Glas,100,12,40000,41377.24903309079,1377.2490330907895
100cm_-10Grad.pickle,Glas,100,12,50000,49511.90841661294,-488.0915833870604
100cm_-10Grad.pickle,Glas,100,12,60000,58021.20841513072,-1978.7915848692792
100cm_-10Grad.pickle,Glas,100,13,40000,41392.870744087486,1392.870744087486
100cm_-10Grad.pickle,Glas,100,13,50000,49564.631733287715,-435.3682667122848
100cm_-10Grad.pickle,Glas,100,13,60000,57995.41333661666,-2004.586663383343
100cm_-10Grad.pickle,Glas,100,14,40000,41411.39664079863,1411.39664079863
100cm_-10Grad.pickle,Glas,100,14,50000,49608.85928094116,-391.1407190588434
100cm_-10Grad.pickle,Glas,100,14,60000,58081.77749289052,-1918.22250710948
100cm_-10Grad.pickle,Glas,100,15,40000,41356.710683917285,1356.7106839172848
100cm_-10Grad.pickle,Glas,100,15,50000,49372.87223215718,-627.1277678428232
100cm_-10Grad.pickle,Glas,100,15,60000,58131.60813298278,-1868.3918670172206
100cm_-10Grad.pickle,Glas,100,16,40000,41451.207377743995,1451.2073777439946
100cm_-10Grad.pickle,Glas,100,16,50000,49596.07420200752,-403.9257979924805
100cm_-10Grad.pickle,Glas,100,16,60000,57996.37999764167,-2003.6200023583297
100cm_-10Grad.pickle,Glas,100,17,40000,41388.66870160013,1388.6687016001306
100cm_-10Grad.pickle,Glas,100,17,50000,49493.37352331046,-506.62647668954014
100cm_-10Grad.pickle,Glas,100,17,60000,58116.336773645344,-1883.6632263546562
100cm_-10Grad.pickle,Glas,100,18,40000,41494.32901529632,1494.3290152963236
100cm_-10Grad.pickle,Glas,100,18,50000,49606.0823098567,-393.917690143302
100cm_-10Grad.pickle,Glas,100,18,60000,58026.51067237077,-1973.4893276292278
100cm_-10Grad.pickle,Glas,100,19,40000,41497.44820489568,1497.448204895678
100cm_-10Grad.pickle,Glas,100,19,50000,49557.4954804334,-442.50451956660254
100cm_-10Grad.pickle,Glas,100,19,60000,58043.61834176581,-1956.3816582341897
100cm_-5Grad.pickle,Glas,100,0,40000,41024.48299430147,1024.4829943014702
100cm_-5Grad.pickle,Glas,100,0,50000,48859.27684621533,-1140.7231537846674
100cm_-5Grad.pickle,Glas,100,0,60000,57702.919065918875,-2297.0809340811247
100cm_-5Grad.pickle,Glas,100,1,40000,41065.472970678595,1065.4729706785947
100cm_-5Grad.pickle,Glas,100,1,50000,48746.53486398179,-1253.4651360182106
100cm_-5Grad.pickle,Glas,100,1,60000,57480.587841060275,-2519.4121589397255
100cm_-5Grad.pickle,Glas,100,2,40000,41058.745878612426,1058.7458786124262
100cm_-5Grad.pickle,Glas,100,2,50000,48714.50898905767,-1285.491010942329
100cm_-5Grad.pickle,Glas,100,2,60000,57549.95961785447,-2450.040382145533
100cm_-5Grad.pickle,Glas,100,3,40000,41130.9311453494,1130.931145349401
100cm_-5Grad.pickle,Glas,100,3,50000,48751.20038643879,-1248.799613561212
100cm_-5Grad.pickle,Glas,100,3,60000,57429.954583336345,-2570.0454166636555
100cm_-5Grad.pickle,Glas,100,4,40000,41034.16683292896,1034.1668329289605
100cm_-5Grad.pickle,Glas,100,4,50000,48781.46469498138,-1218.5353050186168
100cm_-5Grad.pickle,Glas,100,4,60000,57538.71775821841,-2461.2822417815914
100cm_-5Grad.pickle,Glas,100,5,40000,41054.89061592958,1054.8906159295802
100cm_-5Grad.pickle,Glas,100,5,50000,48828.316667326464,-1171.683332673536
100cm_-5Grad.pickle,Glas,100,5,60000,57437.755104956275,-2562.2448950437247
100cm_-5Grad.pickle,Glas,100,6,40000,41055.97570790957,1055.9757079095725
100cm_-5Grad.pickle,Glas,100,6,50000,48707.36460640034,-1292.6353935996594
100cm_-5Grad.pickle,Glas,100,6,60000,57498.30714413031,-2501.692855869689
100cm_-5Grad.pickle,Glas,100,7,40000,41049.65995044907,1049.6599504490732
100cm_-5Grad.pickle,Glas,100,7,50000,48718.622034795546,-1281.377965204454
100cm_-5Grad.pickle,Glas,100,7,60000,57568.22368429145,-2431.77631570855
100cm_-5Grad.pickle,Glas,100,8,40000,41014.43139063573,1014.4313906357274
100cm_-5Grad.pickle,Glas,100,8,50000,48697.20458393822,-1302.795416061781
100cm_-5Grad.pickle,Glas,100,8,60000,57576.21504597012,-2423.7849540298776
100cm_-5Grad.pickle,Glas,100,9,40000,41041.3011824278,1041.3011824278
100cm_-5Grad.pickle,Glas,100,9,50000,48549.797202089896,-1450.202797910104
100cm_-5Grad.pickle,Glas,100,9,60000,57261.260284923075,-2738.7397150769248
100cm_-5Grad.pickle,Glas,100,10,40000,40979.74673596653,979.7467359665316
100cm_-5Grad.pickle,Glas,100,10,50000,48586.438935713835,-1413.5610642861648
100cm_-5Grad.pickle,Glas,100,10,60000,57555.660446582624,-2444.339553417376
100cm_-5Grad.pickle,Glas,100,11,40000,41019.98841178389,1019.9884117838883
100cm_-5Grad.pickle,Glas,100,11,50000,48559.592401807335,-1440.4075981926653
100cm_-5Grad.pickle,Glas,100,11,60000,57463.70817570289,-2536.2918242971136
100cm_-5Grad.pickle,Glas,100,12,40000,40985.43534249437,985.4353424943693
100cm_-5Grad.pickle,Glas,100,12,50000,48431.929626996665,-1568.0703730033347
100cm_-5Grad.pickle,Glas,100,12,60000,57158.37966172856,-2841.6203382714375
100cm_-5Grad.pickle,Glas,100,13,40000,40988.35494854982,988.3549485498224
100cm_-5Grad.pickle,Glas,100,13,50000,48421.11385434585,-1578.886145654149
100cm_-5Grad.pickle,Glas,100,13,60000,57530.760317787746,-2469.2396822122537
100cm_-5Grad.pickle,Glas,100,14,40000,41011.585248912386,1011.5852489123863
100cm_-5Grad.pickle,Glas,100,14,50000,48455.75333949443,-1544.246660505567
100cm_-5Grad.pickle,Glas,100,14,60000,57328.593045141475,-2671.406954858525
100cm_-5Grad.pickle,Glas,100,15,40000,41026.31918306788,1026.319183067877
100cm_-5Grad.pickle,Glas,100,15,50000,48499.87026830554,-1500.129731694462
100cm_-5Grad.pickle,Glas,100,15,60000,57332.38292949318,-2667.6170705068216
100cm_-5Grad.pickle,Glas,100,16,40000,41008.9842397294,1008.9842397293978
100cm_-5Grad.pickle,Glas,100,16,50000,48471.37923480402,-1528.6207651959776
100cm_-5Grad.pickle,Glas,100,16,60000,57286.19535087923,-2713.8046491207715
100cm_-5Grad.pickle,Glas,100,17,40000,41009.41804292405,1009.4180429240514
100cm_-5Grad.pickle,Glas,100,17,50000,48501.57987256785,-1498.420127432153
100cm_-5Grad.pickle,Glas,100,17,60000,57270.19135528072,-2729.8086447192836
100cm_-5Grad.pickle,Glas,100,18,40000,41011.18513329422,1011.1851332942169
100cm_-5Grad.pickle,Glas,100,18,50000,48511.6094542726,-1488.3905457274013
100cm_-5Grad.pickle,Glas,100,18,60000,57203.5112360772,-2796.4887639228036
100cm_-5Grad.pickle,Glas,100,19,40000,41037.97218540753,1037.9721854075324
100cm_-5Grad.pickle,Glas,100,19,50000,48493.14757366064,-1506.8524263393629
100cm_-5Grad.pickle,Glas,100,19,60000,57321.90438228742,-2678.095617712577
100cm_0Grad.pickle,Glas,100,0,40000,41410.317923391165,1410.317923391165
100cm_0Grad.pickle,Glas,100,0,50000,48442.9970796301,-1557.0029203699014
100cm_0Grad.pickle,Glas,100,0,60000,56948.426806824515,-3051.5731931754854
100cm_0Grad.pickle,Glas,100,1,40000,41416.06589023442,1416.065890234422
100cm_0Grad.pickle,Glas,100,1,50000,48381.17667907952,-1618.8233209204773
100cm_0Grad.pickle,Glas,100,1,60000,56929.22879377594,-3070.7712062240607
100cm_0Grad.pickle,Glas,100,2,40000,41363.98472404341,1363.98472404341
100cm_0Grad.pickle,Glas,100,2,50000,48380.475570995324,-1619.5244290046758
100cm_0Grad.pickle,Glas,100,2,60000,56944.01519566854,-3055.9848043314632
100cm_0Grad.pickle,Glas,100,3,40000,41328.299397524825,1328.2993975248246
100cm_0Grad.pickle,Glas,100,3,50000,48402.310687599034,-1597.6893124009657
100cm_0Grad.pickle,Glas,100,3,60000,56743.98432152512,-3256.0156784748833
100cm_0Grad.pickle,Glas,100,4,40000,41325.70373236169,1325.7037323616896
100cm_0Grad.pickle,Glas,100,4,50000,48505.7610358229,-1494.2389641771006
100cm_0Grad.pickle,Glas,100,4,60000,56879.364105085166,-3120.6358949148344
100cm_0Grad.pickle,Glas,100,5,40000,41305.825928988656,1305.8259289886555
100cm_0Grad.pickle,Glas,100,5,50000,48437.10055650683,-1562.8994434931665
100cm_0Grad.pickle,Glas,100,5,60000,57020.82761378127,-2979.172386218728
100cm_0Grad.pickle,Glas,100,6,40000,41285.90130905556,1285.90130905556
100cm_0Grad.pickle,Glas,100,6,50000,48427.926227232434,-1572.073772767566
100cm_0Grad.pickle,Glas,100,6,60000,56867.789955090564,-3132.210044909436
100cm_0Grad.pickle,Glas,100,7,40000,41315.18098161733,1315.1809816173336
100cm_0Grad.pickle,Glas,100,7,50000,48368.12356534774,-1631.8764346522585
100cm_0Grad.pickle,Glas,100,7,60000,56936.52063753567,-3063.479362464328
100cm_0Grad.pickle,Glas,100,8,40000,41242.67956371478,1242.6795637147807
100cm_0Grad.pickle,Glas,100,8,50000,48338.14513507519,-1661.8548649248114
100cm_0Grad.pickle,Glas,100,8,60000,56555.02916605516,-3444.9708339448407
100cm_0Grad.pickle,Glas,100,9,40000,41396.16601244819,1396.1660124481932
100cm_0Grad.pickle,Glas,100,9,50000,48529.17342092118,-1470.826579078821
100cm_0Grad.pickle,Glas,100,9,60000,56794.88824765359,-3205.1117523464127
100cm_0Grad.pickle,Glas,100,10,40000,41374.9508507,1374.9508506999991
100cm_0Grad.pickle,Glas,100,10,50000,48349.35344841514,-1650.6465515848613
100cm_0Grad.pickle,Glas,100,10,60000,56768.7914181428,-3231.2085818572014
100cm_0Grad.pickle,Glas,100,11,40000,41485.68385304646,1485.6838530464593
100cm_0Grad.pickle,Glas,100,11,50000,48562.10051505259,-1437.899484947411
100cm_0Grad.pickle,Glas,100,11,60000,56967.434487140126,-3032.5655128598737
100cm_0Grad.pickle,Glas,100,12,40000,41497.087733467335,1497.087733467335
100cm_0Grad.pickle,Glas,100,12,50000,48602.169451731155,-1397.8305482688447
100cm_0Grad.pickle,Glas,100,12,60000,56978.154320789734,-3021.845679210266
100cm_0Grad.pickle,Glas,100,13,40000,41533.747684723465,1533.7476847234648
100cm_0Grad.pickle,Glas,100,13,50000,48536.13885545043,-1463.8611445495699
100cm_0Grad.pickle,Glas,100,13,60000,56913.73926802546,-3086.2607319745366
100cm_0Grad.pickle,Glas,100,14,40000,41608.32230810102,1608.322308101022
100cm_0Grad.pickle,Glas,100,14,50000,48602.68418535964,-1397.3158146403584
100cm_0Grad.pickle,Glas,100,14,60000,56627.69763116252,-3372.3023688374815
100cm_0Grad.pickle,Glas,100,15,40000,41562.8606272546,1562.8606272546022
100cm_0Grad.pickle,Glas,100,15,50000,48564.673411882926,-1435.3265881170737
100cm_0Grad.pickle,Glas,100,15,60000,56807.11717278524,-3192.8828272147584
100cm_0Grad.pickle,Glas,100,16,40000,41555.89226680127,1555.8922668012674
100cm_0Grad.pickle,Glas,100,16,50000,48581.71797411464,-1418.2820258853608
100cm_0Grad.pickle,Glas,100,16,60000,56799.03305773066,-3200.9669422693405
100cm_0Grad.pickle,Glas,100,17,40000,41499.56733771309,1499.567337713088
100cm_0Grad.pickle,Glas,100,17,50000,48579.566991651045,-1420.433008348955
100cm_0Grad.pickle,Glas,100,17,60000,56699.26736466327,-3300.7326353367316
100cm_0Grad.pickle,Glas,100,18,40000,41513.805220540846,1513.8052205408458
100cm_0Grad.pickle,Glas,100,18,50000,48524.765637158656,-1475.2343628413437
100cm_0Grad.pickle,Glas,100,18,60000,56624.5949247416,-3375.4050752584008
100cm_0Grad.pickle,Glas,100,19,40000,41480.04876900364,1480.0487690036389
100cm_0Grad.pickle,Glas,100,19,50000,48491.7771914872,-1508.2228085128008
100cm_0Grad.pickle,Glas,100,19,60000,56591.93904930905,-3408.060950690953
100cm_10Grad.pickle,Glas,100,0,40000,41826.499400198634,1826.4994001986342
100cm_10Grad.pickle,Glas,100,0,50000,49872.95981282207,-127.04018717793224
100cm_10Grad.pickle,Glas,100,0,60000,58202.97564933795,-1797.0243506620536
100cm_10Grad.pickle,Glas,100,1,40000,41947.393787160305,1947.3937871603048
100cm_10Grad.pickle,Glas,100,1,50000,49773.07652393788,-226.92347606211843
100cm_10Grad.pickle,Glas,100,1,60000,58161.81051608525,-1838.1894839147499
100cm_10Grad.pickle,Glas,100,2,40000,41830.08406793825,1830.0840679382527
100cm_10Grad.pickle,Glas,100,2,50000,49650.15969286028,-349.8403071397188
100cm_10Grad.pickle,Glas,100,2,60000,58263.134660128555,-1736.865339871445
100cm_10Grad.pickle,Glas,100,3,40000,41860.17490018855,1860.1749001885473
100cm_10Grad.pickle,Glas,100,3,50000,49740.614138380595,-259.38586161940475
100cm_10Grad.pickle,Glas,100,3,60000,58242.66608765901,-1757.3339123409896
100cm_10Grad.pickle,Glas,100,4,40000,41879.169607587464,1879.1696075874643
100cm_10Grad.pickle,Glas,100,4,50000,49927.484870188106,-72.51512981189444
100cm_10Grad.pickle,Glas,100,4,60000,58259.76613477401,-1740.2338652259932
100cm_10Grad.pickle,Glas,100,5,40000,41968.104421266275,1968.1044212662746
100cm_10Grad.pickle,Glas,100,5,50000,49886.26073365088,-113.73926634911913
100cm_10Grad.pickle,Glas,100,5,60000,58184.681903932134,-1815.3180960678656
100cm_10Grad.pickle,Glas,100,6,40000,42022.10554077332,2022.105540773322
100cm_10Grad.pickle,Glas,100,6,50000,49928.93073084755,-71.06926915245276
100cm_10Grad.pickle,Glas,100,6,60000,58213.7226296398,-1786.2773703601997
100cm_10Grad.pickle,Glas,100,7,40000,41912.19498695097,1912.19498695097
100cm_10Grad.pickle,Glas,100,7,50000,49849.90685147916,-150.09314852084208
100cm_10Grad.pickle,Glas,100,7,60000,58206.267464370874,-1793.7325356291258
100cm_10Grad.pickle,Glas,100,8,40000,41988.00993618525,1988.009936185248
100cm_10Grad.pickle,Glas,100,8,50000,49711.8839166017,-288.11608339830127
100cm_10Grad.pickle,Glas,100,8,60000,57964.70105737285,-2035.2989426271524
100cm_10Grad.pickle,Glas,100,9,40000,41805.58991437048,1805.589914370481
100cm_10Grad.pickle,Glas,100,9,50000,49867.60137499619,-132.39862500380696
100cm_10Grad.pickle,Glas,100,9,60000,58165.188951740616,-1834.8110482593838
100cm_10Grad.pickle,Glas,100,10,40000,41885.32584432898,1885.3258443289815
100cm_10Grad.pickle,Glas,100,10,50000,49983.92118705456,-16.078812945437676
100cm_10Grad.pickle,Glas,100,10,60000,58341.4589408778,-1658.5410591222026
100cm_10Grad.pickle,Glas,100,11,40000,41804.16372761681,1804.1637276168112
100cm_10Grad.pickle,Glas,100,11,50000,49628.870243006466,-371.1297569935341
100cm_10Grad.pickle,Glas,100,11,60000,58161.45622850521,-1838.5437714947911
100cm_10Grad.pickle,Glas,100,12,40000,41968.435799940205,1968.4357999402055
100cm_10Grad.pickle,Glas,100,12,50000,50003.546074411744,3.5460744117444847
100cm_10Grad.pickle,Glas,100,12,60000,58299.605942713446,-1700.394057286554
100cm_10Grad.pickle,Glas,100,13,40000,41936.854957564916,1936.8549575649158
100cm_10Grad.pickle,Glas,100,13,50000,49764.366557250476,-235.63344274952397
100cm_10Grad.pickle,Glas,100,13,60000,58041.19762812581,-1958.8023718741897
100cm_10Grad.pickle,Glas,100,14,40000,41805.26652292729,1805.2665229272898
100cm_10Grad.pickle,Glas,100,14,50000,49647.24841716542,-352.7515828345786
100cm_10Grad.pickle,Glas,100,14,60000,58311.45415106798,-1688.5458489320226
100cm_10Grad.pickle,Glas,100,15,40000,41942.79665559494,1942.7966555949388
100cm_10Grad.pickle,Glas,100,15,50000,49857.82685904684,-142.1731409531567
100cm_10Grad.pickle,Glas,100,15,60000,58290.45131457473,-1709.5486854252667
100cm_10Grad.pickle,Glas,100,16,40000,42111.40875373147,2111.40875373147
100cm_10Grad.pickle,Glas,100,16,50000,50055.6455022857,55.64550228569715
100cm_10Grad.pickle,Glas,100,16,60000,58282.51439846926,-1717.4856015307378
100cm_10Grad.pickle,Glas,100,17,40000,41841.661371876995,1841.661371876995
100cm_10Grad.pickle,Glas,100,17,50000,49783.066044036386,-216.9339559636137
100cm_10Grad.pickle,Glas,100,17,60000,58267.89351064424,-1732.1064893557632
100cm_10Grad.pickle,Glas,100,18,40000,41836.72208756242,1836.722087562419
100cm_10Grad.pickle,Glas,100,18,50000,49936.60243296074,-63.39756703926105
100cm_10Grad.pickle,Glas,100,18,60000,58299.23210448138,-1700.7678955186202
100cm_10Grad.pickle,Glas,100,19,40000,41876.634319294935,1876.6343192949353
100cm_10Grad.pickle,Glas,100,19,50000,49887.8552506916,-112.14474930839788
100cm_10Grad.pickle,Glas,100,19,60000,58131.5704830069,-1868.4295169930992
100cm_5Grad.pickle,Glas,100,0,40000,41598.09982185566,1598.0998218556633
100cm_5Grad.pickle,Glas,100,0,50000,48791.08997103578,-1208.9100289642229
100cm_5Grad.pickle,Glas,100,0,60000,57183.12601615281,-2816.8739838471884
100cm_5Grad.pickle,Glas,100,1,40000,41602.529272246735,1602.5292722467348
100cm_5Grad.pickle,Glas,100,1,50000,48762.05608219648,-1237.9439178035173
100cm_5Grad.pickle,Glas,100,1,60000,57221.44213443115,-2778.5578655688514
100cm_5Grad.pickle,Glas,100,2,40000,41645.495851048596,1645.4958510485958
100cm_5Grad.pickle,Glas,100,2,50000,48840.57164223341,-1159.428357766592
100cm_5Grad.pickle,Glas,100,2,60000,57110.64480345041,-2889.3551965495935
100cm_5Grad.pickle,Glas,100,3,40000,41630.03739033506,1630.0373903350628
100cm_5Grad.pickle,Glas,100,3,50000,48793.83269345687,-1206.1673065431314
100cm_5Grad.pickle,Glas,100,3,60000,57265.090713419755,-2734.909286580245
100cm_5Grad.pickle,Glas,100,4,40000,41557.09714728122,1557.0971472812234
100cm_5Grad.pickle,Glas,100,4,50000,48781.05617301826,-1218.9438269817401
100cm_5Grad.pickle,Glas,100,4,60000,57307.03226487459,-2692.9677351254068
100cm_5Grad.pickle,Glas,100,5,40000,41620.407792863734,1620.4077928637344
100cm_5Grad.pickle,Glas,100,5,50000,48863.65286611301,-1136.347133886993
100cm_5Grad.pickle,Glas,100,5,60000,57329.88695043709,-2670.1130495629113
100cm_5Grad.pickle,Glas,100,6,40000,41646.92787285029,1646.9278728502904
100cm_5Grad.pickle,Glas,100,6,50000,48911.363489793606,-1088.6365102063937
100cm_5Grad.pickle,Glas,100,6,60000,57281.83509161055,-2718.1649083894517
100cm_5Grad.pickle,Glas,100,7,40000,41628.453769277425,1628.4537692774247
100cm_5Grad.pickle,Glas,100,7,50000,48825.07232913102,-1174.9276708689795
100cm_5Grad.pickle,Glas,100,7,60000,57318.436162794394,-2681.5638372056055
100cm_5Grad.pickle,Glas,100,8,40000,41610.09841818193,1610.0984181819294
100cm_5Grad.pickle,Glas,100,8,50000,48782.864016360596,-1217.135983639404
100cm_5Grad.pickle,Glas,100,8,60000,57112.432667715126,-2887.5673322848743
100cm_5Grad.pickle,Glas,100,9,40000,41632.45224570756,1632.4522457075582
100cm_5Grad.pickle,Glas,100,9,50000,48808.56110153803,-1191.4388984619727
100cm_5Grad.pickle,Glas,100,9,60000,57165.93247910185,-2834.0675208981484
100cm_5Grad.pickle,Glas,100,10,40000,41607.94324338035,1607.9432433803522
100cm_5Grad.pickle,Glas,100,10,50000,48721.032688390675,-1278.9673116093254
100cm_5Grad.pickle,Glas,100,10,60000,57204.04089235362,-2795.9591076463767
100cm_5Grad.pickle,Glas,100,11,40000,41582.776317816664,1582.7763178166642
100cm_5Grad.pickle,Glas,100,11,50000,48755.98690510723,-1244.013094892769
100cm_5Grad.pickle,Glas,100,11,60000,57222.04838981153,-2777.951610188473
100cm_5Grad.pickle,Glas,100,12,40000,41580.74671576291,1580.7467157629071
100cm_5Grad.pickle,Glas,100,12,50000,48694.46240885514,-1305.5375911448573
100cm_5Grad.pickle,Glas,100,12,60000,57193.22609217671,-2806.7739078232917
100cm_5Grad.pickle,Glas,100,13,40000,41557.0393615654,1557.039361565403
100cm_5Grad.pickle,Glas,100,13,50000,48802.26426922208,-1197.7357307779166
100cm_5Grad.pickle,Glas,100,13,60000,57290.50516331532,-2709.49483668468
100cm_5Grad.pickle,Glas,100,14,40000,41565.74634097898,1565.746340978978
100cm_5Grad.pickle,Glas,100,14,50000,48696.12622231784,-1303.873777682158
100cm_5Grad.pickle,Glas,100,14,60000,57141.455650825104,-2858.5443491748956
100cm_5Grad.pickle,Glas,100,15,40000,41579.69592042977,1579.6959204297673
100cm_5Grad.pickle,Glas,100,15,50000,48920.81648167924,-1079.1835183207586
100cm_5Grad.pickle,Glas,100,15,60000,57188.707208439686,-2811.292791560314
100cm_5Grad.pickle,Glas,100,16,40000,41560.880410964164,1560.8804109641642
100cm_5Grad.pickle,Glas,100,16,50000,48895.19066181104,-1104.809338188963
100cm_5Grad.pickle,Glas,100,16,60000,57259.47716365345,-2740.5228363465503
100cm_5Grad.pickle,Glas,100,17,40000,41521.948345767945,1521.9483457679453
100cm_5Grad.pickle,Glas,100,17,50000,48810.763594173164,-1189.2364058268358
100cm_5Grad.pickle,Glas,100,17,60000,57304.17639489184,-2695.823605108162
100cm_5Grad.pickle,Glas,100,18,40000,41561.71158167361,1561.7115816736114
100cm_5Grad.pickle,Glas,100,18,50000,48878.44025965725,-1121.5597403427528
100cm_5Grad.pickle,Glas,100,18,60000,57182.15580781777,-2817.8441921822305
100cm_5Grad.pickle,Glas,100,19,40000,41495.81015483451,1495.8101548345076
100cm_5Grad.pickle,Glas,100,19,50000,48839.869427239566,-1160.130572760434
100cm_5Grad.pickle,Glas,100,19,60000,57111.998709911204,-2888.001290088796
125cm_-10Grad.pickle,Glas,125,0,40000,41484.73299132785,1484.7329913278518
125cm_-10Grad.pickle,Glas,125,0,50000,48775.39821549899,-1224.6017845010065
125cm_-10Grad.pickle,Glas,125,0,60000,56915.1823731056,-3084.8176268944007
125cm_-10Grad.pickle,Glas,125,1,40000,41385.00259117637,1385.0025911763732
125cm_-10Grad.pickle,Glas,125,1,50000,48581.647434690625,-1418.3525653093748
125cm_-10Grad.pickle,Glas,125,1,60000,56809.91968731871,-3190.08031268129
125cm_-10Grad.pickle,Glas,125,2,40000,41401.19956924017,1401.1995692401688
125cm_-10Grad.pickle,Glas,125,2,50000,48651.200124138544,-1348.7998758614558
125cm_-10Grad.pickle,Glas,125,2,60000,56965.4107569116,-3034.589243088398
125cm_-10Grad.pickle,Glas,125,3,40000,41413.88526099951,1413.8852609995083
125cm_-10Grad.pickle,Glas,125,3,50000,48553.94688440862,-1446.0531155913777
125cm_-10Grad.pickle,Glas,125,3,60000,56861.86167167493,-3138.138328325069
125cm_-10Grad.pickle,Glas,125,4,40000,41452.36320857472,1452.363208574723
125cm_-10Grad.pickle,Glas,125,4,50000,48637.68456564268,-1362.3154343573187
125cm_-10Grad.pickle,Glas,125,4,60000,57073.34855464402,-2926.6514453559794
125cm_-10Grad.pickle,Glas,125,5,40000,41497.806590952714,1497.806590952714
125cm_-10Grad.pickle,Glas,125,5,50000,48702.32039368621,-1297.679606313788
125cm_-10Grad.pickle,Glas,125,5,60000,56909.084917398635,-3090.9150826013647
125cm_-10Grad.pickle,Glas,125,6,40000,41466.50997854733,1466.5099785473285
125cm_-10Grad.pickle,Glas,125,6,50000,48603.79830224795,-1396.201697752047
125cm_-10Grad.pickle,Glas,125,6,60000,56772.905296244324,-3227.094703755676
125cm_-10Grad.pickle,Glas,125,7,40000,41492.82014915086,1492.820149150859
125cm_-10Grad.pickle,Glas,125,7,50000,48656.55512018996,-1343.444879810042
125cm_-10Grad.pickle,Glas,125,7,60000,56837.270270917434,-3162.7297290825663
125cm_-10Grad.pickle,Glas,125,8,40000,41493.164813135736,1493.164813135736
125cm_-10Grad.pickle,Glas,125,8,50000,48728.156744402615,-1271.843255597385
125cm_-10Grad.pickle,Glas,125,8,60000,57068.18546470929,-2931.8145352907086
125cm_-10Grad.pickle,Glas,125,9,40000,41531.61825204709,1531.6182520470902
125cm_-10Grad.pickle,Glas,125,9,50000,48685.19622478956,-1314.8037752104428
125cm_-10Grad.pickle,Glas,125,9,60000,56858.96864463858,-3141.031355361418
125cm_-10Grad.pickle,Glas,125,10,40000,41577.27597483689,1577.2759748368917
125cm_-10Grad.pickle,Glas,125,10,50000,48742.44474597229,-1257.555254027713
125cm_-10Grad.pickle,Glas,125,10,60000,56717.29174417067,-3282.708255829333
125cm_-10Grad.pickle,Glas,125,11,40000,41492.74586449641,1492.7458644964136
125cm_-10Grad.pickle,Glas,125,11,50000,48715.246477168315,-1284.7535228316847
125cm_-10Grad.pickle,Glas,125,11,60000,57048.29855030268,-2951.7014496973206
125cm_-10Grad.pickle,Glas,125,12,40000,41473.08939904761,1473.0893990476106
125cm_-10Grad.pickle,Glas,125,12,50000,48691.110787941536,-1308.8892120584642
125cm_-10Grad.pickle,Glas,125,12,60000,56979.00147563239,-3020.998524367613
125cm_-10Grad.pickle,Glas,125,13,40000,41470.54161347142,1470.5416134714178
125cm_-10Grad.pickle,Glas,125,13,50000,48611.74574032412,-1388.2542596758794
125cm_-10Grad.pickle,Glas,125,13,60000,56956.44910051388,-3043.550899486123
125cm_-10Grad.pickle,Glas,125,14,40000,41421.83120296398,1421.8312029639783
125cm_-10Grad.pickle,Glas,125,14,50000,48609.348635480084,-1390.6513645199157
125cm_-10Grad.pickle,Glas,125,14,60000,57084.50184554892,-2915.498154451081
125cm_-10Grad.pickle,Glas,125,15,40000,41456.939652807814,1456.9396528078141
125cm_-10Grad.pickle,Glas,125,15,50000,48681.8766901558,-1318.1233098442026
125cm_-10Grad.pickle,Glas,125,15,60000,57043.430108132314,-2956.5698918676862
125cm_-10Grad.pickle,Glas,125,16,40000,41451.007962644886,1451.007962644886
125cm_-10Grad.pickle,Glas,125,16,50000,48685.383024268136,-1314.616975731864
125cm_-10Grad.pickle,Glas,125,16,60000,57012.94601657879,-2987.0539834212104
125cm_-10Grad.pickle,Glas,125,17,40000,41434.13648957286,1434.136489572862
125cm_-10Grad.pickle,Glas,125,17,50000,48645.53243581631,-1354.4675641836875
125cm_-10Grad.pickle,Glas,125,17,60000,56988.222537569156,-3011.777462430844
125cm_-10Grad.pickle,Glas,125,18,40000,41425.86281078283,1425.8628107828335
125cm_-10Grad.pickle,Glas,125,18,50000,48603.34369230545,-1396.656307694553
125cm_-10Grad.pickle,Glas,125,18,60000,56993.59256242129,-3006.4074375787095
125cm_-10Grad.pickle,Glas,125,19,40000,41443.342543127386,1443.3425431273863
125cm_-10Grad.pickle,Glas,125,19,50000,48686.915660741346,-1313.084339258654
125cm_-10Grad.pickle,Glas,125,19,60000,56943.34275578415,-3056.6572442158504
125cm_-5Grad.pickle,Glas,125,0,40000,41681.12538003724,1681.1253800372433
125cm_-5Grad.pickle,Glas,125,0,50000,49053.69494729174,-946.3050527082596
125cm_-5Grad.pickle,Glas,125,0,60000,56930.72835609209,-3069.2716439079086
125cm_-5Grad.pickle,Glas,125,1,40000,41771.425434343604,1771.4254343436041
125cm_-5Grad.pickle,Glas,125,1,50000,49083.12294165622,-916.8770583437799
125cm_-5Grad.pickle,Glas,125,1,60000,56820.09395008102,-3179.90604991898
125cm_-5Grad.pickle,Glas,125,2,40000,41724.2654423745,1724.265442374497
125cm_-5Grad.pickle,Glas,125,2,50000,49020.53555247854,-979.4644475214591
125cm_-5Grad.pickle,Glas,125,2,60000,56964.04303266075,-3035.956967339247
125cm_-5Grad.pickle,Glas,125,3,40000,41691.930449733365,1691.930449733365
125cm_-5Grad.pickle,Glas,125,3,50000,49079.88546601312,-920.1145339868817
125cm_-5Grad.pickle,Glas,125,3,60000,56881.033712128105,-3118.9662878718955
125cm_-5Grad.pickle,Glas,125,4,40000,41726.820254934166,1726.8202549341659
125cm_-5Grad.pickle,Glas,125,4,50000,49145.45271635042,-854.5472836495828
125cm_-5Grad.pickle,Glas,125,4,60000,57012.1947340299,-2987.805265970099
125cm_-5Grad.pickle,Glas,125,5,40000,41707.501303243575,1707.5013032435745
125cm_-5Grad.pickle,Glas,125,5,50000,49127.07372357198,-872.9262764280211
125cm_-5Grad.pickle,Glas,125,5,60000,56919.316776252985,-3080.6832237470153
125cm_-5Grad.pickle,Glas,125,6,40000,41747.76268551112,1747.762685511123
125cm_-5Grad.pickle,Glas,125,6,50000,49047.56299406541,-952.4370059345893
125cm_-5Grad.pickle,Glas,125,6,60000,56666.2935126572,-3333.7064873428026
125cm_-5Grad.pickle,Glas,125,7,40000,41707.961234678165,1707.961234678165
125cm_-5Grad.pickle,Glas,125,7,50000,49054.1203829666,-945.8796170334026
125cm_-5Grad.pickle,Glas,125,7,60000,56877.675845284124,-3122.324154715876
125cm_-5Grad.pickle,Glas,125,8,40000,41709.89220917272,1709.8922091727218
125cm_-5Grad.pickle,Glas,125,8,50000,48980.90620338487,-1019.0937966151323
125cm_-5Grad.pickle,Glas,125,8,60000,56784.28496378684,-3215.715036213158
125cm_-5Grad.pickle,Glas,125,9,40000,41724.167307884156,1724.167307884156
125cm_-5Grad.pickle,Glas,125,9,50000,49030.163427554566,-969.8365724454343
125cm_-5Grad.pickle,Glas,125,9,60000,56819.11233201795,-3180.8876679820532
125cm_-5Grad.pickle,Glas,125,10,40000,41640.93182802129,1640.9318280212901
125cm_-5Grad.pickle,Glas,125,10,50000,49013.734739686006,-986.2652603139941
125cm_-5Grad.pickle,Glas,125,10,60000,56990.194353654464,-3009.805646345536
125cm_-5Grad.pickle,Glas,125,11,40000,41620.1735709799,1620.1735709799032
125cm_-5Grad.pickle,Glas,125,11,50000,48885.86142031888,-1114.1385796811228
125cm_-5Grad.pickle,Glas,125,11,60000,56764.22527150966,-3235.774728490338
125cm_-5Grad.pickle,Glas,125,12,40000,41680.73461686052,1680.7346168605218
125cm_-5Grad.pickle,Glas,125,12,50000,48976.018382493894,-1023.981617506106
125cm_-5Grad.pickle,Glas,125,12,60000,56681.23770508678,-3318.76229491322
125cm_-5Grad.pickle,Glas,125,13,40000,41666.65583604537,1666.655836045371
125cm_-5Grad.pickle,Glas,125,13,50000,48988.24548992768,-1011.7545100723219
125cm_-5Grad.pickle,Glas,125,13,60000,56816.06830598829,-3183.9316940117133
125cm_-5Grad.pickle,Glas,125,14,40000,41641.86325029499,1641.8632502949913
125cm_-5Grad.pickle,Glas,125,14,50000,49060.23422787453,-939.7657721254727
125cm_-5Grad.pickle,Glas,125,14,60000,56937.52316693719,-3062.4768330628067
125cm_-5Grad.pickle,Glas,125,15,40000,41713.8337769921,1713.8337769920981
125cm_-5Grad.pickle,Glas,125,15,50000,49100.29110770679,-899.7088922932089
125cm_-5Grad.pickle,Glas,125,15,60000,56725.1424445885,-3274.8575554115014
125cm_-5Grad.pickle,Glas,125,16,40000,41719.46522470264,1719.4652247026388
125cm_-5Grad.pickle,Glas,125,16,50000,49165.50506512326,-834.4949348767404
125cm_-5Grad.pickle,Glas,125,16,60000,56926.074760043266,-3073.925239956734
125cm_-5Grad.pickle,Glas,125,17,40000,41661.3384088997,1661.3384088996972
125cm_-5Grad.pickle,Glas,125,17,50000,48988.320088531655,-1011.6799114683454
125cm_-5Grad.pickle,Glas,125,17,60000,56915.43380950086,-3084.566190499143
125cm_-5Grad.pickle,Glas,125,18,40000,41695.972875453735,1695.9728754537355
125cm_-5Grad.pickle,Glas,125,18,50000,49250.292795210065,-749.7072047899346
125cm_-5Grad.pickle,Glas,125,18,60000,56996.63729982881,-3003.3627001711866
125cm_-5Grad.pickle,Glas,125,19,40000,41562.65960278107,1562.6596027810665
125cm_-5Grad.pickle,Glas,125,19,50000,48958.67711142253,-1041.3228885774733
125cm_-5Grad.pickle,Glas,125,19,60000,57221.4352553257,-2778.5647446743023
125cm_0Grad.pickle,Glas,125,0,40000,42074.56044159208,2074.5604415920825
125cm_0Grad.pickle,Glas,125,0,50000,49064.32057580835,-935.6794241916505
125cm_0Grad.pickle,Glas,125,0,60000,56743.22225432767,-3256.777745672327
125cm_0Grad.pickle,Glas,125,1,40000,42139.88419065124,2139.884190651239
125cm_0Grad.pickle,Glas,125,1,50000,48832.993167686494,-1167.0068323135056
125cm_0Grad.pickle,Glas,125,1,60000,56657.08589177323,-3342.914108226767
125cm_0Grad.pickle,Glas,125,2,40000,42246.33133467406,2246.3313346740615
125cm_0Grad.pickle,Glas,125,2,50000,48888.788294485115,-1111.2117055148847
125cm_0Grad.pickle,Glas,125,2,60000,56807.61907196141,-3192.3809280385904
125cm_0Grad.pickle,Glas,125,3,40000,42331.535100101304,2331.535100101304
125cm_0Grad.pickle,Glas,125,3,50000,48996.73811883371,-1003.2618811662906
125cm_0Grad.pickle,Glas,125,3,60000,56710.372291480664,-3289.627708519336
125cm_0Grad.pickle,Glas,125,4,40000,42138.31165774875,2138.3116577487526
125cm_0Grad.pickle,Glas,125,4,50000,48908.4283946011,-1091.5716053989017
125cm_0Grad.pickle,Glas,125,4,60000,56485.81371209542,-3514.1862879045802
125cm_0Grad.pickle,Glas,125,5,40000,42207.95891658801,2207.9589165880097
125cm_0Grad.pickle,Glas,125,5,50000,48964.67298277905,-1035.3270172209523
125cm_0Grad.pickle,Glas,125,5,60000,56650.649706795615,-3349.350293204385
125cm_0Grad.pickle,Glas,125,6,40000,42202.245535326314,2202.245535326314
125cm_0Grad.pickle,Glas,125,6,50000,48898.73931875086,-1101.260681249143
125cm_0Grad.pickle,Glas,125,6,60000,56629.46024692745,-3370.539753072553
125cm_0Grad.pickle,Glas,125,7,40000,42224.64284958527,2224.642849585267
125cm_0Grad.pickle,Glas,125,7,50000,49130.274822744745,-869.7251772552554
125cm_0Grad.pickle,Glas,125,7,60000,56903.096011740425,-3096.9039882595753
125cm_0Grad.pickle,Glas,125,8,40000,42259.92754170564,2259.9275417056415
125cm_0Grad.pickle,Glas,125,8,50000,48914.969196526865,-1085.0308034731352
125cm_0Grad.pickle,Glas,125,8,60000,56700.59478067262,-3299.405219327382
125cm_0Grad.pickle,Glas,125,9,40000,42126.035423430476,2126.035423430476
125cm_0Grad.pickle,Glas,125,9,50000,48911.17935612257,-1088.8206438774287
125cm_0Grad.pickle,Glas,125,9,60000,56813.69965714458,-3186.300342855422
125cm_0Grad.pickle,Glas,125,10,40000,42180.401263932436,2180.4012639324355
125cm_0Grad.pickle,Glas,125,10,50000,48946.08981749673,-1053.9101825032703
125cm_0Grad.pickle,Glas,125,10,60000,56655.79663477079,-3344.2033652292084
125cm_0Grad.pickle,Glas,125,11,40000,42256.39493867854,2256.394938678539
125cm_0Grad.pickle,Glas,125,11,50000,48961.20337769335,-1038.796622306647
125cm_0Grad.pickle,Glas,125,11,60000,56418.12015275987,-3581.879847240132
125cm_0Grad.pickle,Glas,125,12,40000,42209.6926808156,2209.6926808155986
125cm_0Grad.pickle,Glas,125,12,50000,49114.739079249994,-885.2609207500063
125cm_0Grad.pickle,Glas,125,12,60000,56723.24360288058,-3276.7563971194177
125cm_0Grad.pickle,Glas,125,13,40000,42080.67209084771,2080.6720908477073
125cm_0Grad.pickle,Glas,125,13,50000,49021.46566029502,-978.5343397049801
125cm_0Grad.pickle,Glas,125,13,60000,56838.776846675486,-3161.223153324514
125cm_0Grad.pickle,Glas,125,14,40000,42206.075781776424,2206.0757817764243
125cm_0Grad.pickle,Glas,125,14,50000,48915.95756061112,-1084.0424393888825
125cm_0Grad.pickle,Glas,125,14,60000,56569.516357799286,-3430.483642200714
125cm_0Grad.pickle,Glas,125,15,40000,42211.10881965415,2211.108819654153
125cm_0Grad.pickle,Glas,125,15,50000,49046.79425791543,-953.2057420845667
125cm_0Grad.pickle,Glas,125,15,60000,56567.590939522845,-3432.4090604771554
125cm_0Grad.pickle,Glas,125,16,40000,42226.597773488786,2226.5977734887856
125cm_0Grad.pickle,Glas,125,16,50000,49034.68777816026,-965.3122218397402
125cm_0Grad.pickle,Glas,125,16,60000,56771.42316604084,-3228.5768339591596
125cm_0Grad.pickle,Glas,125,17,40000,42269.96529124056,2269.965291240558
125cm_0Grad.pickle,Glas,125,17,50000,49186.47386173181,-813.5261382681929
125cm_0Grad.pickle,Glas,125,17,60000,56945.0788557796,-3054.921144220403
125cm_0Grad.pickle,Glas,125,18,40000,42267.816963904035,2267.816963904035
125cm_0Grad.pickle,Glas,125,18,50000,49146.44106300961,-853.5589369903901
125cm_0Grad.pickle,Glas,125,18,60000,56879.43095656858,-3120.5690434314165
125cm_0Grad.pickle,Glas,125,19,40000,42253.88673603262,2253.8867360326185
125cm_0Grad.pickle,Glas,125,19,50000,49157.02295318685,-842.9770468131464
125cm_0Grad.pickle,Glas,125,19,60000,56870.1449212702,-3129.855078729801
125cm_10Grad.pickle,Glas,125,0,40000,42320.57437675679,2320.574376756791
125cm_10Grad.pickle,Glas,125,0,50000,50658.14638769563,658.1463876956332
125cm_10Grad.pickle,Glas,125,0,60000,58343.584839874165,-1656.4151601258345
125cm_10Grad.pickle,Glas,125,1,40000,42236.72834212873,2236.7283421287284
125cm_10Grad.pickle,Glas,125,1,50000,50763.50773406805,763.5077340680509
125cm_10Grad.pickle,Glas,125,1,60000,58348.075867380714,-1651.924132619286
125cm_10Grad.pickle,Glas,125,2,40000,42232.929963213275,2232.929963213275
125cm_10Grad.pickle,Glas,125,2,50000,50637.21615838185,637.2161583818524
125cm_10Grad.pickle,Glas,125,2,60000,58338.85966183697,-1661.1403381630298
125cm_10Grad.pickle,Glas,125,3,40000,42218.620352698315,2218.6203526983154
125cm_10Grad.pickle,Glas,125,3,50000,50588.72825965372,588.7282596537189
125cm_10Grad.pickle,Glas,125,3,60000,58260.82892205125,-1739.1710779487476
125cm_10Grad.pickle,Glas,125,4,40000,42154.69284098262,2154.6928409826214
125cm_10Grad.pickle,Glas,125,4,50000,50588.11207776322,588.1120777632168
125cm_10Grad.pickle,Glas,125,4,60000,58240.63099386384,-1759.369006136163
125cm_10Grad.pickle,Glas,125,5,40000,42109.80864312331,2109.8086431233096
125cm_10Grad.pickle,Glas,125,5,50000,50786.9569381801,786.9569381800975
125cm_10Grad.pickle,Glas,125,5,60000,58360.87717657599,-1639.1228234240116
125cm_10Grad.pickle,Glas,125,6,40000,42132.040940413,2132.040940412997
125cm_10Grad.pickle,Glas,125,6,50000,50638.52261984812,638.5226198481178
125cm_10Grad.pickle,Glas,125,6,60000,58333.65612012817,-1666.343879871827
125cm_10Grad.pickle,Glas,125,7,40000,42101.38724569541,2101.3872456954123
125cm_10Grad.pickle,Glas,125,7,50000,50665.58119434454,665.5811943445369
125cm_10Grad.pickle,Glas,125,7,60000,58339.89366614336,-1660.1063338566382
125cm_10Grad.pickle,Glas,125,8,40000,42201.13024269576,2201.1302426957627
125cm_10Grad.pickle,Glas,125,8,50000,50633.73353006422,633.7335300642226
125cm_10Grad.pickle,Glas,125,8,60000,58274.31578571988,-1725.6842142801179
125cm_10Grad.pickle,Glas,125,9,40000,42174.9868439457,2174.9868439456986
125cm_10Grad.pickle,Glas,125,9,50000,50546.73596767934,546.7359676793421
125cm_10Grad.pickle,Glas,125,9,60000,58246.95662786994,-1753.0433721300578
125cm_10Grad.pickle,Glas,125,10,40000,42120.13251914242,2120.1325191424185
125cm_10Grad.pickle,Glas,125,10,50000,50611.619966486476,611.6199664864762
125cm_10Grad.pickle,Glas,125,10,60000,58330.90904902379,-1669.0909509762132
125cm_10Grad.pickle,Glas,125,11,40000,42069.809813891196,2069.8098138911955
125cm_10Grad.pickle,Glas,125,11,50000,50590.783552836525,590.7835528365249
125cm_10Grad.pickle,Glas,125,11,60000,58241.657871049996,-1758.3421289500038
125cm_10Grad.pickle,Glas,125,12,40000,42183.63503942237,2183.63503942237
125cm_10Grad.pickle,Glas,125,12,50000,50604.12454330503,604.124543305028
125cm_10Grad.pickle,Glas,125,12,60000,58237.18197624725,-1762.8180237527486
125cm_10Grad.pickle,Glas,125,13,40000,42109.34513886093,2109.345138860932
125cm_10Grad.pickle,Glas,125,13,50000,50683.8015961801,683.8015961800993
125cm_10Grad.pickle,Glas,125,13,60000,58329.464065390624,-1670.5359346093755
125cm_10Grad.pickle,Glas,125,14,40000,42061.1704044841,2061.1704044841026
125cm_10Grad.pickle,Glas,125,14,50000,50795.53579780583,795.535797805831
125cm_10Grad.pickle,Glas,125,14,60000,58350.67791068545,-1649.322089314548
125cm_10Grad.pickle,Glas,125,15,40000,42168.57428950553,2168.57428950553
125cm_10Grad.pickle,Glas,125,15,50000,50683.203389999944,683.2033899999442
125cm_10Grad.pickle,Glas,125,15,60000,58262.240885936255,-1737.759114063745
125cm_10Grad.pickle,Glas,125,16,40000,42197.178925706474,2197.178925706474
125cm_10Grad.pickle,Glas,125,16,50000,50700.05234000485,700.0523400048478
125cm_10Grad.pickle,Glas,125,16,60000,58230.92169276368,-1769.0783072363192
125cm_10Grad.pickle,Glas,125,17,40000,42172.88321227728,2172.88321227728
125cm_10Grad.pickle,Glas,125,17,50000,50760.15163589149,760.1516358914887
125cm_10Grad.pickle,Glas,125,17,60000,58240.41409828584,-1759.585901714163
125cm_10Grad.pickle,Glas,125,18,40000,42157.47839183179,2157.4783918317917
125cm_10Grad.pickle,Glas,125,18,50000,50853.70256608249,853.7025660824875
125cm_10Grad.pickle,Glas,125,18,60000,58294.90980172348,-1705.0901982765208
125cm_10Grad.pickle,Glas,125,19,40000,42280.29844799968,2280.2984479996812
125cm_10Grad.pickle,Glas,125,19,50000,50770.86105267854,770.8610526785415
125cm_10Grad.pickle,Glas,125,19,60000,58289.64500521275,-1710.3549947872525
125cm_5Grad.pickle,Glas,125,0,40000,41285.75187576637,1285.751875766371
125cm_5Grad.pickle,Glas,125,0,50000,49170.727567374786,-829.2724326252137
125cm_5Grad.pickle,Glas,125,0,60000,56853.750851565106,-3146.249148434894
125cm_5Grad.pickle,Glas,125,1,40000,41434.975398776216,1434.975398776216
125cm_5Grad.pickle,Glas,125,1,50000,49102.35889517486,-897.6411048251393
125cm_5Grad.pickle,Glas,125,1,60000,56752.29998510163,-3247.7000148983716
125cm_5Grad.pickle,Glas,125,2,40000,41386.82965922546,1386.8296592254628
125cm_5Grad.pickle,Glas,125,2,50000,49103.73750286307,-896.2624971369296
125cm_5Grad.pickle,Glas,125,2,60000,56781.53503290643,-3218.4649670935687
125cm_5Grad.pickle,Glas,125,3,40000,41405.662673756655,1405.6626737566548
125cm_5Grad.pickle,Glas,125,3,50000,49158.84376109214,-841.1562389078608
125cm_5Grad.pickle,Glas,125,3,60000,56491.466375111166,-3508.5336248888343
125cm_5Grad.pickle,Glas,125,4,40000,41416.047275900215,1416.047275900215
125cm_5Grad.pickle,Glas,125,4,50000,49139.32950118847,-860.6704988115307
125cm_5Grad.pickle,Glas,125,4,60000,57011.88815021607,-2988.111849783927
125cm_5Grad.pickle,Glas,125,5,40000,41445.4204188749,1445.420418874899
125cm_5Grad.pickle,Glas,125,5,50000,49282.34815829582,-717.6518417041807
125cm_5Grad.pickle,Glas,125,5,60000,56919.430772774715,-3080.5692272252854
125cm_5Grad.pickle,Glas,125,6,40000,41420.498248056436,1420.4982480564358
125cm_5Grad.pickle,Glas,125,6,50000,49083.552694032915,-916.4473059670854
125cm_5Grad.pickle,Glas,125,6,60000,56932.175173566626,-3067.8248264333743
125cm_5Grad.pickle,Glas,125,7,40000,41386.05181938048,1386.051819380482
125cm_5Grad.pickle,Glas,125,7,50000,48989.701937479564,-1010.2980625204364
125cm_5Grad.pickle,Glas,125,7,60000,56682.19484942802,-3317.8051505719777
125cm_5Grad.pickle,Glas,125,8,40000,41408.373300811865,1408.3733008118652
125cm_5Grad.pickle,Glas,125,8,50000,48946.71425960302,-1053.2857403969829
125cm_5Grad.pickle,Glas,125,8,60000,56534.40171451392,-3465.5982854860777
125cm_5Grad.pickle,Glas,125,9,40000,41473.3263623854,1473.3263623854
125cm_5Grad.pickle,Glas,125,9,50000,48963.192489311885,-1036.8075106881151
125cm_5Grad.pickle,Glas,125,9,60000,56622.29257108866,-3377.707428911337
125cm_5Grad.pickle,Glas,125,10,40000,41513.96883900847,1513.9688390084702
125cm_5Grad.pickle,Glas,125,10,50000,49336.598800202584,-663.4011997974158
125cm_5Grad.pickle,Glas,125,10,60000,56972.48558564015,-3027.514414359852
125cm_5Grad.pickle,Glas,125,11,40000,41492.11734174862,1492.1173417486207
125cm_5Grad.pickle,Glas,125,11,50000,49006.370075650724,-993.6299243492758
125cm_5Grad.pickle,Glas,125,11,60000,56636.0774087574,-3363.9225912425973
125cm_5Grad.pickle,Glas,125,12,40000,41562.991449271925,1562.9914492719254
125cm_5Grad.pickle,Glas,125,12,50000,49210.38521378397,-789.6147862160287
125cm_5Grad.pickle,Glas,125,12,60000,56694.74475288688,-3305.2552471131203
125cm_5Grad.pickle,Glas,125,13,40000,41548.98253805207,1548.9825380520706
125cm_5Grad.pickle,Glas,125,13,50000,49104.71673403476,-895.2832659652413
125cm_5Grad.pickle,Glas,125,13,60000,56553.187760406545,-3446.812239593455
125cm_5Grad.pickle,Glas,125,14,40000,41587.123920785045,1587.123920785045
125cm_5Grad.pickle,Glas,125,14,50000,49262.532711299405,-737.4672887005945
125cm_5Grad.pickle,Glas,125,14,60000,56926.17428421185,-3073.8257157881526
125cm_5Grad.pickle,Glas,125,15,40000,41491.98609805758,1491.9860980575831
125cm_5Grad.pickle,Glas,125,15,50000,49164.511728048186,-835.4882719518137
125cm_5Grad.pickle,Glas,125,15,60000,56565.961751050905,-3434.038248949095
125cm_5Grad.pickle,Glas,125,16,40000,41473.351657942956,1473.351657942956
125cm_5Grad.pickle,Glas,125,16,50000,49348.3349038843,-651.6650961156993
125cm_5Grad.pickle,Glas,125,16,60000,56782.151356228416,-3217.8486437715837
125cm_5Grad.pickle,Glas,125,17,40000,41434.51683984476,1434.5168398447568
125cm_5Grad.pickle,Glas,125,17,50000,49334.582630835226,-665.4173691647738
125cm_5Grad.pickle,Glas,125,17,60000,56884.19272976055,-3115.8072702394493
125cm_5Grad.pickle,Glas,125,18,40000,41426.49527131758,1426.4952713175808
125cm_5Grad.pickle,Glas,125,18,50000,49265.987187876904,-734.0128121230955
125cm_5Grad.pickle,Glas,125,18,60000,56691.371145726276,-3308.628854273724
125cm_5Grad.pickle,Glas,125,19,40000,41440.74463262482,1440.7446326248173
125cm_5Grad.pickle,Glas,125,19,50000,49283.375213791194,-716.6247862088057
125cm_5Grad.pickle,Glas,125,19,60000,56686.53126894878,-3313.4687310512236
25cm_-10Grad.pickle,Glas,25,0,40000,42113.7379689353,2113.7379689352965
25cm_-10Grad.pickle,Glas,25,0,50000,50036.21249609904,36.212496099040436
25cm_-10Grad.pickle,Glas,25,0,60000,57900.030948912456,-2099.9690510875444
25cm_-10Grad.pickle,Glas,25,1,40000,42109.49612348929,2109.4961234892908
25cm_-10Grad.pickle,Glas,25,1,50000,50035.80909625251,35.809096252509335
25cm_-10Grad.pickle,Glas,25,1,60000,57915.15457836362,-2084.8454216363825
25cm_-10Grad.pickle,Glas,25,2,40000,42124.60799027965,2124.607990279648
25cm_-10Grad.pickle,Glas,25,2,50000,50050.492341745194,50.4923417451937
25cm_-10Grad.pickle,Glas,25,2,60000,57919.449505715944,-2080.550494284056
25cm_-10Grad.pickle,Glas,25,3,40000,42122.765053893956,2122.765053893956
25cm_-10Grad.pickle,Glas,25,3,50000,50041.13399924616,41.133999246158055
25cm_-10Grad.pickle,Glas,25,3,60000,57905.36672087007,-2094.6332791299283
25cm_-10Grad.pickle,Glas,25,4,40000,42117.01605498359,2117.0160549835928
25cm_-10Grad.pickle,Glas,25,4,50000,50024.78454835805,24.784548358053144
25cm_-10Grad.pickle,Glas,25,4,60000,57887.76609793113,-2112.233902068867
25cm_-10Grad.pickle,Glas,25,5,40000,42125.62082562978,2125.620825629783
25cm_-10Grad.pickle,Glas,25,5,50000,50047.51974209879,47.51974209878972
25cm_-10Grad.pickle,Glas,25,5,60000,57907.4185506899,-2092.581449310099
25cm_-10Grad.pickle,Glas,25,6,40000,42122.32329472881,2122.3232947288125
25cm_-10Grad.pickle,Glas,25,6,50000,50040.75251852448,40.752518524481275
25cm_-10Grad.pickle,Glas,25,6,60000,57902.23896564994,-2097.7610343500564
25cm_-10Grad.pickle,Glas,25,7,40000,42123.31222776181,2123.3122277618095
25cm_-10Grad.pickle,Glas,25,7,50000,50036.24156474553,36.241564745527285
25cm_-10Grad.pickle,Glas,25,7,60000,57900.274743176116,-2099.7252568238837
25cm_-10Grad.pickle,Glas,25,8,40000,42121.8058763043,2121.805876304301
25cm_-10Grad.pickle,Glas,25,8,50000,50031.70557546172,31.70557546171767
25cm_-10Grad.pickle,Glas,25,8,60000,57900.94551965117,-2099.05448034883
25cm_-10Grad.pickle,Glas,25,9,40000,42116.03660267528,2116.0366026752818
25cm_-10Grad.pickle,Glas,25,9,50000,50016.242079822805,16.242079822804953
25cm_-10Grad.pickle,Glas,25,9,60000,57887.77352968086,-2112.2264703191395
25cm_-10Grad.pickle,Glas,25,10,40000,42126.367088406456,2126.367088406456
25cm_-10Grad.pickle,Glas,25,10,50000,50037.945507584605,37.945507584605366
25cm_-10Grad.pickle,Glas,25,10,60000,57901.99770942387,-2098.002290576129
25cm_-10Grad.pickle,Glas,25,11,40000,42123.20439836949,2123.2043983694894
25cm_-10Grad.pickle,Glas,25,11,50000,50043.51937702097,43.51937702097348
25cm_-10Grad.pickle,Glas,25,11,60000,57906.8441296921,-2093.155870307899
25cm_-10Grad.pickle,Glas,25,12,40000,42119.75656334311,2119.7565633431077
25cm_-10Grad.pickle,Glas,25,12,50000,50028.97281892928,28.972818929280038
25cm_-10Grad.pickle,Glas,25,12,60000,57892.095319368884,-2107.904680631116
25cm_-10Grad.pickle,Glas,25,13,40000,42129.67672685121,2129.676726851212
25cm_-10Grad.pickle,Glas,25,13,50000,50049.46370130998,49.463701309978205
25cm_-10Grad.pickle,Glas,25,13,60000,57913.00585357373,-2086.9941464262665
25cm_-10Grad.pickle,Glas,25,14,40000,42122.8407231426,2122.8407231426027
25cm_-10Grad.pickle,Glas,25,14,50000,50039.75214094765,39.752140947646694
25cm_-10Grad.pickle,Glas,25,14,60000,57906.4305549285,-2093.569445071502
25cm_-10Grad.pickle,Glas,25,15,40000,42126.856118772994,2126.856118772994
25cm_-10Grad.pickle,Glas,25,15,50000,50036.47075172109,36.4707517210918
25cm_-10Grad.pickle,Glas,25,15,60000,57920.78219531798,-2079.217804682019
25cm_-10Grad.pickle,Glas,25,16,40000,42115.02240009766,2115.0224000976596
25cm_-10Grad.pickle,Glas,25,16,50000,50004.578908105024,4.578908105024311
25cm_-10Grad.pickle,Glas,25,16,60000,57871.129528007,-2128.870471993003
25cm_-10Grad.pickle,Glas,25,17,40000,42119.903425343015,2119.9034253430145
25cm_-10Grad.pickle,Glas,25,17,50000,50024.75594169143,24.755941691430053
25cm_-10Grad.pickle,Glas,25,17,60000,57905.82223125461,-2094.177768745387
25cm_-10Grad.pickle,Glas,25,18,40000,42123.32779840712,2123.3277984071174
25cm_-10Grad.pickle,Glas,25,18,50000,50032.352849289004,32.35284928900364
25cm_-10Grad.pickle,Glas,25,18,60000,57907.70242031472,-2092.297579685277
25cm_-10Grad.pickle,Glas,25,19,40000,42117.57284641622,2117.5728464162166
25cm_-10Grad.pickle,Glas,25,19,50000,50022.90732878449,22.907328784487618
25cm_-10Grad.pickle,Glas,25,19,60000,57892.397959231814,-2107.6020407681863
25cm_-5Grad.pickle,Glas,25,0,40000,40987.35509145064,987.3550914506413
25cm_-5Grad.pickle,Glas,25,0,50000,49426.345574157735,-573.6544258422655
25cm_-5Grad.pickle,Glas,25,0,60000,58618.600136974244,-1381.3998630257556
25cm_-5Grad.pickle,Glas,25,1,40000,40986.04943411425,986.0494341142476
25cm_-5Grad.pickle,Glas,25,1,50000,49470.70516604358,-529.2948339564173
25cm_-5Grad.pickle,Glas,25,1,60000,58646.31151325006,-1353.6884867499393
25cm_-5Grad.pickle,Glas,25,2,40000,40993.97450465108,993.9745046510798
25cm_-5Grad.pickle,Glas,25,2,50000,49508.061858208865,-491.9381417911354
25cm_-5Grad.pickle,Glas,25,2,60000,58671.977033983276,-1328.0229660167242
25cm_-5Grad.pickle,Glas,25,3,40000,40974.715406223026,974.7154062230256
25cm_-5Grad.pickle,Glas,25,3,50000,49489.22482051952,-510.775179480479
25cm_-5Grad.pickle,Glas,25,3,60000,58694.17062531361,-1305.8293746863928
25cm_-5Grad.pickle,Glas,25,4,40000,40984.13102978426,984.1310297842574
25cm_-5Grad.pickle,Glas,25,4,50000,49470.069685065675,-529.930314934325
25cm_-5Grad.pickle,Glas,25,4,60000,58653.02148207085,-1346.9785179291503
25cm_-5Grad.pickle,Glas,25,5,40000,40967.77777185253,967.7777718525322
25cm_-5Grad.pickle,Glas,25,5,50000,49457.067190671085,-542.932809328915
25cm_-5Grad.pickle,Glas,25,5,60000,58682.506673282485,-1317.4933267175147
25cm_-5Grad.pickle,Glas,25,6,40000,40989.380958852926,989.3809588529257
25cm_-5Grad.pickle,Glas,25,6,50000,49497.23599404911,-502.76400595089217
25cm_-5Grad.pickle,Glas,25,6,60000,58669.214733930035,-1330.7852660699646
25cm_-5Grad.pickle,Glas,25,7,40000,40984.15439397143,984.154393971432
25cm_-5Grad.pickle,Glas,25,7,50000,49495.75758352005,-504.2424164799522
25cm_-5Grad.pickle,Glas,25,7,60000,58667.923284333556,-1332.0767156664442
25cm_-5Grad.pickle,Glas,25,8,40000,40979.897973569736,979.8979735697358
25cm_-5Grad.pickle,Glas,25,8,50000,49481.98927733805,-518.0107226619511
25cm_-5Grad.pickle,Glas,25,8,60000,58659.05190098871,-1340.9480990112934
25cm_-5Grad.pickle,Glas,25,9,40000,40983.05081543523,983.0508154352283
25cm_-5Grad.pickle,Glas,25,9,50000,49491.97448256717,-508.02551743282675
25cm_-5Grad.pickle,Glas,25,9,60000,58659.81415952787,-1340.185840472128
25cm_-5Grad.pickle,Glas,25,10,40000,40979.73522375764,979.7352237576415
25cm_-5Grad.pickle,Glas,25,10,50000,49492.59450656506,-507.4054934349406
25cm_-5Grad.pickle,Glas,25,10,60000,58667.25741760533,-1332.7425823946687
25cm_-5Grad.pickle,Glas,25,11,40000,40978.44481502815,978.4448150281532
25cm_-5Grad.pickle,Glas,25,11,50000,49477.18794719907,-522.8120528009313
25cm_-5Grad.pickle,Glas,25,11,60000,58663.86669287287,-1336.1333071271292
25cm_-5Grad.pickle,Glas,25,12,40000,40980.20859009154,980.2085900915408
25cm_-5Grad.pickle,Glas,25,12,50000,49488.44342768555,-511.5565723144464
25cm_-5Grad.pickle,Glas,25,12,60000,58661.11747072474,-1338.882529275259
25cm_-5Grad.pickle,Glas,25,13,40000,40977.63054703537,977.6305470353691
25cm_-5Grad.pickle,Glas,25,13,50000,49478.63867404833,-521.3613259516715
25cm_-5Grad.pickle,Glas,25,13,60000,58668.94540468079,-1331.0545953192122
25cm_-5Grad.pickle,Glas,25,14,40000,40983.75188640545,983.7518864054509
25cm_-5Grad.pickle,Glas,25,14,50000,49485.45202322425,-514.5479767757497
25cm_-5Grad.pickle,Glas,25,14,60000,58659.69529410495,-1340.304705895047
25cm_-5Grad.pickle,Glas,25,15,40000,40983.31210441037,983.3121044103682
25cm_-5Grad.pickle,Glas,25,15,50000,49488.34124451743,-511.65875548256736
25cm_-5Grad.pickle,Glas,25,15,60000,58660.91803592702,-1339.0819640729824
25cm_-5Grad.pickle,Glas,25,16,40000,40982.39440196266,982.3944019626579
25cm_-5Grad.pickle,Glas,25,16,50000,49481.768237696575,-518.2317623034251
25cm_-5Grad.pickle,Glas,25,16,60000,58662.9425311542,-1337.0574688458
25cm_-5Grad.pickle,Glas,25,17,40000,40981.82141821518,981.8214182151787
25cm_-5Grad.pickle,Glas,25,17,50000,49489.23681733055,-510.7631826694487
25cm_-5Grad.pickle,Glas,25,17,60000,58662.402000458336,-1337.5979995416637
25cm_-5Grad.pickle,Glas,25,18,40000,40978.30878056276,978.3087805627583
25cm_-5Grad.pickle,Glas,25,18,50000,49480.22958311468,-519.7704168853234
25cm_-5Grad.pickle,Glas,25,18,60000,58665.185103991345,-1334.8148960086546
25cm_-5Grad.pickle,Glas,25,19,40000,40975.90967594618,975.9096759461827
25cm_-5Grad.pickle,Glas,25,19,50000,49473.309926562724,-526.6900734372757
25cm_-5Grad.pickle,Glas,25,19,60000,58673.59267233048,-1326.4073276695199
25cm_0Grad.pickle,Glas,25,0,40000,41706.72683879073,1706.7268387907316
25cm_0Grad.pickle,Glas,25,0,50000,50158.28108357458,158.28108357457677
25cm_0Grad.pickle,Glas,25,0,60000,58473.389038960995,-1526.610961039005
25cm_0Grad.pickle,Glas,25,1,40000,41704.12354000615,1704.1235400061487
25cm_0Grad.pickle,Glas,25,1,50000,50201.26687790175,201.26687790174765
25cm_0Grad.pickle,Glas,25,1,60000,58525.315897288514,-1474.684102711486
25cm_0Grad.pickle,Glas,25,2,40000,41720.09843894066,1720.0984389406585
25cm_0Grad.pickle,Glas,25,2,50000,50197.11838899825,197.11838899824943
25cm_0Grad.pickle,Glas,25,2,60000,58525.62030463947,-1474.379695360527
25cm_0Grad.pickle,Glas,25,3,40000,41934.736948378515,1934.736948378515
25cm_0Grad.pickle,Glas,25,3,50000,50291.37137622365,291.37137622365117
25cm_0Grad.pickle,Glas,25,3,60000,58531.929148339594,-1468.0708516604063
25cm_0Grad.pickle,Glas,25,4,40000,41977.12462004134,1977.124620041337
25cm_0Grad.pickle,Glas,25,4,50000,50298.11899713526,298.1189971352578
25cm_0Grad.pickle,Glas,25,4,60000,58551.16120423922,-1448.8387957607774
25cm_0Grad.pickle,Glas,25,5,40000,42051.07714010837,2051.0771401083693
25cm_0Grad.pickle,Glas,25,5,50000,50321.21358581255,321.21358581254754
25cm_0Grad.pickle,Glas,25,5,60000,58562.27750609375,-1437.7224939062507
25cm_0Grad.pickle,Glas,25,6,40000,42004.99309701667,2004.993097016668
25cm_0Grad.pickle,Glas,25,6,50000,50314.29678998612,314.2967899861178
25cm_0Grad.pickle,Glas,25,6,60000,58559.376895807945,-1440.6231041920546
25cm_0Grad.pickle,Glas,25,7,40000,42001.1649675411,2001.1649675411027
25cm_0Grad.pickle,Glas,25,7,50000,50293.28183117687,293.2818311768715
25cm_0Grad.pickle,Glas,25,7,60000,58563.57140895562,-1436.4285910443796
25cm_0Grad.pickle,Glas,25,8,40000,41991.0706778813,1991.0706778812964
25cm_0Grad.pickle,Glas,25,8,50000,50285.681748123185,285.68174812318466
25cm_0Grad.pickle,Glas,25,8,60000,58541.868392831515,-1458.131607168485
25cm_0Grad.pickle,Glas,25,9,40000,41947.83946429579,1947.8394642957865
25cm_0Grad.pickle,Glas,25,9,50000,50269.588950164274,269.58895016427414
25cm_0Grad.pickle,Glas,25,9,60000,58541.51718352408,-1458.4828164759165
25cm_0Grad.pickle,Glas,25,10,40000,41951.286882490946,1951.2868824909456
25cm_0Grad.pickle,Glas,25,10,50000,50277.68732309031,277.6873230903075
25cm_0Grad.pickle,Glas,25,10,60000,58559.55578261388,-1440.444217386117
25cm_0Grad.pickle,Glas,25,11,40000,41972.806625080724,1972.8066250807242
25cm_0Grad.pickle,Glas,25,11,50000,50289.89662781893,289.89662781893276
25cm_0Grad.pickle,Glas,25,11,60000,58558.04373124129,-1441.9562687587095
25cm_0Grad.pickle,Glas,25,12,40000,41977.93903520326,1977.939035203257
25cm_0Grad.pickle,Glas,25,12,50000,50275.79929787947,275.79929787947185
25cm_0Grad.pickle,Glas,25,12,60000,58546.97291103834,-1453.0270889616586
25cm_0Grad.pickle,Glas,25,13,40000,41992.37661213125,1992.376612131251
25cm_0Grad.pickle,Glas,25,13,50000,50278.76313139507,278.76313139506965
25cm_0Grad.pickle,Glas,25,13,60000,58541.253348808816,-1458.7466511911844
25cm_0Grad.pickle,Glas,25,14,40000,41973.06944537377,1973.069445373767
25cm_0Grad.pickle,Glas,25,14,50000,50277.03068756626,277.03068756625726
25cm_0Grad.pickle,Glas,25,14,60000,58545.87314693449,-1454.126853065507
25cm_0Grad.pickle,Glas,25,15,40000,41938.59209731276,1938.5920973127577
25cm_0Grad.pickle,Glas,25,15,50000,50254.25990360034,254.25990360033757
25cm_0Grad.pickle,Glas,25,15,60000,58543.45692449028,-1456.5430755097186
25cm_0Grad.pickle,Glas,25,16,40000,41982.907812563324,1982.9078125633241
25cm_0Grad.pickle,Glas,25,16,50000,50275.906705119574,275.9067051195743
25cm_0Grad.pickle,Glas,25,16,60000,58536.598609092005,-1463.401390907995
25cm_0Grad.pickle,Glas,25,17,40000,41988.25541398884,1988.255413988838
25cm_0Grad.pickle,Glas,25,17,50000,50289.05370502244,289.0537050224375
25cm_0Grad.pickle,Glas,25,17,60000,58539.75241218504,-1460.2475878149635
25cm_0Grad.pickle,Glas,25,18,40000,41999.79356101034,1999.7935610103377
25cm_0Grad.pickle,Glas,25,18,50000,50265.98683429202,265.98683429202356
25cm_0Grad.pickle,Glas,25,18,60000,58525.76670699064,-1474.2332930093617
25cm_0Grad.pickle,Glas,25,19,40000,41973.80286614241,1973.8028661424105
25cm_0Grad.pickle,Glas,25,19,50000,50262.77555535694,262.7755553569368
25cm_0Grad.pickle,Glas,25,19,60000,58525.49176768495,-1474.508232315049
25cm_10Grad.pickle,Glas,25,0,40000,43180.23925259851,3180.2392525985124
25cm_10Grad.pickle,Glas,25,0,50000,51099.28555221973,1099.2855522197278
25cm_10Grad.pickle,Glas,25,0,60000,57392.83512301173,-2607.1648769882668
25cm_10Grad.pickle,Glas,25,1,40000,43270.13870391295,3270.1387039129477
25cm_10Grad.pickle,Glas,25,1,50000,51114.76067979452,1114.760679794519
25cm_10Grad.pickle,Glas,25,1,60000,57412.36449750743,-2587.6355024925724
25cm_10Grad.pickle,Glas,25,2,40000,43316.103436993544,3316.103436993544
25cm_10Grad.pickle,Glas,25,2,50000,51158.04623415283,1158.0462341528328
25cm_10Grad.pickle,Glas,25,2,60000,57395.162314686,-2604.837685314
25cm_10Grad.pickle,Glas,25,3,40000,43429.84845483396,3429.848454833962
25cm_10Grad.pickle,Glas,25,3,50000,51187.43468462731,1187.434684627311
25cm_10Grad.pickle,Glas,25,3,60000,57399.51640741838,-2600.4835925816224
25cm_10Grad.pickle,Glas,25,4,40000,43469.99167186085,3469.991671860851
25cm_10Grad.pickle,Glas,25,4,50000,51176.92226643509,1176.922266435089
25cm_10Grad.pickle,Glas,25,4,60000,57367.23273137389,-2632.7672686261067
25cm_10Grad.pickle,Glas,25,5,40000,43517.52381640376,3517.5238164037582
25cm_10Grad.pickle,Glas,25,5,50000,51176.57019653579,1176.5701965357875
25cm_10Grad.pickle,Glas,25,5,60000,57342.729191529135,-2657.2708084708647
25cm_10Grad.pickle,Glas,25,6,40000,43499.39051831559,3499.3905183155875
25cm_10Grad.pickle,Glas,25,6,50000,51184.37616924573,1184.3761692457265
25cm_10Grad.pickle,Glas,25,6,60000,57354.16816288337,-2645.8318371166315
25cm_10Grad.pickle,Glas,25,7,40000,43494.58499197428,3494.584991974283
25cm_10Grad.pickle,Glas,25,7,50000,51186.65216720676,1186.652167206761
25cm_10Grad.pickle,Glas,25,7,60000,57370.57033205286,-2629.429667947137
25cm_10Grad.pickle,Glas,25,8,40000,43497.98987700726,3497.9898770072614
25cm_10Grad.pickle,Glas,25,8,50000,51188.91894017992,1188.918940179923
25cm_10Grad.pickle,Glas,25,8,60000,57367.15107925287,-2632.8489207471284
25cm_10Grad.pickle,Glas,25,9,40000,43511.566271152005,3511.5662711520054
25cm_10Grad.pickle,Glas,25,9,50000,51185.53071808882,1185.5307180888194
25cm_10Grad.pickle,Glas,25,9,60000,57359.32730929221,-2640.67269070779
25cm_10Grad.pickle,Glas,25,10,40000,43511.67082378511,3511.6708237851126
25cm_10Grad.pickle,Glas,25,10,50000,51181.363300669655,1181.3633006696546
25cm_10Grad.pickle,Glas,25,10,60000,57361.363212157754,-2638.636787842246
25cm_10Grad.pickle,Glas,25,11,40000,43510.47343800066,3510.473438000663
25cm_10Grad.pickle,Glas,25,11,50000,51186.2807582126,1186.280758212597
25cm_10Grad.pickle,Glas,25,11,60000,57368.67236031132,-2631.3276396886795
25cm_10Grad.pickle,Glas,25,12,40000,43523.985274032006,3523.9852740320057
25cm_10Grad.pickle,Glas,25,12,50000,51189.17510375212,1189.1751037521171
25cm_10Grad.pickle,Glas,25,12,60000,57359.56538301533,-2640.4346169846685
25cm_10Grad.pickle,Glas,25,13,40000,43503.30230456094,3503.302304560937
25cm_10Grad.pickle,Glas,25,13,50000,51183.08428358879,1183.0842835887888
25cm_10Grad.pickle,Glas,25,13,60000,57360.984476910955,-2639.015523089045
25cm_10Grad.pickle,Glas,25,14,40000,43516.28044753045,3516.280447530451
25cm_10Grad.pickle,Glas,25,14,50000,51191.89910029203,1191.8991002920302
25cm_10Grad.pickle,Glas,25,14,60000,57366.00932860141,-2633.990671398591
25cm_10Grad.pickle,Glas,25,15,40000,43492.29317401608,3492.2931740160784
25cm_10Grad.pickle,Glas,25,15,50000,51195.243543658,1195.243543657998
25cm_10Grad.pickle,Glas,25,15,60000,57371.623066517466,-2628.376933482534
25cm_10Grad.pickle,Glas,25,16,40000,43501.86338765923,3501.8633876592285
25cm_10Grad.pickle,Glas,25,16,50000,51192.38711633295,1192.3871163329532
25cm_10Grad.pickle,Glas,25,16,60000,57365.66234540714,-2634.3376545928622
25cm_10Grad.pickle,Glas,25,17,40000,43481.248757814734,3481.248757814734
25cm_10Grad.pickle,Glas,25,17,50000,51196.50619111671,1196.5061911167068
25cm_10Grad.pickle,Glas,25,17,60000,57374.16337480288,-2625.8366251971165
25cm_10Grad.pickle,Glas,25,18,40000,43497.08073671492,3497.0807367149173
25cm_10Grad.pickle,Glas,25,18,50000,51201.51316591451,1201.5131659145118
25cm_10Grad.pickle,Glas,25,18,60000,57381.95967878754,-2618.0403212124584
25cm_10Grad.pickle,Glas,25,19,40000,43497.74337259515,3497.7433725951487
25cm_10Grad.pickle,Glas,25,19,50000,51200.73367692635,1200.7336769263493
25cm_10Grad.pickle,Glas,25,19,60000,57384.16452650172,-2615.8354734982786
25cm_5Grad.pickle,Glas,25,0,40000,43612.40282964005,3612.40282964005
25cm_5Grad.pickle,Glas,25,0,50000,49679.04824280129,-320.95175719870895
25cm_5Grad.pickle,Glas,25,0,60000,57237.21915645687,-2762.780843543129
25cm_5Grad.pickle,Glas,25,1,40000,43615.0410683371,3615.041068337101
25cm_5Grad.pickle,Glas,25,1,50000,49683.06569396997,-316.9343060300307
25cm_5Grad.pickle,Glas,25,1,60000,57221.1816675471,-2778.818332452902
25cm_5Grad.pickle,Glas,25,2,40000,43601.772726420924,3601.7727264209243
25cm_5Grad.pickle,Glas,25,2,50000,49684.90648654343,-315.0935134565734
25cm_5Grad.pickle,Glas,25,2,60000,57220.60736577284,-2779.392634227159
25cm_5Grad.pickle,Glas,25,3,40000,43610.20946122548,3610.2094612254805
25cm_5Grad.pickle,Glas,25,3,50000,49688.76498564292,-311.2350143570802
25cm_5Grad.pickle,Glas,25,3,60000,57218.578340232634,-2781.421659767366
25cm_5Grad.pickle,Glas,25,4,40000,43617.356816328895,3617.3568163288946
25cm_5Grad.pickle,Glas,25,4,50000,49679.30858828598,-320.6914117140186
25cm_5Grad.pickle,Glas,25,4,60000,57235.01099768198,-2764.9890023180196
25cm_5Grad.pickle,Glas,25,5,40000,43618.23407100171,3618.234071001709
25cm_5Grad.pickle,Glas,25,5,50000,49679.546253305736,-320.4537466942638
25cm_5Grad.pickle,Glas,25,5,60000,57235.46329082547,-2764.5367091745284
25cm_5Grad.pickle,Glas,25,6,40000,43613.413057314094,3613.4130573140937
25cm_5Grad.pickle,Glas,25,6,50000,49673.693106100574,-326.30689389942563
25cm_5Grad.pickle,Glas,25,6,60000,57217.538649192524,-2782.4613508074763
25cm_5Grad.pickle,Glas,25,7,40000,43613.79236781912,3613.792367819122
25cm_5Grad.pickle,Glas,25,7,50000,49675.73248245034,-324.26751754966244
25cm_5Grad.pickle,Glas,25,7,60000,57235.277190794324,-2764.7228092056757
25cm_5Grad.pickle,Glas,25,8,40000,43598.214035712095,3598.214035712095
25cm_5Grad.pickle,Glas,25,8,50000,49666.797272200645,-333.20272779935476
25cm_5Grad.pickle,Glas,25,8,60000,57225.43736961768,-2774.562630382323
25cm_5Grad.pickle,Glas,25,9,40000,43605.96410667365,3605.9641066736513
25cm_5Grad.pickle,Glas,25,9,50000,49647.09826989413,-352.90173010587023
25cm_5Grad.pickle,Glas,25,9,60000,57237.00898330649,-2762.991016693508
25cm_5Grad.pickle,Glas,25,10,40000,43593.557669410875,3593.557669410875
25cm_5Grad.pickle,Glas,25,10,50000,49658.01429051987,-341.9857094801264
25cm_5Grad.pickle,Glas,25,10,60000,57230.010261583586,-2769.989738416414
25cm_5Grad.pickle,Glas,25,11,40000,43603.119185906646,3603.1191859066457
25cm_5Grad.pickle,Glas,25,11,50000,49650.34917583518,-349.6508241648189
25cm_5Grad.pickle,Glas,25,11,60000,57223.93089358345,-2776.069106416551
25cm_5Grad.pickle,Glas,25,12,40000,43570.827735750354,3570.827735750354
25cm_5Grad.pickle,Glas,25,12,50000,49631.48751379836,-368.51248620163824
25cm_5Grad.pickle,Glas,25,12,60000,57225.830050646,-2774.169949354
25cm_5Grad.pickle,Glas,25,13,40000,43602.55249027535,3602.552490275353
25cm_5Grad.pickle,Glas,25,13,50000,49647.95468667974,-352.0453133202609
25cm_5Grad.pickle,Glas,25,13,60000,57245.405853730335,-2754.5941462696646
25cm_5Grad.pickle,Glas,25,14,40000,43606.961076869666,3606.9610768696657
25cm_5Grad.pickle,Glas,25,14,50000,49647.177326208905,-352.82267379109544
25cm_5Grad.pickle,Glas,25,14,60000,57221.10218926363,-2778.897810736373
25cm_5Grad.pickle,Glas,25,15,40000,43600.75083143099,3600.750831430989
25cm_5Grad.pickle,Glas,25,15,50000,49643.85432657065,-356.14567342935334
25cm_5Grad.pickle,Glas,25,15,60000,57257.52122227127,-2742.4787777287274
25cm_5Grad.pickle,Glas,25,16,40000,43612.9229451752,3612.9229451752035
25cm_5Grad.pickle,Glas,25,16,50000,49648.613730491576,-351.38626950842445
25cm_5Grad.pickle,Glas,25,16,60000,57248.84538241429,-2751.1546175857075
25cm_5Grad.pickle,Glas,25,17,40000,43594.82092534561,3594.820925345608
25cm_5Grad.pickle,Glas,25,17,50000,49643.975429765946,-356.0245702340544
25cm_5Grad.pickle,Glas,25,17,60000,57246.74420840575,-2753.2557915942525
25cm_5Grad.pickle,Glas,25,18,40000,43596.00110416282,3596.001104162817
25cm_5Grad.pickle,Glas,25,18,50000,49650.92222046019,-349.07777953980985
25cm_5Grad.pickle,Glas,25,18,60000,57239.007776395374,-2760.992223604626
25cm_5Grad.pickle,Glas,25,19,40000,43572.767127091705,3572.7671270917053
25cm_5Grad.pickle,Glas,25,19,50000,49656.99677435517,-343.0032256448321
25cm_5Grad.pickle,Glas,25,19,60000,57238.128042440934,-2761.871957559066
50cm_-10Grad.pickle,Glas,50,0,40000,41046.9326356028,1046.9326356028032
50cm_-10Grad.pickle,Glas,50,0,50000,48698.77701817888,-1301.22298182112
50cm_-10Grad.pickle,Glas,50,0,60000,56406.403943568264,-3593.5960564317356
50cm_-10Grad.pickle,Glas,50,1,40000,41070.60749059841,1070.6074905984133
50cm_-10Grad.pickle,Glas,50,1,50000,48659.90268126456,-1340.0973187354393
50cm_-10Grad.pickle,Glas,50,1,60000,56394.40926703448,-3605.5907329655165
50cm_-10Grad.pickle,Glas,50,2,40000,41048.30813036442,1048.3081303644212
50cm_-10Grad.pickle,Glas,50,2,50000,48650.26573134263,-1349.7342686573684
50cm_-10Grad.pickle,Glas,50,2,60000,56390.46122621039,-3609.538773789609
50cm_-10Grad.pickle,Glas,50,3,40000,41040.25659333753,1040.25659333753
50cm_-10Grad.pickle,Glas,50,3,50000,48601.072059260114,-1398.9279407398863
50cm_-10Grad.pickle,Glas,50,3,60000,56387.53060108476,-3612.4693989152365
50cm_-10Grad.pickle,Glas,50,4,40000,41048.67100855979,1048.6710085597879
50cm_-10Grad.pickle,Glas,50,4,50000,48603.10961321113,-1396.890386788873
50cm_-10Grad.pickle,Glas,50,4,60000,56390.545488652686,-3609.454511347314
50cm_-10Grad.pickle,Glas,50,5,40000,41067.55116815949,1067.5511681594871
50cm_-10Grad.pickle,Glas,50,5,50000,48622.827962302064,-1377.1720376979356
50cm_-10Grad.pickle,Glas,50,5,60000,56437.556942944386,-3562.443057055614
50cm_-10Grad.pickle,Glas,50,6,40000,41047.353334653555,1047.353334653555
50cm_-10Grad.pickle,Glas,50,6,50000,48587.34241720498,-1412.6575827950219
50cm_-10Grad.pickle,Glas,50,6,60000,56427.000491288236,-3572.999508711764
50cm_-10Grad.pickle,Glas,50,7,40000,41065.191510951714,1065.191510951714
50cm_-10Grad.pickle,Glas,50,7,50000,48625.42759613197,-1374.5724038680273
50cm_-10Grad.pickle,Glas,50,7,60000,56465.631211211374,-3534.3687887886263
50cm_-10Grad.pickle,Glas,50,8,40000,41076.6581012233,1076.6581012233
50cm_-10Grad.pickle,Glas,50,8,50000,48617.84075931548,-1382.159240684523
50cm_-10Grad.pickle,Glas,50,8,60000,56391.318518814456,-3608.681481185544
50cm_-10Grad.pickle,Glas,50,9,40000,41064.73059330154,1064.7305933015377
50cm_-10Grad.pickle,Glas,50,9,50000,48598.64117337547,-1401.3588266245279
50cm_-10Grad.pickle,Glas,50,9,60000,56381.24237158106,-3618.7576284189417
50cm_-10Grad.pickle,Glas,50,10,40000,41079.383658035134,1079.3836580351344
50cm_-10Grad.pickle,Glas,50,10,50000,48632.64547666967,-1367.3545233303303
50cm_-10Grad.pickle,Glas,50,10,60000,56408.40095854812,-3591.599041451882
50cm_-10Grad.pickle,Glas,50,11,40000,41080.179872455665,1080.1798724556647
50cm_-10Grad.pickle,Glas,50,11,50000,48620.51483162749,-1379.4851683725065
50cm_-10Grad.pickle,Glas,50,11,60000,56423.42835919598,-3576.571640804017
50cm_-10Grad.pickle,Glas,50,12,40000,41077.2862577801,1077.2862577800988
50cm_-10Grad.pickle,Glas,50,12,50000,48611.15456467081,-1388.845435329189
50cm_-10Grad.pickle,Glas,50,12,60000,56402.23236408179,-3597.767635918208
50cm_-10Grad.pickle,Glas,50,13,40000,41070.72619794009,1070.7261979400864
50cm_-10Grad.pickle,Glas,50,13,50000,48624.02158780124,-1375.9784121987614
50cm_-10Grad.pickle,Glas,50,13,60000,56468.85539581389,-3531.1446041861127
50cm_-10Grad.pickle,Glas,50,14,40000,41071.69200614006,1071.6920061400597
50cm_-10Grad.pickle,Glas,50,14,50000,48617.595924272944,-1382.404075727056
50cm_-10Grad.pickle,Glas,50,14,60000,56434.54797313945,-3565.4520268605484
50cm_-10Grad.pickle,Glas,50,15,40000,41069.858013120385,1069.8580131203853
50cm_-10Grad.pickle,Glas,50,15,50000,48598.30105086991,-1401.698949130092
50cm_-10Grad.pickle,Glas,50,15,60000,56313.75780859406,-3686.242191405938
50cm_-10Grad.pickle,Glas,50,16,40000,41084.45365287141,1084.4536528714088
50cm_-10Grad.pickle,Glas,50,16,50000,48604.10048905334,-1395.8995109466632
50cm_-10Grad.pickle,Glas,50,16,60000,56373.83883356272,-3626.161166437283
50cm_-10Grad.pickle,Glas,50,17,40000,41082.35978960219,1082.3597896021893
50cm_-10Grad.pickle,Glas,50,17,50000,48595.22463122239,-1404.775368777613
50cm_-10Grad.pickle,Glas,50,17,60000,56392.23718748575,-3607.762812514251
50cm_-10Grad.pickle,Glas,50,18,40000,41082.575797733814,1082.5757977338144
50cm_-10Grad.pickle,Glas,50,18,50000,48619.41520611153,-1380.584793888469
50cm_-10Grad.pickle,Glas,50,18,60000,56374.87418050353,-3625.1258194964685
50cm_-10Grad.pickle,Glas,50,19,40000,41093.74617988538,1093.7461798853765
50cm_-10Grad.pickle,Glas,50,19,50000,48624.25330069526,-1375.746699304742
50cm_-10Grad.pickle,Glas,50,19,60000,56398.64548140898,-3601.354518591019
50cm_-5Grad.pickle,Glas,50,0,40000,40990.39451205666,990.3945120566568
50cm_-5Grad.pickle,Glas,50,0,50000,48223.100635080395,-1776.8993649196054
50cm_-5Grad.pickle,Glas,50,0,60000,58159.8779022934,-1840.1220977065968
50cm_-5Grad.pickle,Glas,50,1,40000,40994.921569321574,994.9215693215738
50cm_-5Grad.pickle,Glas,50,1,50000,48239.78588688288,-1760.214113117123
50cm_-5Grad.pickle,Glas,50,1,60000,58178.842171659904,-1821.1578283400959
50cm_-5Grad.pickle,Glas,50,2,40000,40997.89513549211,997.8951354921082
50cm_-5Grad.pickle,Glas,50,2,50000,48265.43545191327,-1734.5645480867315
50cm_-5Grad.pickle,Glas,50,2,60000,58099.14907685206,-1900.8509231479402
50cm_-5Grad.pickle,Glas,50,3,40000,40991.11907657423,991.1190765742285
50cm_-5Grad.pickle,Glas,50,3,50000,48243.87905093183,-1756.1209490681722
50cm_-5Grad.pickle,Glas,50,3,60000,58211.569811858404,-1788.4301881415959
50cm_-5Grad.pickle,Glas,50,4,40000,40994.70980918526,994.7098091852604
50cm_-5Grad.pickle,Glas,50,4,50000,48251.40975343681,-1748.590246563188
50cm_-5Grad.pickle,Glas,50,4,60000,58140.10664990361,-1859.8933500963903
50cm_-5Grad.pickle,Glas,50,5,40000,40992.18662428272,992.1866242827164
50cm_-5Grad.pickle,Glas,50,5,50000,48259.18138902777,-1740.81861097223
50cm_-5Grad.pickle,Glas,50,5,60000,58140.8524820141,-1859.1475179858971
50cm_-5Grad.pickle,Glas,50,6,40000,40997.289056629685,997.2890566296846
50cm_-5Grad.pickle,Glas,50,6,50000,48241.241972604446,-1758.7580273955537
50cm_-5Grad.pickle,Glas,50,6,60000,58209.33065457584,-1790.6693454241613
50cm_-5Grad.pickle,Glas,50,7,40000,40990.87586485504,990.8758648550429
50cm_-5Grad.pickle,Glas,50,7,50000,48263.04049752591,-1736.959502474092
50cm_-5Grad.pickle,Glas,50,7,60000,58148.45050289249,-1851.5494971075095
50cm_-5Grad.pickle,Glas,50,8,40000,40973.72715711607,973.7271571160672
50cm_-5Grad.pickle,Glas,50,8,50000,48258.14888080807,-1741.8511191919315
50cm_-5Grad.pickle,Glas,50,8,60000,58076.07765183625,-1923.9223481637528
50cm_-5Grad.pickle,Glas,50,9,40000,40972.39323520107,972.393235201067
50cm_-5Grad.pickle,Glas,50,9,50000,48264.12815063746,-1735.871849362542
50cm_-5Grad.pickle,Glas,50,9,60000,58079.379944607615,-1920.6200553923845
50cm_-5Grad.pickle,Glas,50,10,40000,40960.860578849766,960.8605788497662
50cm_-5Grad.pickle,Glas,50,10,50000,48261.96714270777,-1738.03285729223
50cm_-5Grad.pickle,Glas,50,10,60000,58121.064600097445,-1878.9353999025552
50cm_-5Grad.pickle,Glas,50,11,40000,40952.99510516592,952.9951051659227
50cm_-5Grad.pickle,Glas,50,11,50000,48251.357143124325,-1748.6428568756746
50cm_-5Grad.pickle,Glas,50,11,60000,58143.5541710811,-1856.4458289188988
50cm_-5Grad.pickle,Glas,50,12,40000,40974.8499145213,974.8499145212991
50cm_-5Grad.pickle,Glas,50,12,50000,48255.34781133096,-1744.6521886690389
50cm_-5Grad.pickle,Glas,50,12,60000,58163.327655799396,-1836.6723442006041
50cm_-5Grad.pickle,Glas,50,13,40000,40982.46813531651,982.468135316507
50cm_-5Grad.pickle,Glas,50,13,50000,48260.796356782164,-1739.2036432178356
50cm_-5Grad.pickle,Glas,50,13,60000,58121.05610426966,-1878.9438957303428
50cm_-5Grad.pickle,Glas,50,14,40000,40970.514236431445,970.5142364314452
50cm_-5Grad.pickle,Glas,50,14,50000,48261.13571688458,-1738.8642831154211
50cm_-5Grad.pickle,Glas,50,14,60000,58139.95796717636,-1860.0420328236432
50cm_-5Grad.pickle,Glas,50,15,40000,40973.42372659958,973.4237265995835
50cm_-5Grad.pickle,Glas,50,15,50000,48283.30560907098,-1716.6943909290203
50cm_-5Grad.pickle,Glas,50,15,60000,58155.19855433914,-1844.801445660858
50cm_-5Grad.pickle,Glas,50,16,40000,40984.668529596696,984.6685295966963
50cm_-5Grad.pickle,Glas,50,16,50000,48265.86812662336,-1734.1318733766384
50cm_-5Grad.pickle,Glas,50,16,60000,58112.28475298531,-1887.7152470146902
50cm_-5Grad.pickle,Glas,50,17,40000,40986.240890384994,986.2408903849937
50cm_-5Grad.pickle,Glas,50,17,50000,48284.48912949445,-1715.5108705055536
50cm_-5Grad.pickle,Glas,50,17,60000,58162.05415926395,-1837.9458407360507
50cm_-5Grad.pickle,Glas,50,18,40000,40982.92077458126,982.92077458126
50cm_-5Grad.pickle,Glas,50,18,50000,48267.15347906899,-1732.8465209310089
50cm_-5Grad.pickle,Glas,50,18,60000,58173.29363000291,-1826.7063699970895
50cm_-5Grad.pickle,Glas,50,19,40000,40976.75644862437,976.7564486243718
50cm_-5Grad.pickle,Glas,50,19,50000,48276.284660401536,-1723.7153395984642
50cm_-5Grad.pickle,Glas,50,19,60000,58128.759286987544,-1871.2407130124557
50cm_0Grad.pickle,Glas,50,0,40000,42375.929528197055,2375.9295281970553
50cm_0Grad.pickle,Glas,50,0,50000,48922.57256734709,-1077.427432652912
50cm_0Grad.pickle,Glas,50,0,60000,57371.83971606958,-2628.160283930418
50cm_0Grad.pickle,Glas,50,1,40000,42295.66062749212,2295.6606274921214
50cm_0Grad.pickle,Glas,50,1,50000,48841.40480857482,-1158.5951914251782
50cm_0Grad.pickle,Glas,50,1,60000,57413.60603156062,-2586.393968439377
50cm_0Grad.pickle,Glas,50,2,40000,42295.24621233869,2295.2462123386867
50cm_0Grad.pickle,Glas,50,2,50000,48831.60357488817,-1168.3964251118305
50cm_0Grad.pickle,Glas,50,2,60000,57444.46556915154,-2555.5344308484564
50cm_0Grad.pickle,Glas,50,3,40000,42307.549722344665,2307.5497223446655
50cm_0Grad.pickle,Glas,50,3,50000,48894.610622530236,-1105.3893774697644
50cm_0Grad.pickle,Glas,50,3,60000,57420.04624738858,-2579.953752611422
50cm_0Grad.pickle,Glas,50,4,40000,42341.289767667324,2341.2897676673238
50cm_0Grad.pickle,Glas,50,4,50000,48904.778323587045,-1095.2216764129553
50cm_0Grad.pickle,Glas,50,4,60000,57437.67322304811,-2562.3267769518934
50cm_0Grad.pickle,Glas,50,5,40000,42328.33301399039,2328.333013990392
50cm_0Grad.pickle,Glas,50,5,50000,48916.522949056976,-1083.4770509430236
50cm_0Grad.pickle,Glas,50,5,60000,57472.54298033559,-2527.4570196644127
50cm_0Grad.pickle,Glas,50,6,40000,42398.630252272276,2398.6302522722763
50cm_0Grad.pickle,Glas,50,6,50000,48961.18976238572,-1038.8102376142779
50cm_0Grad.pickle,Glas,50,6,60000,57489.765519154345,-2510.2344808456546
50cm_0Grad.pickle,Glas,50,7,40000,42337.3382232207,2337.3382232207005
50cm_0Grad.pickle,Glas,50,7,50000,48889.50573233483,-1110.49426766517
50cm_0Grad.pickle,Glas,50,7,60000,57496.12868002941,-2503.871319970589
50cm_0Grad.pickle,Glas,50,8,40000,42366.51885258532,2366.5188525853227
50cm_0Grad.pickle,Glas,50,8,50000,48957.05871614151,-1042.9412838584904
50cm_0Grad.pickle,Glas,50,8,60000,57504.07647329138,-2495.9235267086187
50cm_0Grad.pickle,Glas,50,9,40000,42354.86156708983,2354.861567089829
50cm_0Grad.pickle,Glas,50,9,50000,48919.70839587457,-1080.2916041254284
50cm_0Grad.pickle,Glas,50,9,60000,57457.267993593116,-2542.7320064068845
50cm_0Grad.pickle,Glas,50,10,40000,42381.61751796423,2381.6175179642305
50cm_0Grad.pickle,Glas,50,10,50000,48971.83164673941,-1028.1683532605894
50cm_0Grad.pickle,Glas,50,10,60000,57492.9589812654,-2507.0410187345988
50cm_0Grad.pickle,Glas,50,11,40000,42333.967021235236,2333.9670212352357
50cm_0Grad.pickle,Glas,50,11,50000,48937.7340398881,-1062.2659601119012
50cm_0Grad.pickle,Glas,50,11,60000,57536.61899080652,-2463.3810091934793
50cm_0Grad.pickle,Glas,50,12,40000,42335.788912831784,2335.788912831784
50cm_0Grad.pickle,Glas,50,12,50000,48923.369027483335,-1076.6309725166648
50cm_0Grad.pickle,Glas,50,12,60000,57480.76090521497,-2519.239094785029
50cm_0Grad.pickle,Glas,50,13,40000,42311.05509872222,2311.055098722223
50cm_0Grad.pickle,Glas,50,13,50000,48859.3337001862,-1140.666299813798
50cm_0Grad.pickle,Glas,50,13,60000,57547.61275935692,-2452.387240643082
50cm_0Grad.pickle,Glas,50,14,40000,42330.12106040394,2330.121060403937
50cm_0Grad.pickle,Glas,50,14,50000,48893.81365700246,-1106.186342997542
50cm_0Grad.pickle,Glas,50,14,60000,57551.444652317216,-2448.5553476827845
50cm_0Grad.pickle,Glas,50,15,40000,42326.8838513412,2326.8838513411974
50cm_0Grad.pickle,Glas,50,15,50000,48911.21195855929,-1088.7880414407118
50cm_0Grad.pickle,Glas,50,15,60000,57532.648257141635,-2467.3517428583655
50cm_0Grad.pickle,Glas,50,16,40000,42319.33733218689,2319.337332186893
50cm_0Grad.pickle,Glas,50,16,50000,48909.485302199486,-1090.514697800514
50cm_0Grad.pickle,Glas,50,16,60000,57517.51546280923,-2482.4845371907722
50cm_0Grad.pickle,Glas,50,17,40000,42346.397585050705,2346.397585050705
50cm_0Grad.pickle,Glas,50,17,50000,48924.500516088876,-1075.4994839111241
50cm_0Grad.pickle,Glas,50,17,60000,57455.92997634158,-2544.0700236584235
50cm_0Grad.pickle,Glas,50,18,40000,42314.10145583765,2314.1014558376482
50cm_0Grad.pickle,Glas,50,18,50000,48879.20461080687,-1120.795389193132
50cm_0Grad.pickle,Glas,50,18,60000,57519.376657034256,-2480.623342965744
50cm_0Grad.pickle,Glas,50,19,40000,42322.069095703206,2322.0690957032057
50cm_0Grad.pickle,Glas,50,19,50000,48893.008852120845,-1106.9911478791546
50cm_0Grad.pickle,Glas,50,19,60000,57455.67486431925,-2544.3251356807523
50cm_10Grad.pickle,Glas,50,0,40000,42113.96891455291,2113.968914552912
50cm_10Grad.pickle,Glas,50,0,50000,50559.173875557666,559.1738755576662
50cm_10Grad.pickle,Glas,50,0,60000,57556.89815878677,-2443.1018412132325
50cm_10Grad.pickle,Glas,50,1,40000,42116.64062105985,2116.6406210598507
50cm_10Grad.pickle,Glas,50,1,50000,50502.02760208766,502.0276020876627
50cm_10Grad.pickle,Glas,50,1,60000,57485.08481852982,-2514.9151814701836
50cm_10Grad.pickle,Glas,50,2,40000,42162.161888297,2162.1618882969997
50cm_10Grad.pickle,Glas,50,2,50000,50554.06695329078,554.0669532907777
50cm_10Grad.pickle,Glas,50,2,60000,57521.37807208004,-2478.6219279199577
50cm_10Grad.pickle,Glas,50,3,40000,42146.563870921775,2146.5638709217747
50cm_10Grad.pickle,Glas,50,3,50000,50499.42141429269,499.4214142926867
50cm_10Grad.pickle,Glas,50,3,60000,57441.42262707238,-2558.577372927619
50cm_10Grad.pickle,Glas,50,4,40000,42132.49983800993,2132.4998380099278
50cm_10Grad.pickle,Glas,50,4,50000,50467.92994384691,467.92994384690974
50cm_10Grad.pickle,Glas,50,4,60000,57500.358225963544,-2499.641774036456
50cm_10Grad.pickle,Glas,50,5,40000,42131.53173144712,2131.5317314471176
50cm_10Grad.pickle,Glas,50,5,50000,50503.74131310867,503.74131310867233
50cm_10Grad.pickle,Glas,50,5,60000,57487.29199208138,-2512.70800791862
50cm_10Grad.pickle,Glas,50,6,40000,42120.35862773047,2120.358627730471
50cm_10Grad.pickle,Glas,50,6,50000,50507.87013649234,507.87013649233995
50cm_10Grad.pickle,Glas,50,6,60000,57496.15973777962,-2503.8402622203794
50cm_10Grad.pickle,Glas,50,7,40000,42134.50633461231,2134.5063346123134
50cm_10Grad.pickle,Glas,50,7,50000,50479.47976546246,479.47976546246355
50cm_10Grad.pickle,Glas,50,7,60000,57449.685205107024,-2550.3147948929764
50cm_10Grad.pickle,Glas,50,8,40000,42147.817870300685,2147.817870300685
50cm_10Grad.pickle,Glas,50,8,50000,50536.55548039324,536.5554803932391
50cm_10Grad.pickle,Glas,50,8,60000,57434.86900938857,-2565.130990611433
50cm_10Grad.pickle,Glas,50,9,40000,42148.894382128405,2148.8943821284047
50cm_10Grad.pickle,Glas,50,9,50000,50491.48960984154,491.4896098415411
50cm_10Grad.pickle,Glas,50,9,60000,57442.72927153173,-2557.270728468269
50cm_10Grad.pickle,Glas,50,10,40000,42150.005520811064,2150.0055208110643
50cm_10Grad.pickle,Glas,50,10,50000,50514.99385178925,514.9938517892515
50cm_10Grad.pickle,Glas,50,10,60000,57480.88104703385,-2519.1189529661497
50cm_10Grad.pickle,Glas,50,11,40000,42169.692440954575,2169.6924409545754
50cm_10Grad.pickle,Glas,50,11,50000,50505.23248429131,505.2324842913076
50cm_10Grad.pickle,Glas,50,11,60000,57455.5515047809,-2544.448495219098
50cm_10Grad.pickle,Glas,50,12,40000,42147.3881533003,2147.3881533003005
50cm_10Grad.pickle,Glas,50,12,50000,50499.31748496156,499.3174849615607
50cm_10Grad.pickle,Glas,50,12,60000,57462.192499536075,-2537.807500463925
50cm_10Grad.pickle,Glas,50,13,40000,42182.072601765925,2182.0726017659254
50cm_10Grad.pickle,Glas,50,13,50000,50506.63782714184,506.63782714184345
50cm_10Grad.pickle,Glas,50,13,60000,57444.487231581305,-2555.5127684186955
50cm_10Grad.pickle,Glas,50,14,40000,42142.74707700386,2142.7470770038635
50cm_10Grad.pickle,Glas,50,14,50000,50529.88209085309,529.8820908530906
50cm_10Grad.pickle,Glas,50,14,60000,57465.331499463005,-2534.6685005369945
50cm_10Grad.pickle,Glas,50,15,40000,42179.99781841247,2179.99781841247
50cm_10Grad.pickle,Glas,50,15,50000,50517.37812582775,517.3781258277522
50cm_10Grad.pickle,Glas,50,15,60000,57460.252194028224,-2539.747805971776
50cm_10Grad.pickle,Glas,50,16,40000,42173.45523188253,2173.45523188253
50cm_10Grad.pickle,Glas,50,16,50000,50509.61481861309,509.6148186130886
50cm_10Grad.pickle,Glas,50,16,60000,57462.80319215824,-2537.196807841763
50cm_10Grad.pickle,Glas,50,17,40000,42156.03105942741,2156.0310594274124
50cm_10Grad.pickle,Glas,50,17,50000,50526.109477291306,526.1094772913057
50cm_10Grad.pickle,Glas,50,17,60000,57478.603305880075,-2521.396694119925
50cm_10Grad.pickle,Glas,50,18,40000,42187.581914214905,2187.581914214905
50cm_10Grad.pickle,Glas,50,18,50000,50524.03686926011,524.0368692601114
50cm_10Grad.pickle,Glas,50,18,60000,57457.686410473114,-2542.313589526886
50cm_10Grad.pickle,Glas,50,19,40000,42174.86149816933,2174.8614981693318
50cm_10Grad.pickle,Glas,50,19,50000,50513.45696849642,513.4569684964226
50cm_10Grad.pickle,Glas,50,19,60000,57442.13210340819,-2557.867896591808
50cm_5Grad.pickle,Glas,50,0,40000,43793.36101760149,3793.3610176014918
50cm_5Grad.pickle,Glas,50,0,50000,49455.43976578747,-544.5602342125276
50cm_5Grad.pickle,Glas,50,0,60000,56116.129316007275,-3883.8706839927254
50cm_5Grad.pickle,Glas,50,1,40000,43853.90151163649,3853.90151163649
50cm_5Grad.pickle,Glas,50,1,50000,49505.87660522898,-494.1233947710207
50cm_5Grad.pickle,Glas,50,1,60000,56227.65953397965,-3772.3404660203523
50cm_5Grad.pickle,Glas,50,2,40000,43865.52236470478,3865.5223647047824
50cm_5Grad.pickle,Glas,50,2,50000,49519.94049608206,-480.05950391793886
50cm_5Grad.pickle,Glas,50,2,60000,56241.40552898829,-3758.594471011711
50cm_5Grad.pickle,Glas,50,3,40000,43824.148592326615,3824.1485923266155
50cm_5Grad.pickle,Glas,50,3,50000,49488.21235428396,-511.78764571603824
50cm_5Grad.pickle,Glas,50,3,60000,56239.39407888269,-3760.6059211173124
50cm_5Grad.pickle,Glas,50,4,40000,43840.662131807505,3840.662131807505
50cm_5Grad.pickle,Glas,50,4,50000,49484.76088102676,-515.239118973237
50cm_5Grad.pickle,Glas,50,4,60000,56247.03062504828,-3752.9693749517173
50cm_5Grad.pickle,Glas,50,5,40000,43856.683701723035,3856.6837017230355
50cm_5Grad.pickle,Glas,50,5,50000,49475.03565523543,-524.9643447645722
50cm_5Grad.pickle,Glas,50,5,60000,56217.6113432366,-3782.3886567634036
50cm_5Grad.pickle,Glas,50,6,40000,43790.0197740836,3790.019774083601
50cm_5Grad.pickle,Glas,50,6,50000,49439.12484271365,-560.8751572863475
50cm_5Grad.pickle,Glas,50,6,60000,56242.78001087952,-3757.21998912048
50cm_5Grad.pickle,Glas,50,7,40000,43846.39688833502,3846.396888335017
50cm_5Grad.pickle,Glas,50,7,50000,49486.752486807236,-513.247513192764
50cm_5Grad.pickle,Glas,50,7,60000,56291.014388442825,-3708.9856115571747
50cm_5Grad.pickle,Glas,50,8,40000,43910.328400439794,3910.3284004397938
50cm_5Grad.pickle,Glas,50,8,50000,49508.41734881183,-491.5826511881678
50cm_5Grad.pickle,Glas,50,8,60000,56219.55742680387,-3780.442573196131
50cm_5Grad.pickle,Glas,50,9,40000,43855.15525697722,3855.1552569772175
50cm_5Grad.pickle,Glas,50,9,50000,49504.64694223894,-495.35305776105815
50cm_5Grad.pickle,Glas,50,9,60000,56242.33148192589,-3757.6685180741115
50cm_5Grad.pickle,Glas,50,10,40000,43872.16038427136,3872.1603842713594
50cm_5Grad.pickle,Glas,50,10,50000,49508.65720378706,-491.34279621294263
50cm_5Grad.pickle,Glas,50,10,60000,56234.606680999495,-3765.3933190005046
50cm_5Grad.pickle,Glas,50,11,40000,43879.2283706294,3879.2283706293965
50cm_5Grad.pickle,Glas,50,11,50000,49500.369863246066,-499.6301367539345
50cm_5Grad.pickle,Glas,50,11,60000,56238.02389399643,-3761.976106003567
50cm_5Grad.pickle,Glas,50,12,40000,43838.31298373115,3838.31298373115
50cm_5Grad.pickle,Glas,50,12,50000,49493.44109829086,-506.5589017091406
50cm_5Grad.pickle,Glas,50,12,60000,56201.02039019685,-3798.979609803151
50cm_5Grad.pickle,Glas,50,13,40000,43826.267181137264,3826.267181137264
50cm_5Grad.pickle,Glas,50,13,50000,49512.955628076634,-487.04437192336627
50cm_5Grad.pickle,Glas,50,13,60000,56217.089298583574,-3782.9107014164256
50cm_5Grad.pickle,Glas,50,14,40000,43816.154166602464,3816.154166602464
50cm_5Grad.pickle,Glas,50,14,50000,49494.43619619612,-505.56380380388146
50cm_5Grad.pickle,Glas,50,14,60000,56254.83467779874,-3745.165322201261
50cm_5Grad.pickle,Glas,50,15,40000,43852.61793730983,3852.6179373098275
50cm_5Grad.pickle,Glas,50,15,50000,49483.95190646289,-516.0480935371088
50cm_5Grad.pickle,Glas,50,15,60000,56281.70335266209,-3718.296647337913
50cm_5Grad.pickle,Glas,50,16,40000,43861.26443404289,3861.2644340428888
50cm_5Grad.pickle,Glas,50,16,50000,49479.13874465993,-520.8612553400671
50cm_5Grad.pickle,Glas,50,16,60000,56267.31718160646,-3732.682818393543
50cm_5Grad.pickle,Glas,50,17,40000,43822.66653198649,3822.6665319864915
50cm_5Grad.pickle,Glas,50,17,50000,49492.028670734166,-507.97132926583436
50cm_5Grad.pickle,Glas,50,17,60000,56270.50136623496,-3729.4986337650407
50cm_5Grad.pickle,Glas,50,18,40000,43856.13207164198,3856.1320716419796
50cm_5Grad.pickle,Glas,50,18,50000,49480.7866611976,-519.2133388024013
50cm_5Grad.pickle,Glas,50,18,60000,56238.50636252678,-3761.4936374732206
50cm_5Grad.pickle,Glas,50,19,40000,43833.993458711266,3833.9934587112657
50cm_5Grad.pickle,Glas,50,19,50000,49489.798004589655,-510.20199541034526
50cm_5Grad.pickle,Glas,50,19,60000,56213.340759595005,-3786.659240404995
75cm_-10Grad.pickle,Glas,75,0,40000,41926.055881364984,1926.055881364984
75cm_-10Grad.pickle,Glas,75,0,50000,49457.757453997954,-542.2425460020459
75cm_-10Grad.pickle,Glas,75,0,60000,56972.89673151765,-3027.1032684823513
75cm_-10Grad.pickle,Glas,75,1,40000,41902.075866739164,1902.0758667391638
75cm_-10Grad.pickle,Glas,75,1,50000,49432.082101589454,-567.9178984105456
75cm_-10Grad.pickle,Glas,75,1,60000,56978.39103636788,-3021.6089636321194
75cm_-10Grad.pickle,Glas,75,2,40000,41926.56420031807,1926.5642003180692
75cm_-10Grad.pickle,Glas,75,2,50000,49495.87682763033,-504.1231723696692
75cm_-10Grad.pickle,Glas,75,2,60000,56986.415229954655,-3013.584770045345
75cm_-10Grad.pickle,Glas,75,3,40000,41896.0401552428,1896.0401552428011
75cm_-10Grad.pickle,Glas,75,3,50000,49455.14552543048,-544.8544745695181
75cm_-10Grad.pickle,Glas,75,3,60000,57010.79730650515,-2989.2026934948517
75cm_-10Grad.pickle,Glas,75,4,40000,41908.10278106339,1908.1027810633896
75cm_-10Grad.pickle,Glas,75,4,50000,49480.641844405305,-519.3581555946948
75cm_-10Grad.pickle,Glas,75,4,60000,56912.67418379819,-3087.32581620181
75cm_-10Grad.pickle,Glas,75,5,40000,41923.75146495195,1923.7514649519508
75cm_-10Grad.pickle,Glas,75,5,50000,49471.89990292349,-528.100097076509
75cm_-10Grad.pickle,Glas,75,5,60000,56949.1133442075,-3050.8866557924994
75cm_-10Grad.pickle,Glas,75,6,40000,41955.11942900306,1955.1194290030617
75cm_-10Grad.pickle,Glas,75,6,50000,49485.574735700095,-514.4252642999054
75cm_-10Grad.pickle,Glas,75,6,60000,56914.490851396724,-3085.509148603276
75cm_-10Grad.pickle,Glas,75,7,40000,41959.813859562004,1959.813859562004
75cm_-10Grad.pickle,Glas,75,7,50000,49497.34653205983,-502.6534679401666
75cm_-10Grad.pickle,Glas,75,7,60000,56913.600589711015,-3086.3994102889847
75cm_-10Grad.pickle,Glas,75,8,40000,41955.21521470194,1955.215214701937
75cm_-10Grad.pickle,Glas,75,8,50000,49499.3270886623,-500.6729113377005
75cm_-10Grad.pickle,Glas,75,8,60000,56974.18694186147,-3025.8130581385267
75cm_-10Grad.pickle,Glas,75,9,40000,41948.17457586431,1948.1745758643083
75cm_-10Grad.pickle,Glas,75,9,50000,49479.05549541472,-520.9445045852772
75cm_-10Grad.pickle,Glas,75,9,60000,56920.85366527765,-3079.146334722347
75cm_-10Grad.pickle,Glas,75,10,40000,41956.4737120652,1956.473712065199
75cm_-10Grad.pickle,Glas,75,10,50000,49427.921078197505,-572.0789218024947
75cm_-10Grad.pickle,Glas,75,10,60000,56922.43329243965,-3077.5667075603487
75cm_-10Grad.pickle,Glas,75,11,40000,41954.4813920713,1954.4813920712986
75cm_-10Grad.pickle,Glas,75,11,50000,49478.48474170385,-521.5152582961528
75cm_-10Grad.pickle,Glas,75,11,60000,56919.85374854759,-3080.14625145241
75cm_-10Grad.pickle,Glas,75,12,40000,41951.38256562684,1951.3825656268382
75cm_-10Grad.pickle,Glas,75,12,50000,49467.84357651528,-532.1564234847174
75cm_-10Grad.pickle,Glas,75,12,60000,56888.43371323188,-3111.5662867681167
75cm_-10Grad.pickle,Glas,75,13,40000,41975.535693652186,1975.5356936521857
75cm_-10Grad.pickle,Glas,75,13,50000,49490.30976449061,-509.69023550939164
75cm_-10Grad.pickle,Glas,75,13,60000,56936.19100257207,-3063.8089974279283
75cm_-10Grad.pickle,Glas,75,14,40000,41945.477818212625,1945.4778182126247
75cm_-10Grad.pickle,Glas,75,14,50000,49485.58858951186,-514.4114104881373
75cm_-10Grad.pickle,Glas,75,14,60000,56853.75923305992,-3146.240766940078
75cm_-10Grad.pickle,Glas,75,15,40000,41966.509137447516,1966.509137447516
75cm_-10Grad.pickle,Glas,75,15,50000,49516.7847523654,-483.21524763460184
75cm_-10Grad.pickle,Glas,75,15,60000,56979.086446994734,-3020.9135530052663
75cm_-10Grad.pickle,Glas,75,16,40000,41939.445161933705,1939.445161933705
75cm_-10Grad.pickle,Glas,75,16,50000,49451.99924333915,-548.0007566608474
75cm_-10Grad.pickle,Glas,75,16,60000,56879.05541857564,-3120.944581424359
75cm_-10Grad.pickle,Glas,75,17,40000,41942.72230217175,1942.722302171751
75cm_-10Grad.pickle,Glas,75,17,50000,49484.508971125266,-515.4910288747342
75cm_-10Grad.pickle,Glas,75,17,60000,56894.701153967435,-3105.298846032565
75cm_-10Grad.pickle,Glas,75,18,40000,41965.84042391091,1965.8404239109077
75cm_-10Grad.pickle,Glas,75,18,50000,49495.412717804145,-504.58728219585464
75cm_-10Grad.pickle,Glas,75,18,60000,56942.4750072865,-3057.524992713501
75cm_-10Grad.pickle,Glas,75,19,40000,41947.140158153656,1947.1401581536556
75cm_-10Grad.pickle,Glas,75,19,50000,49473.87157537888,-526.1284246211217
75cm_-10Grad.pickle,Glas,75,19,60000,56945.99575945804,-3054.004240541959
75cm_-5Grad.pickle,Glas,75,0,40000,41074.880730055396,1074.8807300553963
75cm_-5Grad.pickle,Glas,75,0,50000,48956.946068401354,-1043.0539315986462
75cm_-5Grad.pickle,Glas,75,0,60000,58098.81919659159,-1901.1808034084097
75cm_-5Grad.pickle,Glas,75,1,40000,41050.16363255675,1050.1636325567524
75cm_-5Grad.pickle,Glas,75,1,50000,48844.87627690527,-1155.12372309473
75cm_-5Grad.pickle,Glas,75,1,60000,58198.33757377993,-1801.6624262200712
75cm_-5Grad.pickle,Glas,75,2,40000,41035.20108395739,1035.2010839573923
75cm_-5Grad.pickle,Glas,75,2,50000,48835.87372149234,-1164.1262785076615
75cm_-5Grad.pickle,Glas,75,2,60000,58191.065198123295,-1808.934801876705
75cm_-5Grad.pickle,Glas,75,3,40000,41024.03422775609,1024.0342277560922
75cm_-5Grad.pickle,Glas,75,3,50000,48794.33741970635,-1205.662580293647
75cm_-5Grad.pickle,Glas,75,3,60000,58163.88163868496,-1836.1183613150424
75cm_-5Grad.pickle,Glas,75,4,40000,41047.49771584256,1047.4977158425609
75cm_-5Grad.pickle,Glas,75,4,50000,48827.13901888922,-1172.8609811107817
75cm_-5Grad.pickle,Glas,75,4,60000,58276.29245943346,-1723.7075405665382
75cm_-5Grad.pickle,Glas,75,5,40000,41048.72129622424,1048.721296224241
75cm_-5Grad.pickle,Glas,75,5,50000,48792.457614767554,-1207.5423852324457
75cm_-5Grad.pickle,Glas,75,5,60000,58220.97436688085,-1779.0256331191486
75cm_-5Grad.pickle,Glas,75,6,40000,41056.30341607484,1056.303416074843
75cm_-5Grad.pickle,Glas,75,6,50000,48866.731240154724,-1133.2687598452758
75cm_-5Grad.pickle,Glas,75,6,60000,58246.45235704303,-1753.547642956968
75cm_-5Grad.pickle,Glas,75,7,40000,41060.70050099583,1060.7005009958302
75cm_-5Grad.pickle,Glas,75,7,50000,48853.96924153171,-1146.0307584682887
75cm_-5Grad.pickle,Glas,75,7,60000,58214.79472286705,-1785.2052771329472
75cm_-5Grad.pickle,Glas,75,8,40000,41071.7737503861,1071.773750386099
75cm_-5Grad.pickle,Glas,75,8,50000,48888.53118434051,-1111.468815659493
75cm_-5Grad.pickle,Glas,75,8,60000,58254.27507799138,-1745.7249220086233
75cm_-5Grad.pickle,Glas,75,9,40000,41090.721797430204,1090.7217974302039
75cm_-5Grad.pickle,Glas,75,9,50000,48916.671072318386,-1083.328927681614
75cm_-5Grad.pickle,Glas,75,9,60000,58189.80250973575,-1810.1974902642469
75cm_-5Grad.pickle,Glas,75,10,40000,41064.463773967575,1064.4637739675745
75cm_-5Grad.pickle,Glas,75,10,50000,48861.748428137624,-1138.2515718623763
75cm_-5Grad.pickle,Glas,75,10,60000,58248.578281599446,-1751.4217184005538
75cm_-5Grad.pickle,Glas,75,11,40000,41081.95567481676,1081.9556748167597
75cm_-5Grad.pickle,Glas,75,11,50000,48952.32950696737,-1047.6704930326305
75cm_-5Grad.pickle,Glas,75,11,60000,58205.06070275997,-1794.939297240031
75cm_-5Grad.pickle,Glas,75,12,40000,41079.26741159708,1079.2674115970804
75cm_-5Grad.pickle,Glas,75,12,50000,48923.84950239745,-1076.1504976025535
75cm_-5Grad.pickle,Glas,75,12,60000,58171.05120284598,-1828.948797154022
75cm_-5Grad.pickle,Glas,75,13,40000,41088.132379422095,1088.1323794220953
75cm_-5Grad.pickle,Glas,75,13,50000,48961.30183058518,-1038.6981694148199
75cm_-5Grad.pickle,Glas,75,13,60000,58203.824025155605,-1796.1759748443947
75cm_-5Grad.pickle,Glas,75,14,40000,41107.99712909787,1107.997129097872
75cm_-5Grad.pickle,Glas,75,14,50000,48979.01812918311,-1020.9818708168896
75cm_-5Grad.pickle,Glas,75,14,60000,58175.68199215696,-1824.3180078430378
75cm_-5Grad.pickle,Glas,75,15,40000,41118.77547698817,1118.7754769881722
75cm_-5Grad.pickle,Glas,75,15,50000,49065.41329778584,-934.586702214161
75cm_-5Grad.pickle,Glas,75,15,60000,58156.672601559665,-1843.327398440335
75cm_-5Grad.pickle,Glas,75,16,40000,41128.17564990008,1128.1756499000767
75cm_-5Grad.pickle,Glas,75,16,50000,49051.2378235892,-948.7621764107971
75cm_-5Grad.pickle,Glas,75,16,60000,58135.14788451854,-1864.852115481459
75cm_-5Grad.pickle,Glas,75,17,40000,41108.12950723255,1108.129507232552
75cm_-5Grad.pickle,Glas,75,17,50000,49109.6921459186,-890.3078540814022
75cm_-5Grad.pickle,Glas,75,17,60000,58169.29986717488,-1830.7001328251208
75cm_-5Grad.pickle,Glas,75,18,40000,41142.13927182405,1142.1392718240531
75cm_-5Grad.pickle,Glas,75,18,50000,49109.77549113013,-890.2245088698692
75cm_-5Grad.pickle,Glas,75,18,60000,58195.81074229333,-1804.1892577066683
75cm_-5Grad.pickle,Glas,75,19,40000,41134.09067496309,1134.0906749630885
75cm_-5Grad.pickle,Glas,75,19,50000,49049.78202863494,-950.2179713650621
75cm_-5Grad.pickle,Glas,75,19,60000,58177.66144706964,-1822.3385529303632
75cm_0Grad.pickle,Glas,75,0,40000,41784.354073124334,1784.3540731243338
75cm_0Grad.pickle,Glas,75,0,50000,49351.86603780707,-648.1339621929292
75cm_0Grad.pickle,Glas,75,0,60000,57556.27521713401,-2443.7247828659893
75cm_0Grad.pickle,Glas,75,1,40000,41809.888248212315,1809.8882482123154
75cm_0Grad.pickle,Glas,75,1,50000,49305.45195275189,-694.5480472481067
75cm_0Grad.pickle,Glas,75,1,60000,57550.96142670011,-2449.038573299891
75cm_0Grad.pickle,Glas,75,2,40000,41783.89083548111,1783.8908354811065
75cm_0Grad.pickle,Glas,75,2,50000,49263.33873603335,-736.6612639666491
75cm_0Grad.pickle,Glas,75,2,60000,57564.73149475299,-2435.2685052470115
75cm_0Grad.pickle,Glas,75,3,40000,41763.863478380306,1763.8634783803063
75cm_0Grad.pickle,Glas,75,3,50000,49262.36402631367,-737.6359736863305
75cm_0Grad.pickle,Glas,75,3,60000,57596.03078188697,-2403.9692181130304
75cm_0Grad.pickle,Glas,75,4,40000,41795.74362218335,1795.7436221833486
75cm_0Grad.pickle,Glas,75,4,50000,49278.34581982628,-721.6541801737185
75cm_0Grad.pickle,Glas,75,4,60000,57516.37196338238,-2483.6280366176215
75cm_0Grad.pickle,Glas,75,5,40000,41795.260883626775,1795.2608836267755
75cm_0Grad.pickle,Glas,75,5,50000,49346.69881548179,-653.3011845182118
75cm_0Grad.pickle,Glas,75,5,60000,57569.49789836273,-2430.5021016372702
75cm_0Grad.pickle,Glas,75,6,40000,41719.37206689248,1719.3720668924798
75cm_0Grad.pickle,Glas,75,6,50000,49219.68777519888,-780.3122248011205
75cm_0Grad.pickle,Glas,75,6,60000,57600.93034184268,-2399.069658157321
75cm_0Grad.pickle,Glas,75,7,40000,41744.66534640963,1744.6653464096307
75cm_0Grad.pickle,Glas,75,7,50000,49200.89971645458,-799.1002835454201
75cm_0Grad.pickle,Glas,75,7,60000,57548.85930887592,-2451.1406911240774
75cm_0Grad.pickle,Glas,75,8,40000,41733.548952467965,1733.5489524679651
75cm_0Grad.pickle,Glas,75,8,50000,49237.310320311386,-762.689679688614
75cm_0Grad.pickle,Glas,75,8,60000,57546.29883454272,-2453.701165457278
75cm_0Grad.pickle,Glas,75,9,40000,41745.71384591181,1745.7138459118069
75cm_0Grad.pickle,Glas,75,9,50000,49298.271988290966,-701.728011709034
75cm_0Grad.pickle,Glas,75,9,60000,57624.59114933427,-2375.408850665728
75cm_0Grad.pickle,Glas,75,10,40000,41845.96929761787,1845.9692976178703
75cm_0Grad.pickle,Glas,75,10,50000,49372.10871272534,-627.8912872746587
75cm_0Grad.pickle,Glas,75,10,60000,57677.840199849925,-2322.159800150075
75cm_0Grad.pickle,Glas,75,11,40000,41798.1766512837,1798.1766512836984
75cm_0Grad.pickle,Glas,75,11,50000,49319.019293415804,-680.980706584196
75cm_0Grad.pickle,Glas,75,11,60000,57640.611125391704,-2359.3888746082957
75cm_0Grad.pickle,Glas,75,12,40000,41827.363184292924,1827.3631842929244
75cm_0Grad.pickle,Glas,75,12,50000,49404.58077823604,-595.4192217639575
75cm_0Grad.pickle,Glas,75,12,60000,57644.2372756221,-2355.762724377899
75cm_0Grad.pickle,Glas,75,13,40000,41808.575068990336,1808.5750689903361
75cm_0Grad.pickle,Glas,75,13,50000,49338.540243320655,-661.4597566793454
75cm_0Grad.pickle,Glas,75,13,60000,57518.55267830795,-2481.4473216920524
75cm_0Grad.pickle,Glas,75,14,40000,41877.81951076705,1877.8195107670472
75cm_0Grad.pickle,Glas,75,14,50000,49393.94066934385,-606.0593306561495
75cm_0Grad.pickle,Glas,75,14,60000,57536.7953824373,-2463.2046175626965
75cm_0Grad.pickle,Glas,75,15,40000,41856.728694873214,1856.7286948732144
75cm_0Grad.pickle,Glas,75,15,50000,49388.54283527749,-611.4571647225093
75cm_0Grad.pickle,Glas,75,15,60000,57458.09379703324,-2541.906202966762
75cm_0Grad.pickle,Glas,75,16,40000,41864.9198516843,1864.9198516843026
75cm_0Grad.pickle,Glas,75,16,50000,49396.119887694775,-603.8801123052253
75cm_0Grad.pickle,Glas,75,16,60000,57490.602505956944,-2509.397494043056
75cm_0Grad.pickle,Glas,75,17,40000,41862.44733981136,1862.4473398113623
75cm_0Grad.pickle,Glas,75,17,50000,49380.86500063179,-619.1349993682088
75cm_0Grad.pickle,Glas,75,17,60000,57564.54868702094,-2435.4513129790575
75cm_0Grad.pickle,Glas,75,18,40000,41863.88748364219,1863.8874836421892
75cm_0Grad.pickle,Glas,75,18,50000,49375.378882089295,-624.6211179107049
75cm_0Grad.pickle,Glas,75,18,60000,57503.37198725901,-2496.628012740992
75cm_0Grad.pickle,Glas,75,19,40000,41860.36093159807,1860.360931598072
75cm_0Grad.pickle,Glas,75,19,50000,49392.83369817739,-607.16630182261
75cm_0Grad.pickle,Glas,75,19,60000,57585.46751378773,-2414.5324862122725
75cm_10Grad.pickle,Glas,75,0,40000,41004.26856993452,1004.2685699345166
75cm_10Grad.pickle,Glas,75,0,50000,49618.32041951276,-381.6795804872381
75cm_10Grad.pickle,Glas,75,0,60000,58813.86480525129,-1186.1351947487128
75cm_10Grad.pickle,Glas,75,1,40000,41006.76584577074,1006.7658457707366
75cm_10Grad.pickle,Glas,75,1,50000,49678.56889135905,-321.4311086409507
75cm_10Grad.pickle,Glas,75,1,60000,58890.14823460241,-1109.8517653975869
75cm_10Grad.pickle,Glas,75,2,40000,41030.596233646924,1030.5962336469238
75cm_10Grad.pickle,Glas,75,2,50000,49888.92913935856,-111.07086064144096
75cm_10Grad.pickle,Glas,75,2,60000,58714.79563847457,-1285.2043615254297
75cm_10Grad.pickle,Glas,75,3,40000,41104.41790839019,1104.4179083901909
75cm_10Grad.pickle,Glas,75,3,50000,49800.76940535408,-199.23059464591643
75cm_10Grad.pickle,Glas,75,3,60000,58855.53608320382,-1144.4639167961795
75cm_10Grad.pickle,Glas,75,4,40000,41128.355743048356,1128.355743048356
75cm_10Grad.pickle,Glas,75,4,50000,50069.280780409106,69.28078040910623
75cm_10Grad.pickle,Glas,75,4,60000,58790.57790504947,-1209.4220949505325
75cm_10Grad.pickle,Glas,75,5,40000,41039.7990020736,1039.7990020736033
75cm_10Grad.pickle,Glas,75,5,50000,49761.72429008519,-238.27570991480752
75cm_10Grad.pickle,Glas,75,5,60000,58787.457249304905,-1212.5427506950946
75cm_10Grad.pickle,Glas,75,6,40000,41021.619886616674,1021.6198866166742
75cm_10Grad.pickle,Glas,75,6,50000,49841.48295788313,-158.5170421168732
75cm_10Grad.pickle,Glas,75,6,60000,58868.69990754572,-1131.3000924542794
75cm_10Grad.pickle,Glas,75,7,40000,41049.1257302716,1049.1257302715967
75cm_10Grad.pickle,Glas,75,7,50000,49878.6554738809,-121.34452611910092
75cm_10Grad.pickle,Glas,75,7,60000,58895.74668599093,-1104.2533140090673
75cm_10Grad.pickle,Glas,75,8,40000,41080.57503700869,1080.5750370086898
75cm_10Grad.pickle,Glas,75,8,50000,50070.675641519985,70.67564151998522
75cm_10Grad.pickle,Glas,75,8,60000,58782.96206119483,-1217.0379388051733
75cm_10Grad.pickle,Glas,75,9,40000,41005.71928039925,1005.7192803992511
75cm_10Grad.pickle,Glas,75,9,50000,50107.8147682503,107.81476825029677
75cm_10Grad.pickle,Glas,75,9,60000,58851.592171654214,-1148.4078283457857
75cm_10Grad.pickle,Glas,75,10,40000,41013.790984183484,1013.7909841834844
75cm_10Grad.pickle,Glas,75,10,50000,49857.26893406544,-142.73106593456032
75cm_10Grad.pickle,Glas,75,10,60000,58799.04954683988,-1200.9504531601197
75cm_10Grad.pickle,Glas,75,11,40000,41052.0065030328,1052.006503032797
75cm_10Grad.pickle,Glas,75,11,50000,49969.5571298823,-30.442870117702114
75cm_10Grad.pickle,Glas,75,11,60000,58905.22275981538,-1094.7772401846232
75cm_10Grad.pickle,Glas,75,12,40000,40993.154707345086,993.1547073450856
75cm_10Grad.pickle,Glas,75,12,50000,50040.10448076937,40.10448076936882
75cm_10Grad.pickle,Glas,75,12,60000,58868.71149145329,-1131.2885085467133
75cm_10Grad.pickle,Glas,75,13,40000,41003.17910961955,1003.179109619552
75cm_10Grad.pickle,Glas,75,13,50000,49961.42332365686,-38.57667634313839
75cm_10Grad.pickle,Glas,75,13,60000,58862.96896342205,-1137.0310365779515
75cm_10Grad.pickle,Glas,75,14,40000,41102.51369709656,1102.5136970965614
75cm_10Grad.pickle,Glas,75,14,50000,50130.520419109605,130.52041910960543
75cm_10Grad.pickle,Glas,75,14,60000,58808.800839530195,-1191.199160469805
75cm_10Grad.pickle,Glas,75,15,40000,41053.918166945885,1053.9181669458849
75cm_10Grad.pickle,Glas,75,15,50000,49883.65849914489,-116.34150085510919
75cm_10Grad.pickle,Glas,75,15,60000,58851.27806222059,-1148.72193777941
75cm_10Grad.pickle,Glas,75,16,40000,41022.98139394068,1022.9813939406813
75cm_10Grad.pickle,Glas,75,16,50000,50290.550577093345,290.55057709334505
75cm_10Grad.pickle,Glas,75,16,60000,58849.35477389594,-1150.6452261040613
75cm_10Grad.pickle,Glas,75,17,40000,41098.8919402131,1098.8919402130996
75cm_10Grad.pickle,Glas,75,17,50000,50157.90206050825,157.9020605082478
75cm_10Grad.pickle,Glas,75,17,60000,58845.32901457284,-1154.6709854271612
75cm_10Grad.pickle,Glas,75,18,40000,41060.56371684281,1060.5637168428075
75cm_10Grad.pickle,Glas,75,18,50000,50272.081795346305,272.0817953463047
75cm_10Grad.pickle,Glas,75,18,60000,58819.101421076906,-1180.8985789230937
75cm_10Grad.pickle,Glas,75,19,40000,41064.1806547423,1064.1806547422966
75cm_10Grad.pickle,Glas,75,19,50000,50193.96644768844,193.9664476884427
75cm_10Grad.pickle,Glas,75,19,60000,58852.70556542865,-1147.2944345713477
75cm_5Grad.pickle,Glas,75,0,40000,41137.60094598327,1137.6009459832712
75cm_5Grad.pickle,Glas,75,0,50000,48394.14139724857,-1605.858602751432
75cm_5Grad.pickle,Glas,75,0,60000,57922.201654148404,-2077.7983458515955
75cm_5Grad.pickle,Glas,75,1,40000,41074.52857375369,1074.5285737536906
75cm_5Grad.pickle,Glas,75,1,50000,48458.36161926803,-1541.6383807319726
75cm_5Grad.pickle,Glas,75,1,60000,58048.0451082797,-1951.9548917202992
75cm_5Grad.pickle,Glas,75,2,40000,41065.44987387092,1065.4498738709226
75cm_5Grad.pickle,Glas,75,2,50000,48407.035467763024,-1592.964532236976
75cm_5Grad.pickle,Glas,75,2,60000,57892.74946470779,-2107.250535292209
75cm_5Grad.pickle,Glas,75,3,40000,41073.60467685099,1073.6046768509914
75cm_5Grad.pickle,Glas,75,3,50000,48313.91934373282,-1686.0806562671787
75cm_5Grad.pickle,Glas,75,3,60000,57672.574154743044,-2327.4258452569557
75cm_5Grad.pickle,Glas,75,4,40000,41114.008395546,1114.0083955459995
75cm_5Grad.pickle,Glas,75,4,50000,48354.693640227466,-1645.306359772534
75cm_5Grad.pickle,Glas,75,4,60000,57639.672928172164,-2360.3270718278363
75cm_5Grad.pickle,Glas,75,5,40000,41083.66176981674,1083.6617698167393
75cm_5Grad.pickle,Glas,75,5,50000,48333.299717603644,-1666.7002823963558
75cm_5Grad.pickle,Glas,75,5,60000,57694.342187080336,-2305.657812919664
75cm_5Grad.pickle,Glas,75,6,40000,41120.344296239404,1120.3442962394038
75cm_5Grad.pickle,Glas,75,6,50000,48540.049435554996,-1459.9505644450037
75cm_5Grad.pickle,Glas,75,6,60000,57772.569565791375,-2227.4304342086252
75cm_5Grad.pickle,Glas,75,7,40000,41151.628650317645,1151.6286503176452
75cm_5Grad.pickle,Glas,75,7,50000,48428.834820685865,-1571.1651793141355
75cm_5Grad.pickle,Glas,75,7,60000,57547.91905431385,-2452.0809456861534
75cm_5Grad.pickle,Glas,75,8,40000,41078.61724774138,1078.6172477413784
75cm_5Grad.pickle,Glas,75,8,50000,48494.52457845415,-1505.4754215458524
75cm_5Grad.pickle,Glas,75,8,60000,57834.678696154966,-2165.321303845034
75cm_5Grad.pickle,Glas,75,9,40000,41114.157878288424,1114.1578782884244
75cm_5Grad.pickle,Glas,75,9,50000,48450.30119953773,-1549.698800462269
75cm_5Grad.pickle,Glas,75,9,60000,57628.75366737482,-2371.246332625182
75cm_5Grad.pickle,Glas,75,10,40000,41093.356810876256,1093.3568108762556
75cm_5Grad.pickle,Glas,75,10,50000,48606.611103628326,-1393.3888963716745
75cm_5Grad.pickle,Glas,75,10,60000,58040.0984712217,-1959.9015287782968
75cm_5Grad.pickle,Glas,75,11,40000,41118.87703760583,1118.877037605831
75cm_5Grad.pickle,Glas,75,11,50000,48606.40440031468,-1393.5955996853227
75cm_5Grad.pickle,Glas,75,11,60000,57836.041342271674,-2163.958657728326
75cm_5Grad.pickle,Glas,75,12,40000,41129.54970304711,1129.5497030471088
75cm_5Grad.pickle,Glas,75,12,50000,48879.2327467737,-1120.7672532263023
75cm_5Grad.pickle,Glas,75,12,60000,58007.703881639565,-1992.2961183604348
75cm_5Grad.pickle,Glas,75,13,40000,41238.591434822585,1238.5914348225851
75cm_5Grad.pickle,Glas,75,13,50000,49114.33214248661,-885.6678575133919
75cm_5Grad.pickle,Glas,75,13,60000,57886.9232480738,-2113.076751926201
75cm_5Grad.pickle,Glas,75,14,40000,41094.94808654138,1094.9480865413789
75cm_5Grad.pickle,Glas,75,14,50000,49028.167592856276,-971.8324071437237
75cm_5Grad.pickle,Glas,75,14,60000,58209.361107252575,-1790.6388927474254
75cm_5Grad.pickle,Glas,75,15,40000,41090.58979687754,1090.589796877539
75cm_5Grad.pickle,Glas,75,15,50000,48830.9517847671,-1169.0482152328987
75cm_5Grad.pickle,Glas,75,15,60000,58178.14748678493,-1821.852513215068
75cm_5Grad.pickle,Glas,75,16,40000,41116.07103778443,1116.0710377844298
75cm_5Grad.pickle,Glas,75,16,50000,48927.09748398124,-1072.9025160187593
75cm_5Grad.pickle,Glas,75,16,60000,58143.868745604894,-1856.1312543951062
75cm_5Grad.pickle,Glas,75,17,40000,41099.92518519364,1099.9251851936424
75cm_5Grad.pickle,Glas,75,17,50000,48843.67944955764,-1156.3205504423604
75cm_5Grad.pickle,Glas,75,17,60000,58118.3340429887,-1881.665957011297
75cm_5Grad.pickle,Glas,75,18,40000,41190.228240040655,1190.2282400406548
75cm_5Grad.pickle,Glas,75,18,50000,48775.02126103247,-1224.978738967533
75cm_5Grad.pickle,Glas,75,18,60000,57738.68307387743,-2261.3169261225703
75cm_5Grad.pickle,Glas,75,19,40000,41140.82051764374,1140.8205176437405
75cm_5Grad.pickle,Glas,75,19,50000,48601.556247070184,-1398.4437529298157
75cm_5Grad.pickle,Glas,75,19,60000,57719.43926990409,-2280.560730095909
