target_band_hz,cfg_id,order,bw_hz,roi_rms_mean,roi_rms_std,envelope_peak_mean,envelope_peak_std,envelope_median_mean,envelope_median_std,envelope_peak_prominence_ratio_mean,envelope_peak_prominence_ratio_std,envelope_peak_to_second_ratio_mean,envelope_peak_to_second_ratio_std,peak_count_over_35pct_mean,peak_count_over_35pct_std,false_peak_penalty_mean,false_peak_penalty_std,detectability_score_mean,detectability_score_std,peak_index_mean,peak_index_std,peak_time_us_mean,peak_time_us_std,target_energy_mean,target_energy_std,off_energy_mean,off_energy_std,main_off_ratio_mean,main_off_ratio_std,main_off_ratio_db_mean,main_off_ratio_db_std,main_peak_power_mean,main_peak_power_std,secondary_peak_power_mean,secondary_peak_power_std,main_secondary_peak_ratio_mean,main_secondary_peak_ratio_std,main_secondary_peak_ratio_db_mean,main_secondary_peak_ratio_db_std,dominant_freq_hz_mean,dominant_freq_hz_std,dominant_freq_error_hz_mean,dominant_freq_error_hz_std,energy_40k_mean,energy_40k_std,energy_50k_mean,energy_50k_std,energy_60k_mean,energy_60k_std,n_samples
40000.0,iir_o5_bw7000,5,7000.0,50.92332066203413,50.72367658529383,109.09830457089647,103.65578552709603,64.10099970244153,69.51886668758013,1.8121069770103753,0.5145108206101362,1.0213997304171938,0.06902712548070182,33.76111111111111,29.89672426309549,32.76111111111111,29.896724263095493,-3.1385876301913185,2.9950761641734918,213.71666666666667,148.98431828542252,106.85833333333333,74.49215914271127,168672948.61441383,373801194.2276632,278901.77908826276,402314.8831432915,1489.9944059806003,4867.262094933144,24.854873320756486,8.04640413466809,168672948.61441383,373801194.2276632,278818.99513150856,402212.9074726214,1586.9947075383443,5509.895666409138,49.738521119232814,16.157280062144004,41269.84126984127,0.0,1269.8412698412722,0.0,168672948.61441383,373801194.2276632,278818.99513150856,402212.9074726214,82.78395675420938,201.2000998953259,180
40000.0,iir_o6_bw7000,6,7000.0,51.02824954879883,50.795642373755726,109.28860457691275,103.77920591350058,64.3078079822773,69.60229669727126,1.8087936429006075,0.5175991548611741,1.020881418639331,0.06722273243920304,33.84444444444444,29.430691657205024,32.84444444444444,29.430691657205024,-3.147523331086723,2.9489276860996227,205.45555555555555,147.36873989991778,102.72777777777777,73.68436994995889,168757210.22837386,373993623.09857446,218477.52047486635,327699.13853020495,1472.5340385103573,4385.131047965367,26.135826952008166,7.715112768223907,168757210.22837386,373993623.09857446,218393.62710042004,327571.09538689983,1487.762282699207,4507.331295820714,52.28376404377418,15.445308899508202,41269.84126984127,0.0,1269.8412698412722,0.0,168757210.22837386,373993623.09857446,218393.62710042004,327571.09538689983,83.89337444633021,205.53682864299068,180
40000.0,iir_o8_bw7000,8,7000.0,51.15163483040732,50.87866558482031,109.50287925301797,103.8050704771858,64.54246392306592,69.68918845516136,1.8065218351009376,0.5217315673100025,1.0205895396467337,0.06456544709628191,33.955555555555556,29.672669030593298,32.955555555555556,29.672669030593298,-3.159077744515933,2.972900458744024,200.12777777777777,147.38013899211734,100.06388888888888,73.69006949605867,168824982.2364754,374151545.5967703,161917.72199430762,263286.1887454904,3432.9487512913415,14259.166105154623,28.140753611759347,7.836525014434869,168824982.2364754,374151545.5967703,161830.76417057196,263120.57197260746,3556.130645514798,15345.670794526277,56.30395374918927,15.708201662949993,41269.84126984127,0.0,1269.8412698412722,0.0,168824982.2364754,374151545.5967703,161830.76417057196,263120.57197260746,86.95782373565065,213.62237590412937,180
40000.0,iir_o7_bw7000,7,7000.0,51.10024012233637,50.84431134581755,109.41858802472731,103.814999291404,64.44260134791999,69.65520581441419,1.8074387559967382,0.5204902352020927,1.0206842233442057,0.06574421069150782,33.98888888888889,29.676465646765866,32.98888888888889,29.676465646765866,-3.162244315419507,2.9729534714246024,205.15555555555557,147.7398370994434,102.57777777777778,73.8699185497217,168799823.95646673,374092843.63084793,183658.0298263177,287309.24595281895,2159.548091903184,7098.780540889414,27.231439020768388,7.70550124932716,168799823.95646673,374092843.63084793,183572.60426180132,287159.6737394766,2192.909740523568,7331.785491221068,54.477726526011274,15.430397357085695,41269.84126984127,0.0,1269.8412698412722,0.0,168799823.95646673,374092843.63084793,183572.60426180132,287159.6737394766,85.42556451640066,209.7773151445262,180
40000.0,iir_o4_bw7000,4,7000.0,50.763908210934154,50.61029555442832,108.7977865759432,103.37377730413023,63.813404745701156,69.41092451354463,1.8181234598894447,0.5103538420714909,1.0220309218131554,0.07113321005851478,35.25555555555555,30.63738582686451,34.25555555555555,30.63738582686451,-3.2870189981076363,3.069784782926629,213.16666666666666,145.29140435266964,106.58333333333333,72.64570217633482,168470009.07863474,373350465.4948179,394240.62212618464,553559.9621440757,589.1008151772595,976.6319626693652,22.865109932547078,7.708815691515845,168470009.07863474,373350465.4948179,394147.85852286627,553467.3545944523,591.0980888777601,984.5885710677647,45.73621023916971,15.424366357516366,41269.84126984127,0.0,1269.8412698412722,0.0,168470009.07863474,373350465.4948179,394147.85852286627,553467.3545944523,92.76360331844522,210.40234249020722,180
40000.0,iir_o4_bw6500,4,6500.0,50.007241727132055,50.14459635809308,106.1989184589465,102.22625169408325,63.410316044991205,68.44676200554842,1.7809893151605602,0.5023099550978586,1.0241578940493343,0.07803968944204472,35.83888888888889,30.402360223154115,34.83888888888889,30.402360223154115,-3.349931064112139,3.045292796185183,214.87777777777777,149.41908576405112,107.43888888888888,74.70954288202557,168153619.20838162,372615683.1453118,196415.38881068528,282142.5555773689,4873.474288604425,26567.186486669412,26.463557351229003,8.436511001072937,168153619.20838162,372615683.1453118,196338.75103577052,282048.6762239981,7183.873515977579,43112.84858163014,53.02022718828594,17.151763443152596,41269.84126984127,0.0,1269.8412698412722,0.0,168153619.20838162,372615683.1453118,196337.8769220654,282049.28772254515,77.51188861991241,183.6497634593314,180
40000.0,iir_o3_bw7000,3,7000.0,50.502082198701544,50.405603136609976,108.34771498378177,102.77001768932456,63.5260256122899,69.30852240695924,1.8269230392948432,0.49907330464331906,1.0225900997604425,0.07293656087894893,35.93888888888889,31.817946499246716,34.93888888888889,31.817946499246716,-3.3538265538250944,3.1871933583103322,209.51111111111112,141.4340554980464,104.75555555555556,70.7170277490232,167856778.9300656,372023729.5303222,636694.1882608534,882197.2863863386,470.99106607914274,1516.6058884365927,20.55755260314472,7.7769951125180885,167856778.9300656,372023729.5303222,636224.1938749047,881733.9261789364,512.6064212955844,1827.9855798831716,41.15277773959732,15.631018674304402,41269.84126984127,0.0,1269.8412698412722,0.0,167856778.9300656,372023729.5303222,636224.1938749047,881733.9261789364,469.9943859487482,802.1425815603229,180
40000.0,iir_o5_bw6500,5,6500.0,50.138043729320685,50.22653020923828,106.48711660990949,102.57525485445103,63.547214257556554,68.44934350044356,1.7786727548580838,0.5110745232764901,1.024076861292906,0.07762139657941136,36.022222222222226,30.489664070728487,35.022222222222226,30.489664070728487,-3.3688359621472848,3.0545258674283766,214.37777777777777,150.61353688244907,107.18888888888888,75.30676844122453,168417803.49352077,373187720.89388496,126833.35899280709,194831.4034250717,2699.2877455861553,7170.676960874753,28.66697027149206,7.856936554193554,168417803.49352077,373187720.89388496,126759.17829022862,194715.1706248442,2743.812072598571,7456.869037100686,57.356039565576836,15.74222352350491,41269.84126984127,0.0,1269.8412698412722,0.0,168417803.49352077,373187720.89388496,126759.17829022862,194715.1706248442,74.18070257845453,180.03846688890738,180
40000.0,iir_o6_bw6500,6,6500.0,50.223229497980746,50.27541377397414,106.66860217771921,102.77382426795766,63.63976510887986,68.45937563053633,1.7779332697200578,0.5182048389781992,1.024007762020256,0.07731398570296584,36.266666666666666,30.552381980669477,35.266666666666666,30.552381980669477,-3.393593481778529,3.0612749407021864,209.28333333333333,147.92630941370695,104.64166666666667,73.96315470685347,168529463.83276504,373433689.67583865,93523.61615640165,155596.0529520222,5273.764718898513,18745.75607488032,30.520933307279154,7.907214909121163,168529463.83276504,373433689.67583865,93449.03679416222,155458.44026790222,5492.605184682108,20470.99714062562,61.07603533583774,15.864526081044211,41269.84126984127,0.0,1269.8412698412722,0.0,168529463.83276504,373433689.67583865,93449.03679416222,155458.44026790222,74.57936223943604,181.67572170498133,180
40000.0,iir_o2_bw7000,2,7000.0,49.95747067928594,49.89414510227799,107.59245689374275,101.34982397078848,63.174695325853804,69.26905269212054,1.845050590143126,0.49078564898462906,1.0229002186753384,0.07419571072267454,36.53333333333333,32.215995888090326,35.53333333333333,32.215995888090326,-3.410637735737351,3.2266911964994636,200.5222222222222,134.04374569668397,100.2611111111111,67.02187284834199,165453037.07762975,366930208.4531263,1190224.437226371,1629137.5506978761,168.82048332422647,290.32961481965066,17.59765079733082,7.523900020579638,165453037.07762975,366930208.4531263,1177768.9415292118,1617642.42913763,183.35715908731936,343.4853237166897,35.38353326838562,15.192854345734315,41269.84126984127,0.0,1269.8412698412722,0.0,165453037.07762975,366930208.4531263,1177488.503691986,1617844.9656558358,12735.933534385227,19694.897420811252,180
40000.0,iir_o7_bw6500,7,6500.0,50.28018908802914,50.307643632449,106.78063581267413,102.8921351830732,63.70780732533501,68.46043191613262,1.7770465407940852,0.5227759083481465,1.0239491642924148,0.07717890481232426,36.55555555555556,30.857072244638886,35.55555555555556,30.857072244638886,-3.42274766903385,3.091971901564497,209.04444444444445,148.00048400276518,104.52222222222223,74.00024200138259,168585651.6527102,373560445.9676637,75454.00097420791,134860.57835179276,9114.842509853797,32930.862890087585,31.924812614312582,8.045518080697017,168585651.6527102,373560445.9676637,75378.93718891901,134709.73871979667,9861.479493177754,37728.256204551326,63.90646100289696,16.18971636843802,41269.84126984127,0.0,1269.8412698412722,0.0,168585651.6527102,373560445.9676637,75378.93718891901,134709.73871979667,75.06378528891258,183.25400538022362,180
40000.0,iir_o8_bw6500,8,6500.0,50.3179163631734,50.32952805527327,106.84439483425112,102.96535386512647,63.77239618193114,68.47582700173933,1.7759601786709296,0.525110560496284,1.0239510136633387,0.07724979164662078,37.022222222222226,31.037183602638002,36.022222222222226,31.037183602638002,-3.4696415309221997,3.110347879186969,209.0222222222222,147.92157651777308,104.5111111111111,73.96078825888654,168618243.61846972,373635661.6270725,64622.86750377811,122295.53004272564,8489.066565295787,25092.211733394,32.793056286148314,7.879688605169379,168618243.61846972,373635661.6270725,64547.38640432031,122136.81681274435,8885.622898433374,27331.694590765692,65.6343233290397,15.825644126016085,41269.84126984127,0.0,1269.8412698412722,0.0,168618243.61846972,373635661.6270725,64547.38640432031,122136.81681274435,75.48109945779584,184.55154122154738,180
40000.0,iir_o3_bw6500,3,6500.0,49.784159173188534,49.973766291355986,105.78030054502773,101.56721925039322,63.19742794973389,68.4383560675227,1.786740428705894,0.4896367315505543,1.0242841406337704,0.078535951475603,37.46666666666667,31.75401263518919,36.46666666666667,31.75401263518919,-3.5115757191997545,3.1802304042943024,213.72222222222223,144.88932611427856,106.86111111111111,72.44466305713928,167390069.82811594,370982084.23071307,363229.24889889196,504507.97262720874,667.3283141734053,1495.919128152191,23.07327837072145,7.712202171101854,167390069.82811594,370982084.23071307,362987.9767466495,504260.6809140423,680.8066257327554,1583.6028884700183,46.16492262540207,15.449053447522076,41269.84126984127,0.0,1269.8412698412722,0.0,167390069.82811594,370982084.23071307,362987.9767466495,504260.6809140423,241.2721522424564,435.5520084110547,180
40000.0,iir_o2_bw6500,2,6500.0,49.27135305795578,49.463024333837794,105.10972916940811,100.14962349686539,62.70963834547092,68.32042166065662,1.8088385741745552,0.4837556885369155,1.0242151196344056,0.0783524714850614,37.977777777777774,33.14079589533177,36.977777777777774,33.14079589533177,-3.5595310930373176,3.3188446084269114,204.05,135.76698222943295,102.025,67.88349111471648,164598724.09525058,365081581.6486011,814417.7086343464,1114918.0811065112,251.8832419208852,451.8939425695271,19.24985581647238,7.605344254449162,164598724.09525058,365081581.6486011,807252.295265099,1108162.2887048193,271.1364981622071,533.3428450543911,38.65234594278138,15.326810376633906,41269.84126984127,0.0,1269.8412698412722,0.0,164598724.09525058,365081581.6486011,807057.7698910327,1108303.2625360542,7359.938743313548,11423.440056628702,180
40000.0,iir_o2_bw6000,2,6000.0,48.52315638787385,48.97499010386625,102.44469852126323,98.8347154674323,62.349393307424016,67.39423191348699,1.7685606902816056,0.4848656784413503,1.0256262595365193,0.08291921199143686,39.361111111111114,33.69494497983769,38.361111111111114,33.69494497983769,-3.703110016070328,3.37174411197467,205.4111111111111,135.79469341080699,102.70555555555555,67.89734670540349,163430739.68970138,362562849.79764265,525398.2614360471,719038.8804972719,401.8979353857469,773.348751197,21.162899371141105,7.709643210795425,163430739.68970138,362562849.79764265,521468.818575284,715245.4628351452,427.7100860103575,896.1595612960613,42.4484149260703,15.50658160661199,41269.84126984127,0.0,1269.8412698412722,0.0,163430739.68970138,362562849.79764265,521347.34281001665,715333.7691554772,4050.918626030506,6325.8727753844105,180
40000.0,iir_o4_bw6000,4,6000.0,49.19500239955098,49.6675883305337,103.42556196780349,101.26793058798803,62.87273118084037,66.87501911264309,1.7412175931584728,0.4998620888086564,1.0255570017940774,0.08229088443508356,39.32222222222222,32.66225600140289,38.32222222222222,32.66225600140289,-3.7035439144265974,3.270301126068189,213.66666666666666,148.99720667772718,106.83333333333333,74.49860333886359,167699428.30886418,371575279.4710379,89543.41636299116,136169.87473840977,4159.539057134865,9360.081245007113,30.179548145881856,8.115821713435471,167699428.30886418,371575279.4710379,89475.87921952877,136070.91305517493,4302.814732284899,9915.62964804952,60.40042610683023,16.29468018486231,41269.84126984127,0.0,1269.8412698412722,0.0,167699428.30886418,371575279.4710379,89475.87921952877,136070.91305517493,67.53714346238864,161.76930546895184,180
40000.0,iir_o3_bw6000,3,6000.0,49.01741660017168,49.517243549214605,103.06422989100987,100.42310271420968,62.754929092593095,67.17860959106473,1.7487718626144622,0.49379627282366395,1.0254890101378369,0.0824158308917358,39.36666666666667,32.86979561371125,38.36666666666667,32.86979561371125,-3.706692386070695,3.2906588358582627,211.9611111111111,144.9124321938775,105.98055555555555,72.45621609693875,166722174.60750297,369507788.4631755,190758.6637252766,267509.0697501247,1242.6491672436189,2126.2383590219965,26.0674519511666,7.796588184680353,166722174.60750297,369507788.4631755,190624.26463153245,267362.97986870294,1252.029121583838,2166.539743970396,52.1499857405925,15.606663661546666,41269.84126984127,0.0,1269.8412698412722,0.0,166722174.60750297,369507788.4631755,190624.26463153245,267362.97986870294,134.3990937441246,267.59717211599957,180
40000.0,iir_o5_bw6000,5,6000.0,49.28663942398084,49.72032767750573,103.69064934693735,101.80084010355012,62.92691308780544,66.64179171086585,1.7372008404668922,0.4985735604908377,1.025639687198347,0.08251384661393621,40.13333333333333,33.480153380638214,39.13333333333333,33.480153380638214,-3.7852739840494576,3.3522754058541615,213.43333333333334,149.56215800176616,106.71666666666667,74.78107900088308,168055391.5192497,372322065.9688542,53228.74238398552,91895.14306079768,8113.203280379963,22285.629893521917,33.08416195632999,7.94082051852092,168055391.5192497,372322065.9688542,53163.12951151237,91775.5372113655,8453.242182151016,24342.606998226773,66.22185861328205,15.9502768686222,41269.84126984127,0.0,1269.8412698412722,0.0,168055391.5192497,372322065.9688542,53163.12951151237,91775.5372113655,65.61287247314576,157.5407794705789,180
40000.0,iir_o6_bw6000,6,6000.0,49.346975886121506,49.74479103322877,103.89126757073777,102.15095862469556,62.9481775612978,66.46267568927342,1.7354112426238903,0.497600150382422,1.0257453454278147,0.08285050177590461,40.483333333333334,33.77604106050132,39.483333333333334,33.77604106050132,-3.8205548392982096,3.3825220911171017,211.62222222222223,149.7413843430675,105.81111111111112,74.87069217153375,168208055.63932255,372638350.4457941,37515.31238773654,72560.20856270198,12074.506115739841,28964.89308020609,35.1152928127815,7.761895170618432,168208055.63932255,372638350.4457941,37450.37216372515,72430.10169229133,12589.728978857964,31334.86806569776,70.2970613602884,15.598823954584649,41269.84126984127,0.0,1269.8412698412722,0.0,168208055.63932255,372638350.4457941,37450.37216372515,72430.10169229133,64.9402240113893,156.08932616755246,180
40000.0,iir_o3_bw5500,3,5500.0,48.233073991389595,49.04749877976326,100.3728035146494,99.68116265799728,62.56630363904988,66.19074186838125,1.706144954892023,0.5001503566400215,1.026250784916437,0.08470012258084877,40.69444444444444,34.61602580751282,39.69444444444444,34.61602580751282,-3.845561481407247,3.462003256573349,214.04444444444445,144.0786106899593,107.02222222222223,72.03930534497965,165731495.67921767,367353920.1855,92127.80136394549,132881.2724042861,3198.7470931645485,5905.858201639906,29.600731059440342,8.101316888809544,165731495.67921767,367353920.1855,92041.56204513906,132776.41409441142,3257.1327037468204,6130.135654959614,59.230612510581096,16.236857074710013,41269.84126984127,0.0,1269.8412698412722,0.0,165731495.67921767,367353920.1855,92041.56204513906,132776.41409441142,86.23931880642593,191.51296508049583,180
40000.0,iir_o8_bw6000,8,6000.0,49.42778681390927,49.772435347957384,104.19711563865233,102.6035043049907,62.97734543932725,66.23451330175696,1.734152497868409,0.4955842464180861,1.0259281100831694,0.08346785070862088,40.80555555555556,34.20299199925069,39.80555555555556,34.20299199925069,-3.852982844144127,3.4251928840897956,211.10555555555555,149.22411989283168,105.55277777777778,74.61205994641584,168325517.28196183,372883687.6123691,24935.426691778946,55154.98524076906,21871.10337442048,63186.260473182985,37.480883243880854,7.755428163568166,168325517.28196183,372883687.6123691,24871.441947707222,55019.192902898576,23984.34276096914,75880.38279655081,75.05821185797488,15.625775082145084,41269.84126984127,0.0,1269.8412698412722,0.0,168325517.28196183,372883687.6123691,24871.441947707222,55019.192902898576,63.98474407172254,154.09159865016517,180
40000.0,iir_o7_bw6000,7,6000.0,49.39193914768109,49.760140437016595,104.05631773347301,102.40524939215017,62.97299972324762,66.33210548132695,1.7340799671093332,0.49541205414948253,1.0258409355795044,0.08318349584270535,40.86666666666667,34.15580469573815,39.86666666666667,34.15580469573815,-3.8590690352197443,3.420356881187938,211.36111111111111,149.3124938696497,105.68055555555556,74.65624693482485,168283498.4675567,372794428.85554385,29526.42703130905,61909.23786591399,19650.361686042863,62807.42665509684,36.53917611010154,7.801047147702868,168283498.4675567,372794428.85554385,29462.014637012526,61774.980865341175,21753.92172878753,75655.36463177609,73.16906768716588,15.724258694426672,41269.84126984127,0.0,1269.8412698412722,0.0,168283498.4675567,372794428.85554385,29462.014637012526,61774.980865341175,64.41239429652683,154.99340355040587,180
40000.0,iir_o2_bw5500,2,5500.0,47.70880914170471,48.41225014402398,99.59137549996902,97.41218738384158,61.98219281025262,66.50433970664373,1.730086201054963,0.5044735168145595,1.0262269347137691,0.08483458373280302,41.2,35.177506779762304,40.2,35.177506779762304,-3.8926080588104663,3.5181840862901144,209.26666666666668,138.6978791329473,104.63333333333334,69.34893956647365,161803883.33556268,359065635.6836422,316775.95969887986,433374.14837117307,689.4781664556779,1437.3951840863235,23.37667464375976,7.849132124140744,161803883.33556268,359065635.6836422,314728.92370676587,431349.5642304952,727.8832772921741,1637.6287835122212,46.855273229995674,15.766325183032281,41269.84126984127,0.0,1269.8412698412722,0.0,161803883.33556268,359065635.6836422,314662.2598401354,431398.1401254736,2113.6998587444637,3338.8434667342963,180
40000.0,iir_o4_bw5500,4,5500.0,48.39181235313202,49.22541851484719,100.74692474699506,100.87867944448872,62.62806685014403,65.73958915439673,1.6969248181807086,0.4896634183812608,1.0263578262740742,0.08479917695423989,41.172222222222224,35.868915684093054,40.172222222222224,35.868915684093054,-3.8945813720652636,3.5880060024858924,214.04444444444445,143.55225324008038,107.02222222222223,71.77612662004019,167021732.09136826,370073531.3216844,38404.1167672004,65256.590607581886,9258.800561126312,17518.799035623175,34.35075951844242,8.04348803986565,167021732.09136826,370073531.3216844,38344.04313891047,65153.04021752105,9540.339880477286,18515.435001086942,68.76519110007024,16.156427105261635,41269.84126984127,0.0,1269.8412698412722,0.0,167021732.09136826,370073531.3216844,38344.04313891047,65153.04021752105,60.07362828992446,143.05439459696632,180
40000.0,iir_o2_bw5000,2,5000.0,46.80919570446733,47.73590614637775,96.5711454213396,95.89381299116997,61.840010264073285,65.75140771698214,1.6831078138932776,0.5047867389270786,1.0268522112952416,0.08682566447411989,42.69444444444444,36.951893416494045,41.69444444444444,36.951893416494045,-4.048825283967691,3.693312817744316,212.59444444444443,142.30468128396933,106.29722222222222,71.15234064198467,159493360.8974208,354109413.4018468,176865.25151215043,242210.0166190549,1278.1717070583861,2826.9277301785482,25.93720362922313,8.054422454401172,159493360.8974208,354109413.4018468,175853.390902414,241186.14907046486,1357.1758578522117,3267.163237326911,51.96997417650401,16.179267875496297,41269.84126984127,0.0,1269.8412698412722,0.0,159493360.8974208,354109413.4018468,175822.29558293143,241208.81455227506,1042.9559292190022,1687.431662543882,180
40000.0,iir_o5_bw5500,5,5500.0,48.448158021644424,49.277763653778884,100.9498693923921,101.5217941758428,62.533628121190326,65.37320758742084,1.6936146571476423,0.4796430274317409,1.0264901612193873,0.08510870668715735,42.727777777777774,37.1119144770444,41.727777777777774,37.1119144770444,-4.050438536687181,3.7139913885765306,212.50555555555556,142.9820669781469,106.25277777777778,71.49103348907344,167530389.86526138,371124707.1905929,22122.556022166045,44653.16767932674,25494.24048387464,85039.33768440994,37.47411975181467,7.9000790842864195,167530389.86526138,371124707.1905929,22064.345193285346,44538.78071642817,30036.808784347773,113590.86815360351,75.07497651255493,15.987453119654974,41269.84126984127,0.0,1269.8412698412722,0.0,167530389.86526138,371124707.1905929,22064.345193285346,44538.78071642817,58.21082888069905,137.53410920091824,180
40000.0,iir_o6_bw5500,6,5500.0,48.47340653619769,49.290706859448896,101.09032361587091,101.9074852456419,62.4339353127202,65.08197517435833,1.6923865603732047,0.4715059008934559,1.0266314904342175,0.085516130067278,42.87222222222222,37.55666564937501,41.87222222222222,37.55666564937501,-4.064891374639515,3.758095627545695,211.62777777777777,141.85030391680914,105.81388888888888,70.92515195840457,167759374.2556782,371579536.3077976,15766.93468556881,35349.41854130234,28474.899071096945,65067.65872843806,39.303601421892274,7.662024931807507,167759374.2556782,371579536.3077976,15709.93320161623,35232.93355700392,30897.13920913905,77523.26973790603,78.73231400186796,15.448893981281195,41269.84126984127,0.0,1269.8412698412722,0.0,167759374.2556782,371579536.3077976,15709.93320161623,35232.93355700392,57.001483952582085,134.29648600115505,180
40000.0,iir_o8_bw5000,8,5000.0,47.757595024281,49.03010361340159,98.58238065689036,102.34452599083946,62.3038727551131,64.45472719607324,1.6484239869658828,0.4652763975295811,1.0276287685285301,0.08640810354778891,43.00555555555555,37.99580941642363,42.00555555555555,37.99580941642363,-4.08426762691501,3.797166395889429,217.15,144.5363411416469,108.575,72.26817057082344,167388145.4053126,370744585.00304204,6598.980401557759,16383.837442685093,44871.031734392214,56910.03621165415,42.83746280926592,7.220264860818535,167388145.4053126,370744585.00304204,6548.549163960624,16280.37777973465,46093.43800134734,59550.273570067235,85.81837326463163,14.482389617141783,41269.84126984127,0.0,1269.8412698412722,0.0,167388145.4053126,370744585.00304204,6548.549163960624,16280.37777973465,50.43123759713514,115.48303540950018,180
40000.0,iir_o7_bw5000,7,5000.0,47.76721702316306,49.014783737260196,98.62146633102527,102.17296901486876,62.32433285112033,64.52605364411792,1.6505578807550711,0.46810334239456897,1.0274054550339577,0.08625561757854394,43.01111111111111,37.826417550176785,42.01111111111111,37.826417550176785,-4.0845981210381135,3.780561496091152,209.95555555555555,139.6203080353669,104.97777777777777,69.81015401768344,167270328.28820696,370516987.11579156,7189.9923117925455,17793.936291945578,43548.81632944586,66476.53653367891,42.502766638271005,7.271426869774285,167270328.28820696,370516987.11579156,7139.011329221591,17689.285578277046,45401.42551192524,74001.01472575511,85.15231683595786,14.607079827308374,41269.84126984127,0.0,1269.8412698412722,0.0,167270328.28820696,370516987.11579156,7139.011329221591,17689.285578277046,50.9809825709549,117.15457240799073,180
40000.0,iir_o7_bw5500,7,5500.0,48.49035534948199,49.29068754111667,101.21125252354574,102.17014771591214,62.34698226850636,64.84486303898639,1.6924267144689515,0.46584932123914574,1.0267699728055377,0.0858941521460171,43.08888888888889,37.88578673786994,42.08888888888889,37.88578673786994,-4.086416586261319,3.7906707320673614,212.41666666666666,140.8453280182946,106.20833333333333,70.4226640091473,167874520.47445166,371794835.2723749,12709.88690570379,30076.58801964338,37879.62722263905,93137.10990913364,40.41776675853888,7.657957677419219,167874520.47445166,371794835.2723749,12653.808384963479,29960.577979305115,41067.58668913368,110192.28132672806,80.97387268880458,15.438863182217073,41269.84126984127,0.0,1269.8412698412722,0.0,167874520.47445166,371794835.2723749,12653.808384963479,29960.577979305115,56.07852074030983,131.84518502292124,180
40000.0,iir_o6_bw5000,6,5000.0,47.76387630586121,48.986738078742206,98.59345627451992,101.8745075827685,62.366549173989554,64.67662778197578,1.6525411134548367,0.4724533506796809,1.0271289079346928,0.08606740167284868,43.144444444444446,38.20060577808339,42.144444444444446,38.20060577808339,-4.097765980529373,3.818551543025896,210.29444444444445,139.78837545768053,105.14722222222223,69.89418772884027,167067426.85344863,370114021.458669,8258.231393242524,20136.15483861304,68463.6954761604,255812.8305321975,42.05719498599342,7.668026728611613,167067426.85344863,370114021.458669,8206.492210243627,20029.95228714804,93566.27153842793,424449.516994938,84.33137008848047,15.628131284805503,41269.84126984127,0.0,1269.8412698412722,0.0,167067426.85344863,370114021.458669,8206.467909565921,20029.962290509542,51.76348367660342,119.55399842208939,180
40000.0,iir_o5_bw5000,5,5000.0,47.73665950134587,48.93249686184769,98.47073922918098,101.37428338537542,62.429606690634216,64.92433780397124,1.6546362645214083,0.47921833175917194,1.0267946037080846,0.08583655090283886,43.172222222222224,38.453023005667106,42.172222222222224,38.453023005667106,-4.100415751488885,3.8441830121910927,212.0888888888889,139.05721216730106,106.04444444444445,69.52860608365053,166691261.01835892,369342994.3963145,10532.551963690865,24389.9251414996,41952.66506036442,93914.98913791504,40.89836757840596,7.727923438308156,166691261.01835892,369342994.3963145,10479.654245337158,24282.40568326825,45770.213742180065,110557.24914625389,81.95689632712188,15.605641706740125,41269.84126984127,0.0,1269.8412698412722,0.0,166691261.01835892,369342994.3963145,10479.654245337158,24282.40568326825,52.897718353707205,123.04744124602874,180
40000.0,iir_o8_bw5500,8,5500.0,48.50663329935776,49.286702360206824,101.32727918662903,102.37245079379669,62.26957125225491,64.64385295892006,1.693100216911649,0.4616301460898872,1.026879426773882,0.08622631824498592,43.3,38.02203124946372,42.3,38.02203124946372,-4.107319832969682,3.8041379507880597,212.27777777777777,140.7268861541896,106.13888888888889,70.3634430770948,167938298.057576,371903965.85348326,10999.899383339314,26738.59309089457,54028.65823185165,189186.7949421367,41.09622279063803,7.664871513929895,167938298.057576,371903965.85348326,10944.540151376195,26623.612445697436,68972.88412509015,292638.06936114293,82.37515770702223,15.566433057721003,41269.84126984127,0.0,1269.8412698412722,0.0,167938298.057576,371903965.85348326,10944.540151376195,26623.612445697436,55.359231963118376,129.88907498443194,180
40000.0,iir_o4_bw5000,4,5000.0,47.65698185116104,48.817000539107845,98.20673000080568,100.51431192403717,62.50422022869323,65.26933683059617,1.6575951097082924,0.4889596721632387,1.026626532507784,0.08563580710377657,43.355555555555554,38.37664301029876,42.355555555555554,38.37664301029876,-4.118516996782973,3.836749778858634,212.55555555555554,139.58354748586922,106.27777777777777,69.79177374293461,165928690.0230546,367740345.2479996,16828.051682637066,33594.223453725994,34208.10105953336,123315.96452786554,38.43649115722341,8.117460476183496,165928690.0230546,367740345.2479996,16773.435643189376,33489.09915853978,46249.065008325975,204388.31363477855,77.05122627274281,16.529554848996742,41269.84126984127,0.0,1269.8412698412722,0.0,165928690.0230546,367740345.2479996,16773.435643189376,33489.09915853978,54.61603944768987,128.78165664207006,180
40000.0,iir_o3_bw5000,3,5000.0,47.44145737121946,48.537339888101776,97.68722877414608,98.95287023867202,62.48906132645399,65.6746111284547,1.6638372754845296,0.4991541206830573,1.0266289199543914,0.08578577484002566,43.83888888888889,38.303574798365155,42.83888888888889,38.303574798365155,-4.166096908527408,3.8303348124878216,214.75,141.2405482080148,107.375,70.6202741040074,164192567.05681953,364051553.9362285,41536.303525428244,64248.75903592313,21129.89663754582,100967.66951773943,33.66377411956502,8.776256583879224,164192567.05681953,364051553.9362285,41472.25739733422,64153.59703441695,26978.229202533323,138845.07998247896,67.42824024168748,17.759098167185257,41269.84126984127,0.0,1269.8412698412722,0.0,164192567.05681953,364051553.9362285,41471.35850151371,64154.18073191597,64.94502391453585,154.7900477104418,180
40000.0,iir_o4_bw4500,4,4500.0,46.928880669506874,48.31888041226702,95.76266619644235,99.57951857107307,62.32784323665519,64.90226791190815,1.6253611148858578,0.5010998006344931,1.0272364530914102,0.08609911071916394,44.772222222222226,37.76963850501489,43.772222222222226,37.76963850501489,-4.26508531166491,3.7753564478843273,210.15,137.5970343239585,105.075,68.79851716197925,163996457.7269056,363679813.4547455,8625.899435685986,20016.38577722898,48890.306219444756,113736.77257504815,41.423648872743016,7.882924930491402,163996457.7269056,363679813.4547455,8574.711186453913,19910.841817202996,56620.52595808109,152370.91236615524,83.04507318607233,15.984512915081858,41269.84126984127,0.0,1269.8412698412722,0.0,163996457.7269056,363679813.4547455,8574.711186453913,19910.841817202996,51.18824923207392,120.42688569005654,180
40000.0,iir_o5_bw4500,5,4500.0,47.10583533606253,48.53911120541884,96.32231702755602,100.66370610222643,62.37821216930513,64.69031874554646,1.6268341341730173,0.5002001233267768,1.027492484598352,0.0859341939343366,44.794444444444444,37.739876695422886,43.794444444444444,37.739876695422886,-4.267062184701837,3.7716478036137624,210.48888888888888,136.97500032430125,105.24444444444444,68.48750016215062,165133212.26619694,366151488.0085278,6492.123409106158,16080.780704550347,51197.86953862625,98447.56273117835,42.76646469666878,7.489105880261676,165133212.26619694,366151488.0085278,6442.234835035326,15976.6702407315,55607.75036060575,121125.61942902232,85.70895123399053,15.096718629612338,41269.84126984127,0.0,1269.8412698412722,0.0,165133212.26619694,366151488.0085278,6442.234835035326,15976.6702407315,49.88857407083287,115.59795648251325,180
40000.0,iir_o8_bw4000,8,4000.0,46.63094583283022,48.241482254620934,94.5959387308942,99.67215452592073,62.5567022992632,64.84841932737655,1.6036155317847365,0.5195077470242304,1.0275504269806897,0.08563566109193348,44.78888888888889,37.005810941678774,43.78888888888889,37.005810941678774,-4.270421057796717,3.697044394051174,210.5388888888889,133.68262105428246,105.26944444444445,66.84131052714123,163918542.65168756,363989522.58699596,4695.293104407294,11824.389463535608,69186.4030546903,133118.7052129955,44.02523079293286,7.562022050264538,163918542.65168756,363989522.58699596,4646.862374820954,11720.680298655974,72739.11858943924,147503.0825380529,88.22917608000405,15.190519566690144,41269.84126984127,0.0,1269.8412698412722,0.0,163918542.65168756,363989522.58699596,4646.862374820954,11720.680298655974,48.43072958633993,112.38806762573897,180
40000.0,iir_o8_bw4500,8,4500.0,47.318821085377095,48.7915088343674,97.1766695844211,102.12741600732913,62.3190778478976,64.18638218254301,1.6332146789509965,0.5037201027000828,1.0280618149551706,0.08573847098754893,44.84444444444444,38.01864027118173,43.84444444444444,38.01864027118173,-4.271168128554822,3.800103343609698,216.57777777777778,143.57311630969676,108.28888888888889,71.78655815484838,166352582.59052742,368774377.5556132,5245.1454433691115,12991.648444412735,60362.316586846246,102640.87881937857,43.64239802349808,7.3924529936065175,166352582.59052742,368774377.5556132,5196.833010138293,12892.528749747042,63039.448379209396,111409.25005812904,87.45531776248006,14.84987948259062,41269.84126984127,0.0,1269.8412698412722,0.0,166352582.59052742,368774377.5556132,5196.833010138293,12892.528749747042,48.312433230818655,109.46731809213217,180
40000.0,iir_o6_bw4500,6,4500.0,47.20627008392909,48.66418917275593,96.68913695658757,101.33854719901258,62.379574884588855,64.4987806317636,1.6284217775113252,0.4998270526686007,1.027776659629797,0.08586439344576913,44.84444444444444,38.029365634041575,43.84444444444444,38.029365634041575,-4.271807091161768,3.800980270658531,216.13333333333333,143.51315903303936,108.06666666666666,71.75657951651968,165755991.16914895,367503424.84493923,5754.949151598818,14351.162663420087,48772.26780131319,60191.80432666345,43.23245423488807,7.304504197012381,165755991.16914895,367503424.84493923,5705.829458981465,14249.130484478756,50218.189800724016,63289.597757722564,86.61911224096143,14.655097875050126,41269.84126984127,0.0,1269.8412698412722,0.0,165755991.16914895,367503424.84493923,5705.829458981465,14249.130484478756,49.1196926173533,112.73675644852807,180
40000.0,iir_o7_bw4500,7,4500.0,47.270704966964594,48.740954956112596,96.95611998589749,101.79482464071711,62.35712481413113,64.33508841882211,1.6305873591411328,0.501207727724902,1.0279619929930877,0.08579664232650694,44.916666666666664,38.078993901314064,43.916666666666664,38.078993901314064,-4.278732580936108,3.80614834851843,216.26111111111112,143.5026468480279,108.13055555555556,71.75132342401395,166123273.60775945,368292054.8632453,5419.921837948948,13475.730983259753,54893.539263776256,81458.17828578944,43.49697928875311,7.342186442038118,166123273.60775945,368292054.8632453,5371.285590972969,13375.348579437996,56774.1472550449,86545.71711536752,87.15520426359684,14.734930926907378,41269.84126984127,0.0,1269.8412698412722,0.0,166123273.60775945,368292054.8632453,5371.285590972969,13375.348579437996,48.63624697597949,110.82869947304722,180
40000.0,iir_o7_bw4000,7,4000.0,46.54487254855583,48.14088627838165,94.34235119172355,99.39031906162771,62.47935752796199,64.77786900964475,1.6008530037697575,0.5161785521836375,1.0274654000120649,0.0856134685673522,45.35,37.0336514643388,44.35,37.0336514643388,-4.326918889205892,3.7005931356782416,210.33333333333334,133.29837996224356,105.16666666666667,66.64918998112178,163497807.01914766,363006402.0329929,4701.755675312747,11861.850523750349,67152.47501274227,122690.00070271545,44.00785069418562,7.562287084195144,163497807.01914766,363006402.0329929,4653.303196228405,11757.674951800485,70286.98009879362,134773.66437485832,88.19145497695082,15.18526098314561,41269.84126984127,0.0,1269.8412698412722,0.0,163497807.01914766,363006402.0329929,4653.303196228405,11757.674951800485,48.45247908434241,112.85680970121146,180
40000.0,iir_o3_bw4500,3,4500.0,46.58047933867807,47.88635523929633,94.84733561362386,97.676530084967,62.16345764091463,65.10295584908862,1.6248810893967216,0.501423593355547,1.0270008863838263,0.0867597309546791,45.58888888888889,37.62499301418135,44.58888888888889,37.62499301418135,-4.3468635940670595,3.762004756608278,211.76666666666668,139.16535319800784,105.88333333333334,69.58267659900392,161691636.19581795,358709061.3066651,18393.761297824924,32742.543723225444,25127.33911844285,59397.50725500872,37.55951152815523,8.729855291130638,161691636.19581795,358709061.3066651,18338.102274969493,32643.68841076891,29794.24308520718,86947.17330995123,75.28550765327937,17.69588252057636,41269.84126984127,0.0,1269.8412698412722,0.0,161691636.19581795,358709061.3066651,18338.102274969493,32643.68841076891,55.65902285542877,136.26848130259629,180
40000.0,iir_o6_bw4000,6,4000.0,46.42139181980481,48.002328691023926,93.97933856854732,98.96439969414314,62.37528676446943,64.70613650109934,1.5976362718260892,0.5130035340502179,1.0274317006055589,0.0857625961942861,45.96111111111111,37.12268108949705,44.96111111111111,37.12268108949705,-4.388479368762867,3.710349688385962,209.94444444444446,132.98669325721474,104.97222222222223,66.49334662860737,162883813.81200847,361594992.87269616,4754.318609721204,12027.590006151648,62607.920985231736,101304.60628115183,43.93004886899946,7.546239407966093,162883813.81200847,361594992.87269616,4705.715565926284,11922.505279645711,65003.00863699429,109201.51654847185,88.03003254136694,15.143267444672638,41269.84126984127,0.0,1269.8412698412722,0.0,162883813.81200847,361594992.87269616,4705.715565926284,11922.505279645711,48.603043794918804,113.8074446775082,180
40000.0,iir_o2_bw4500,2,4500.0,45.77587363271584,46.87450969088894,93.2650748589191,93.98118343531397,61.456354252211796,64.95065446777792,1.638663214092909,0.508182662996754,1.027479438941049,0.0886064985760381,46.09444444444444,39.87195948684889,45.09444444444444,39.87195948684889,-4.39543072202947,3.98667974107469,213.22222222222223,141.59646633991377,106.61111111111111,70.79823316995689,156153596.64081174,346949983.773008,90687.54720382157,125061.94920034062,2595.8274633382466,5742.316677413764,28.88043045882132,8.520150784813012,156153596.64081174,346949983.773008,90209.39896880114,124567.12212806167,2840.2926273987146,7154.366955181725,57.87008574679968,17.143164604436215,41269.84126984127,0.0,1269.8412698412722,0.0,156153596.64081174,346949983.773008,90197.83024973769,124575.50239746066,489.71695408388354,835.3511978834857,180
40000.0,iir_o5_bw4000,5,4000.0,46.240542664794894,47.80050228151483,93.46406844154741,98.29321393484422,62.219343975969345,64.62271059677903,1.593972698835074,0.5081853017162938,1.0274710517403893,0.08618767356019372,46.361111111111114,36.92719152086807,45.361111111111114,36.92719152086807,-4.4289439067674365,3.6911238453508903,211.21666666666667,136.90731175205065,105.60833333333333,68.45365587602532,161939663.05440977,359457075.51974875,4934.398448978582,12528.23033800443,54657.063741863516,67984.86472586244,43.70104956934969,7.511646049578144,161939663.05440977,359457075.51974875,4885.407996360728,12421.618129139395,56274.8212791645,71337.67873671935,87.56460245680283,15.06607834322972,41269.84126984127,0.0,1269.8412698412722,0.0,161939663.05440977,359457075.51974875,4885.407996360728,12421.618129139395,48.99045261785363,115.5506979653901,180
40000.0,iir_o4_bw4000,4,4000.0,45.961400787303035,47.48053220003188,92.69687929526691,97.1794239114697,61.98456746011519,64.53389750271589,1.5907941009957474,0.5056174707874134,1.0276040465522618,0.0870133056413381,46.84444444444444,37.729827896472756,45.84444444444444,37.729827896472756,-4.477685302968464,3.7720924707260504,210.66666666666666,135.93442388801063,105.33333333333333,67.96721194400531,160379643.3275934,355983541.71907824,5556.774059821472,13989.605152141025,50163.51994133125,69221.77087937042,43.08764996367536,7.659472703459363,160379643.3275934,355983541.71907824,5506.938747808682,13880.966903295835,52803.499810956295,77636.24990924208,86.35060966873182,15.409881017828859,41269.84126984127,0.0,1269.8412698412722,0.0,160379643.3275934,355983541.71907824,5506.938747808682,13880.966903295835,49.835312012790475,118.82616278116528,180
40000.0,iir_o3_bw4000,3,4000.0,45.48459090356515,46.90990937705116,91.48751882364957,95.19137646760234,61.52335107785037,64.37384515312094,1.5899426189121089,0.5046253641138903,1.027874122074481,0.0884344933660889,47.166666666666664,38.47693933169835,46.166666666666664,38.47693933169835,-4.509927531880418,3.8473826927437225,211.2111111111111,136.4046718874578,105.60555555555555,68.2023359437289,157514822.72345394,349745174.4490309,8853.518444455956,19076.85623456364,41905.16870802642,107367.65583410874,40.567617266264705,8.318669766256853,157514822.72345394,349745174.4490309,8801.407929757406,18969.334273624438,50787.32378894204,160493.32056907646,81.3266923634945,16.866534903601156,41269.84126984127,0.0,1269.8412698412722,0.0,157514822.72345394,349745174.4490309,8801.407929757406,18969.334273624438,52.110514698551064,128.6160533401408,180
40000.0,iir_o8_bw3500,8,3500.0,45.01135825638787,46.667384828564735,89.46213065938451,94.24214375960197,61.61261062421964,64.16297555911918,1.5462882183536177,0.49097365106931706,1.0259865965154746,0.08457726140379851,48.166666666666664,38.21031186683635,47.166666666666664,38.21031186683635,-4.616617951232846,3.8221182562878337,213.66666666666666,129.07063589476624,106.83333333333333,64.53531794738312,157709069.91256303,350516529.94805604,4115.795770794719,10724.722914421474,85249.5571553204,151279.87508476994,44.664389177692534,8.033712444867355,157709069.91256303,350516529.94805604,4065.619971756238,10608.57086695175,88630.88300305468,163658.0048336461,89.50618433952266,16.111481916675345,41269.84126984127,0.0,1269.8412698412722,0.0,157709069.91256303,350516529.94805604,4065.619971756238,10608.57086695175,50.17579903848103,123.09567697806831,180
40000.0,iir_o7_bw3500,7,3500.0,44.95429023461295,46.61538656894764,89.30147174735725,94.09089359302698,61.54453796950243,64.11266034445009,1.5458553842333516,0.4918864340098135,1.02641139765612,0.08588844059410253,48.294444444444444,38.714496761112244,47.294444444444444,38.714496761112244,-4.629458860863068,3.872781997727896,212.8,128.61728773345598,106.4,64.30864386672799,157207765.10974008,349372314.7475545,4085.9109034360627,10628.31866681204,81782.9540779021,139114.91978587216,44.62471289071056,7.961871157049666,157207765.10974008,349372314.7475545,4035.6770892031464,10512.058799387232,84856.88686096827,149859.3667177542,89.42610634788412,15.965656332728972,41269.84126984127,0.0,1269.8412698412722,0.0,157207765.10974008,349372314.7475545,4035.6770892031464,10512.058799387232,50.23381423291607,122.99348989683946,180
40000.0,iir_o6_bw3500,6,3500.0,44.86011031497266,46.513185198575336,89.06359724617846,93.82322302195193,61.42739027895286,64.00579603532263,1.5456601629324704,0.4937530960494387,1.0269904497373417,0.08726418377097876,48.855555555555554,39.42181601476426,47.855555555555554,39.42181601476426,-4.685593099518377,3.9440561264900724,210.78333333333333,130.495457871681,105.39166666666667,65.2477289358405,156489874.5965628,347729715.8424438,4060.1196568519163,10540.687437869467,77624.40278867373,124810.17519609438,44.566336320953155,7.86389837929919,156489874.5965628,347729715.8424438,4009.7909621853123,10424.2677076673,80312.23162768329,133433.74714781216,89.30800209932887,15.76665769650593,41269.84126984127,0.0,1269.8412698412722,0.0,156489874.5965628,347729715.8424438,4009.7909621853123,10424.2677076673,50.32869466660349,122.95423325275225,180
40000.0,iir_o2_bw4000,2,4000.0,44.51915991862283,45.7163060210266,89.45876334288556,91.2824621420699,60.57025066870653,63.88420523619793,1.595235702555874,0.500227017293524,1.0284371067954687,0.09089977779833282,49.27777777777778,39.29263589093514,48.27777777777778,39.29263589093514,-4.720054751826304,3.9312921465772717,210.69444444444446,141.5620793692014,105.34722222222223,70.7810396846007,151268063.32908833,336469771.62307787,42564.575580459205,60354.75978009912,6120.203530025533,12523.754341442065,32.472079522408954,8.254977230837378,151268063.32908833,336469771.62307787,42341.12845978573,60112.200628622246,7041.49038659624,17630.35729858349,65.09508407496804,16.695333177677668,41269.84126984127,0.0,1269.8412698412722,0.0,151268063.32908833,336469771.62307787,42338.2475491463,60114.231194742126,226.32803131290493,431.2254044205296,180
40000.0,iir_o5_bw3500,5,3500.0,44.70041803811789,46.325164298678956,88.68269833633698,93.34767486919945,61.226086980878065,63.81445429370357,1.5452760995884203,0.4943293638806767,1.027700281212585,0.08878451849194867,49.81666666666667,40.084753088519776,48.81666666666667,40.084753088519776,-4.781716143358891,4.011329131417974,209.54444444444445,130.954396182709,104.77222222222223,65.4771980913545,155407277.53339845,345278954.3640144,4065.8033701538807,10544.008022625158,71089.63616344024,104185.34736780793,44.44580137117636,7.706389982140078,155407277.53339845,345278954.3640144,4015.2661833240445,10427.180717623041,73203.24293898657,109753.09096004147,89.06335595205972,15.446261515084615,41269.84126984127,0.0,1269.8412698412722,0.0,155407277.53339845,345278954.3640144,4015.2661833240445,10427.180717623041,50.5371868298361,123.24286358233465,180
40000.0,iir_o4_bw3500,4,3500.0,44.425686118263606,45.98809233364009,88.04175424167053,92.47721540355391,60.882193165927816,63.49497809520403,1.5449730511266093,0.4927004310855366,1.0285292498288965,0.09022577719012866,50.96666666666667,40.28777764946783,49.96666666666667,40.28777764946783,-4.896655710871242,4.032176335289006,211.05555555555554,134.44126969385678,105.52777777777777,67.22063484692839,153664574.26770478,341413679.18120253,4202.992787114041,10922.616776060078,58670.065325833544,70924.5808135346,44.10093416431357,7.434453275967424,153664574.26770478,341413679.18120253,4151.966851095737,10804.90116200329,60038.84789806097,72767.33497100833,88.36626321174154,14.897474258422532,41269.84126984127,0.0,1269.8412698412722,0.0,153664574.26770478,341413679.18120253,4151.966851095737,10804.90116200329,51.025936018303774,124.45307353529934,180
40000.0,iir_o3_bw3500,3,3500.0,43.928721567337476,45.36749832952048,86.92706418587169,90.79008126755237,60.274274604216096,62.96230731938089,1.5454542106139617,0.48782989356267364,1.0295358114529563,0.0917213658711981,51.87777777777778,39.94768304306274,50.87777777777778,39.94768304306274,-4.987441295859072,3.997595629514832,204.44444444444446,137.18772451160808,102.22222222222223,68.59386225580404,150573976.87551895,334737362.796469,5146.396858374254,12859.23366198201,45260.318993195164,64229.47935617778,42.759351706811245,7.367693064614192,150573976.87551895,334737362.796469,5094.158859974298,12741.038835184656,47891.62663626621,73882.79913834749,85.69382564015064,14.839087883748855,41269.84126984127,0.0,1269.8412698412722,0.0,150573976.87551895,334737362.796469,5094.158859974298,12741.038835184656,52.23799839995596,129.43798393868005,180
40000.0,iir_o2_bw3500,2,3500.0,42.908372852644,44.11096034046305,84.85261402459145,87.24920345287705,59.07413846653006,62.00256156040568,1.5475631068183153,0.46902472397551964,1.030597902801782,0.09344638911151235,52.644444444444446,39.93676876876287,51.644444444444446,39.93676876876287,-5.063162395106344,3.996056298279196,203.06666666666666,141.37282221252855,101.53333333333333,70.68641110626427,144108616.55036527,321096720.0999048,18564.634527128266,28811.36362977241,19254.372226519245,40955.453227188176,36.50084586108381,8.48017244493218,144108616.55036527,321096720.0999048,18451.32516372068,28663.712287490085,23084.085739321286,56023.18867700444,73.23991041399215,17.281996141556828,41269.84126984127,0.0,1269.8412698412722,0.0,144108616.55036527,321096720.0999048,18450.949337185164,28663.95443870879,113.68518994310311,257.16357470383565,180
40000.0,iir_o2_bw3000,2,3000.0,40.78674604164631,41.88693729835445,79.08257381535519,81.33704341456743,57.00658895032685,59.45581910348488,1.4890420720018518,0.41851211157078966,1.0322528424752442,0.08879039172445916,60.294444444444444,42.20430453068365,59.294444444444444,42.20430453068365,-5.836078598071694,4.22276939883258,195.57777777777778,145.3718389869687,97.78888888888889,72.68591949348435,133752205.93638255,298864900.37226444,8096.165519255982,15461.562832881064,42821.85002997235,95428.09076206542,40.0528705554979,8.007042031854782,133752205.93638255,298864900.37226444,8023.030619784349,15327.124447665557,53503.77627699959,137444.9618515549,80.40578851467363,16.42337709891095,41269.84126984127,0.0,1269.8412698412722,0.0,133752205.93638255,298864900.37226444,8023.006273766704,15327.137214354905,73.15924548927737,188.76346820827487,180
40000.0,iir_o3_bw3000,3,3000.0,41.72880390702388,43.015023009081816,80.91251668180813,83.79676573844296,58.283336951506264,60.70068823161783,1.4855435581026326,0.4218746397693586,1.031850237536747,0.08580947266861336,60.69444444444444,43.40353681521269,59.69444444444444,43.40353681521268,-5.876745818377478,4.342637697216345,194.0888888888889,151.0674971748362,97.04444444444445,75.5337485874181,139545764.6490326,310819438.7056509,3722.4536997960545,9804.635593049305,61499.8493303401,112719.65260900611,44.13487755397856,6.682315332273304,139545764.6490326,310819438.7056509,3666.404398614254,9671.5431737399,62594.303108921464,113641.58035880691,88.43481016788688,13.38364255020852,41269.84126984127,0.0,1269.8412698412722,0.0,139545764.6490326,310819438.7056509,3666.404398614254,9671.5431737399,56.049301181800374,138.04572658800186,180
40000.0,iir_o4_bw3000,4,3000.0,42.15565445735394,43.57939681095131,81.72092980020798,84.87245659331494,58.95356374065899,61.52525956362219,1.4792962442567898,0.41170763822191375,1.031925023797878,0.08669916384889126,61.544444444444444,44.80090310121044,60.544444444444444,44.80090310121044,-5.96250025500044,4.481126452625529,194.93333333333334,152.0020435028762,97.46666666666667,76.0010217514381,142185640.9240767,316290453.77725005,3498.0411152336715,9123.425223224835,92693.62526222756,200529.8601402331,44.87358165617213,7.090281731547556,142185640.9240767,316290453.77725005,3441.9512740914133,8989.36646203524,94226.1867085228,202525.4799885146,89.92079909868973,14.188039903846956,41269.84126984127,0.0,1269.8412698412722,0.0,142185640.9240767,316290453.77725005,3441.9512740914133,8989.36646203524,56.08984114225816,137.25029040089646,180
40000.0,iir_o5_bw3000,5,3000.0,42.39111538413953,43.90685897603499,82.12999017266422,85.45639888115885,59.3616002620753,62.07770242955491,1.4726711640312702,0.400190373750278,1.0319553781501054,0.08773379545292222,62.65,46.25717217528143,61.65,46.25717217528143,-6.0738576448063615,4.625948483341989,200.86666666666667,154.5328299447281,100.43333333333334,77.26641497236405,143607189.20852894,319252694.3736916,3473.924401650459,9039.222650335407,119707.01913284404,318828.40438638336,45.08284408308179,7.32849120145699,143607189.20852894,319252694.3736916,3417.740049470264,8904.925014627479,121902.35107320777,324289.1786891724,90.34243238885821,14.665884801534924,41269.84126984127,0.0,1269.8412698412722,0.0,143607189.20852894,319252694.3736916,3417.740049470264,8904.925014627479,56.18435218019477,137.30635807791523,180
40000.0,iir_o8_bw3000,8,3000.0,42.91732385519722,44.53912464303882,82.95396806327842,86.63732569493514,60.25656199505233,63.238321049410644,1.4568335663549492,0.37215895169088303,1.0322540225515255,0.08926004325025959,62.916666666666664,47.00741353631681,61.916666666666664,47.00741353631681,-6.102369062294419,4.699254862902174,218.63333333333333,168.7938447075994,109.31666666666666,84.3969223537997,145564194.8445627,323255286.09586877,3473.19951107903,9030.067768648845,192705.88424374454,723017.6647550527,45.3186979281555,7.641912968382697,145564194.8445627,323255286.09586877,3417.1935658080647,8897.599411090609,198509.62182092533,752545.7099793991,90.81869503883183,15.30250708744466,41269.84126984127,0.0,1269.8412698412722,0.0,145564194.8445627,323255286.09586877,3417.1935658080647,8897.599411090609,56.00594527096476,135.26247984501444,180
40000.0,iir_o6_bw3000,6,3000.0,42.5680037056918,44.14088190837583,82.41951400332775,85.88060480594847,59.68435730335114,62.5257084915732,1.4668233012941094,0.389536273791368,1.0321057941756135,0.08847479100520092,63.077777777777776,46.641321928470866,62.077777777777776,46.641321928470866,-6.117303613011129,4.663814517276432,210.5611111111111,161.21875779412372,105.28055555555555,80.60937889706186,144485429.2180262,321071212.120822,3475.8059926356686,9046.284117628535,149396.48391566012,478458.08111167623,45.195913058604624,7.492240028192837,144485429.2180262,321071212.120822,3419.604103755506,8912.256625717031,152973.22198190977,492936.2598221867,90.57122213940754,14.998729020697409,41269.84126984127,0.0,1269.8412698412722,0.0,144485429.2180262,321071212.120822,3419.604103755506,8912.256625717031,56.201888880162805,136.98873056181523,180
40000.0,iir_o7_bw3000,7,3000.0,42.738261536875065,44.34373186016093,82.6833406321943,86.2613708731341,59.97705411193195,62.89857628232299,1.4613941332545968,0.37983157304605514,1.0321375124799927,0.08898509940218216,63.077777777777776,46.892895383973034,62.077777777777776,46.892895383973034,-6.117944760087961,4.688438541718627,215.45555555555555,165.96901246152854,107.72777777777777,82.98450623076427,145097479.23124328,322318859.78168,3476.833869516729,9047.145277252564,177826.43416768374,642325.089173945,45.27136024481807,7.598996967406332,145097479.23124328,322318859.78168,3420.702273522798,8913.780308120718,183130.2964243365,668741.0133131663,90.7239112912346,15.216832373178619,41269.84126984127,0.0,1269.8412698412722,0.0,145097479.23124328,322318859.78168,3420.702273522798,8913.780308120718,56.131595993931185,136.25985677601903,180
40000.0,iir_o2_bw2500,2,2500.0,37.98773267909386,38.89938828969576,72.39062088175143,74.36172578240983,53.95871682645133,55.9676573278476,1.4284853599116278,0.34945576458730104,1.037078711542446,0.08481570891004149,75.05,47.46986989118502,74.05,47.46986989118502,-7.319090690388038,4.742533350331552,206.48333333333332,173.09155632643774,103.24166666666666,86.54577816321887,119235095.62121119,267791980.45770854,4296.853550356796,10385.669789767555,55995.275575210835,169602.57673944678,42.37345090472638,6.533109209669589,119235095.62121119,267791980.45770854,4232.8497274036245,10237.851579570844,73631.12169586438,277514.44575241813,85.00888092986604,13.407565725406057,41269.84126984127,0.0,1269.8412698412722,0.0,119235095.62121119,267791980.45770854,4232.775450263893,10237.882398784857,64.07810009290392,166.5429691718243,180
40000.0,iir_o3_bw2500,3,2500.0,38.75993632385864,39.667208067019,73.64012341517066,75.29983465275005,55.240670536408615,57.121001098247426,1.4167433232544853,0.33598063715347243,1.0347574943021591,0.07998219975228114,77.12222222222222,49.64068159057807,76.12222222222222,49.64068159057807,-7.528330867532863,4.957101887522121,198.60555555555555,173.2321559561952,99.30277777777778,86.6160779780976,123387361.67686708,275922578.1079387,3323.295686532596,8583.595961753776,164318.37423564369,589547.9059076967,44.90196171523215,6.664707294018693,123387361.67686708,275922578.1079387,3259.6612003887863,8431.086404105436,179531.66586970075,672809.0531640531,90.01585225193837,13.424248334477827,41269.84126984127,0.0,1269.8412698412722,0.0,123387361.67686708,275922578.1079387,3259.6612003887863,8431.086404105436,63.63448614380958,153.8470140641831,180
40000.0,iir_o8_bw2500,8,2500.0,39.36601292328484,40.469487032935476,74.7656207934096,77.15871044957385,56.22824517580031,58.22625879159166,1.4254277847356138,0.3694095590081477,1.0438597884219667,0.09648786321076973,78.48333333333333,50.07920821031485,77.48333333333333,50.07920821031485,-7.662317660128798,4.997461242403286,202.98333333333332,179.56578524053592,101.49166666666666,89.78289262026796,126282442.98153667,282033399.44351995,3594.506127145368,9099.577012361706,65195.335205656935,118634.87568780665,44.45042112029141,5.891216203298889,126282442.98153667,282033399.44351995,3523.5528593980007,8927.998859928774,67192.40929490999,124154.77297265154,89.0947132072625,11.806613688208724,41269.84126984127,0.0,1269.8412698412722,0.0,126282442.98153667,282033399.44351995,3523.5528593980007,8927.998859928774,70.95326774736658,172.1773084317527,180
40000.0,iir_o4_bw2500,4,2500.0,39.15322687714314,40.07555096459421,74.3149508924279,75.8270472271802,55.91817921265034,57.82366537070661,1.4130402487049225,0.33177422647299054,1.0360518730195114,0.08100554013519466,78.47222222222223,50.043604512225535,77.47222222222223,50.043604512225535,-7.663613563296308,4.995034765795655,202.7888888888889,183.68773566407586,101.39444444444445,91.84386783203793,125069028.09143552,279048556.8981988,3356.4344777134665,8516.671573821926,138598.16507240545,478201.9382774736,44.96269269133678,6.490370193260238,125069028.09143552,279048556.8981988,3290.6929729280682,8359.18983016947,147154.88156978672,524376.4687194182,90.12921625086649,13.035837446704605,41269.84126984127,0.0,1269.8412698412722,0.0,125069028.09143552,279048556.8981988,3290.6929729280682,8359.18983016947,65.74150478539838,158.22211054937094,180
40000.0,iir_o5_bw2500,5,2500.0,39.36923352665256,40.31492649077,74.68995634705966,76.24140904390696,56.26381138596774,58.1839426754788,1.4140872312092485,0.33763233133691084,1.0380521990537683,0.08438167330657367,78.79444444444445,50.136650943656555,77.79444444444445,50.136650943656555,-7.6954618545063,5.0045017419660365,209.68333333333334,188.05619851226038,104.84166666666667,94.02809925613019,125862472.25168157,280583443.1962348,3419.611695444383,8638.72906856704,108122.18808865303,321320.30888122856,44.83894039391574,6.288239165099663,125862472.25168157,280583443.1962348,3352.247963559134,8477.28790399469,112359.02685905548,339895.5013281328,89.87438208355942,12.60776753528775,41269.84126984127,0.0,1269.8412698412722,0.0,125862472.25168157,280583443.1962348,3352.247963559134,8477.28790399469,67.36373188524827,162.07558066566605,180
40000.0,iir_o6_bw2500,6,2500.0,39.44946472726421,40.43581080377708,74.81940511535679,76.59336752048353,56.3823023843045,58.28663220390305,1.4158286145800172,0.3467424319331477,1.039668823316298,0.08883712491266767,79.10555555555555,50.48740063218407,78.10555555555555,50.48740063218408,-7.726272921041559,5.038831333327862,209.27777777777777,184.60015844475177,104.63888888888889,92.30007922237589,126222919.07009779,281424230.6055492,3481.548747731548,8786.544386363523,89670.25895648434,231702.07652324066,44.70867643819955,6.140417573854642,126222919.07009779,281424230.6055492,3412.855366469957,8621.600437374727,92659.67099545701,242760.17277265337,89.61141799003234,12.305831326352555,41269.84126984127,0.0,1269.8412698412722,0.0,126222919.07009779,281424230.6055492,3412.855366469957,8621.600437374727,68.6933812615908,165.54720427843253,180
40000.0,iir_o7_bw2500,7,2500.0,39.43447156434486,40.47614522797794,74.83243523869486,76.88133524855807,56.3401344250616,58.27932453526469,1.4201490916607777,0.35655142167926634,1.0419934245773717,0.09341831180962384,79.35555555555555,50.27417812081221,78.35555555555555,50.27417812081221,-7.750407855772565,5.016785679926756,207.31666666666666,181.94475418494204,103.65833333333333,90.97237709247102,126329944.68625923,281859382.2766262,3539.3644676168715,8941.069849688787,76291.3849012382,169228.6993669418,44.58229585399347,6.01588055380821,126329944.68625923,281859382.2766262,3469.5031983288077,8772.780975971278,78742.04161414945,177265.14311885546,89.35842801351781,12.056422245794522,41269.84126984127,0.0,1269.8412698412722,0.0,126329944.68625923,281859382.2766262,3469.5031983288077,8772.780975971278,69.86126928806401,168.88474466080228,180
50000.0,iir_o2_bw7000,2,7000.0,20.763618726743783,15.449602541303161,52.490017445168725,38.71215640934812,24.673647987204692,19.664765281372482,2.230072587712275,0.6482989195287163,1.0178492942058974,0.049375993169770274,19.044444444444444,15.230380628961367,18.044444444444444,15.230380628961367,-1.6182429155955191,1.5365327600906866,153.0611111111111,127.46493280008664,76.53055555555555,63.73246640004332,18270994.34859241,24975733.581055567,8822825.963547247,18795014.61260307,7.0391399368666425,6.6719052698966355,5.903604623994704,5.904310161605253,18270994.34859241,24975733.581055567,8086562.015849254,18187526.891034015,9.240907606702207,9.93057428479438,13.535491888535685,12.359835491495879,50793.6507936508,0.0,793.6507936507987,0.0,7913205.518744979,18227329.9387092,18270994.34859241,24975733.581055567,909620.4448022693,1446599.5049125284,180
50000.0,iir_o2_bw6500,2,6500.0,19.74492964551867,14.469544475436365,48.72566661073733,35.601003607675395,24.181537730820217,19.095620398127974,2.1030547905516985,0.6040227675189314,1.0191000294738957,0.05244205190157491,21.455555555555556,17.114573561186198,20.455555555555556,17.114573561186198,-1.872986088618468,1.7237101292901675,151.9111111111111,127.97286238550116,75.95555555555555,63.98643119275058,18227253.835390307,24919818.435366563,5546777.6267188415,11795572.408306146,11.30939703652732,10.851783279546176,7.912302155526424,5.954517163079387,18227253.835390307,24919818.435366563,5062313.869277618,11402024.90397613,15.105464623074067,16.6723175706165,17.61921080477488,12.500219422931695,50793.6507936508,0.0,793.6507936507987,0.0,4939549.286006248,11428780.816957159,18227253.835390307,24919818.435366563,607228.3407125946,973400.1038893115,180
50000.0,iir_o3_bw7000,3,7000.0,19.79861277195623,14.535224126380795,47.88560765874181,34.89057179642958,25.19909998826154,19.72243187214901,1.9859185031270499,0.5401549216691119,1.026084634706159,0.06390986566419611,23.33888888888889,18.213864167730755,22.33888888888889,18.213864167730755,-2.0733251448240586,1.8210333439623572,157.9111111111111,141.3340782103276,78.95555555555555,70.6670391051638,18380283.275767084,25127287.649132457,4745055.981377073,10675159.233878149,16.170488624531632,17.243879153390875,9.145330064879909,6.202175954922876,18380283.275767084,25127287.649132457,4404170.355913688,10464908.391888136,21.726014784390767,26.895815532924797,20.067098982180266,12.978461964877821,50793.6507936508,0.0,793.6507936507987,0.0,4304496.148602123,10488506.390339559,18380283.275767084,25127287.649132457,440559.8327749495,744013.623114059,180
50000.0,iir_o2_bw6000,2,6000.0,18.91092823837758,13.743977373094978,45.33952425431158,32.94377550380719,23.807731972308467,18.369788676420825,1.9750373987165712,0.5342786061008185,1.0199509597198293,0.05539142106344267,24.38888888888889,18.17924068971596,23.38888888888889,18.17924068971596,-2.180595269460118,1.8252873086285548,152.66666666666666,128.66999059783492,76.33333333333333,64.33499529891746,18167405.945069373,24842178.10468344,3263190.3448518002,6913998.548642082,19.46364590288656,19.15132249050173,10.192743503178717,6.022132832631458,18167405.945069373,24842178.10468344,2963789.633227666,6674514.003499585,26.694357306913105,30.989031225033827,22.261735324822045,12.699544962710505,50793.6507936508,0.0,793.6507936507987,0.0,2882762.036923013,6691118.04581098,18167405.945069373,24842178.10468344,380428.307928787,614984.6862684517,180
50000.0,iir_o4_bw7000,4,7000.0,19.424481158803214,14.193128172919165,45.680095595745335,33.2392224389063,25.17213996050299,19.18111870924157,1.8905471772915705,0.5136471646636971,1.02874692163862,0.06815420387154748,26.372222222222224,20.116429416382722,25.372222222222224,20.116429416382722,-2.3880401354441045,2.0036583764751503,158.4,143.04015922403747,79.2,71.52007961201873,18395561.772001356,25146555.66741681,3106988.8119658986,7340983.43477749,31.159396789858132,40.26296726349249,11.337824522662448,6.606907681173048,18395561.772001356,25146555.66741681,2918352.772997982,7251177.561002238,41.75033446109267,58.604873036047,24.431381059994045,13.7455333907067,50793.6507936508,0.0,793.6507936507987,0.0,2860075.6760222563,7265997.343288971,18395561.772001356,25146555.66741681,246913.1359436424,441830.070304298,180
50000.0,iir_o3_bw6500,3,6500.0,18.97068742077739,13.79864401751477,44.29000034603329,32.026986373642046,24.415620674983106,18.432339321970666,1.884725809799538,0.5221515030805424,1.0255810381458466,0.06295266332909043,26.538888888888888,20.016575223417618,25.538888888888888,20.016575223417618,-2.4061644097693953,1.998452309102399,157.45,141.26271238587532,78.725,70.63135619293766,18354947.290624432,25096929.257262543,2388791.9422102394,5350598.269417783,33.688733888906334,37.96769330661705,12.115054453033508,6.337721788733425,18354947.290624432,25096929.257262543,2206989.7222230043,5240398.097638815,46.2758389501913,59.432311984013836,26.08972329791885,13.314088926400489,50793.6507936508,0.0,793.6507936507987,0.0,2150702.302327958,5253180.401926787,18354947.290624432,25096929.257262543,238089.63988228125,408454.71299954195,180
50000.0,iir_o2_bw5500,2,5500.0,18.238074852843994,13.224478112366432,42.363355207460216,30.721929678227017,23.522486745814223,17.82082158855664,1.8690641656742883,0.5019865014428092,1.0211893719274217,0.05799603205410148,26.927777777777777,18.641885486062858,25.927777777777777,18.641885486062858,-2.447307146141536,1.8644366752003267,156.42222222222222,131.09909065456222,78.21111111111111,65.54954532728111,18083618.072358284,24732291.332544923,1779598.2210841964,3748213.380968245,36.23586188705977,37.16558388640203,12.780684413541874,6.11275110194357,18083618.072358284,24732291.332544923,1607755.651980598,3612829.866529515,50.541840441391734,61.213862621235144,27.49481108407878,12.91266353300953,50793.6507936508,0.0,793.6507936507987,0.0,1558284.0778276732,3622285.738401486,18083618.072358284,24732291.332544923,221314.14325652324,360969.8859143237,180
50000.0,iir_o5_bw7000,5,7000.0,19.243668868047607,14.031867532929128,44.60536700471132,32.50848856286301,25.087956449043915,18.857196041898632,1.8488958380081604,0.5089234458632729,1.0295535517083574,0.06890467722129544,28.45,21.966779132928444,27.45,21.966779132928444,-2.6011020342069133,2.1893575362853057,162.25555555555556,146.8903411233431,81.12777777777778,73.44517056167155,18399854.546937943,25149452.76036696,2335477.7569356565,5686926.415438864,54.18988706346432,130.30173223836323,12.578456525619428,6.845190640821028,18399854.546937943,25149452.76036696,2211773.45874767,5634931.493225645,68.40202494254366,162.22837492209626,26.718708874823676,13.992953816741432,50793.6507936508,0.0,793.6507936507987,0.0,2175418.9129723147,5644821.087400812,18399854.546937943,25149452.76036696,160058.84396334155,299479.64892208716,180
50000.0,iir_o6_bw7000,6,7000.0,19.14012760725097,13.941934149987063,44.10041106861904,32.278362349117664,25.031846043280787,18.65163814075886,1.8255885844517703,0.49821861334377776,1.0299466209146073,0.06954682051845854,28.666666666666668,22.184598814966336,27.666666666666668,22.184598814966336,-2.6255498389621397,2.2121432962244447,164.00555555555556,144.84260373671668,82.00277777777778,72.42130186835834,18402185.379665986,25149780.651623894,1916363.8729407184,4733669.755587085,48.941167603639315,72.66157500930238,13.114197011296765,6.587387868202933,18402185.379665986,25149780.651623894,1823775.1714080148,4695784.119519158,61.637043402806746,98.9158081055334,27.65181014684294,13.421998465742506,50793.6507936508,0.0,793.6507936507987,0.0,1799889.6494369295,4702595.941140756,18402185.379665986,25149780.651623894,116474.22350378917,224012.8265426147,180
50000.0,iir_o7_bw7000,7,7000.0,19.07437734301635,13.886261452797186,43.798731306834796,32.16107061504868,25.010511230423532,18.535071460887703,1.8103054586300797,0.4877060391973381,1.030055831712659,0.07023549494502491,29.6,21.947015933376647,28.6,21.947015933376644,-2.720675529085703,2.188049029244857,164.87777777777777,143.31789315304437,82.43888888888888,71.65894657652218,18403941.52014286,25149773.691057436,1663937.705159809,4128266.459546056,50.299619619697964,70.63203900841417,13.44564653915783,6.454161890043282,18403941.52014286,25149773.691057436,1588321.864282062,4096807.294459041,61.6696485820967,96.270546792349,28.154577128245844,13.09769533760206,50793.6507936508,0.0,793.6507936507987,0.0,1571660.8714910422,4101746.3090579943,18403941.52014286,25149773.691057436,92276.83366876653,179773.52205048306,180
50000.0,iir_o8_bw7000,8,7000.0,19.02999445605766,13.849545936666114,43.59702962528666,32.08880221269596,25.008606521815143,18.484281421955217,1.7995362170492182,0.4786836705205439,1.0301357924923091,0.07052754189014454,29.63888888888889,22.01542473205631,28.63888888888889,22.01542473205631,-2.725799071488543,2.1903493169333594,166.17222222222222,142.54850514493825,83.08611111111111,71.27425257246912,18405510.397834815,25149933.166972756,1501022.4898962588,3720278.7691423115,53.40206518057249,78.38853866715101,13.682747623987678,6.40350838145144,18405510.397834815,25149933.166972756,1435352.3586999972,3692384.5193641298,64.10141007371175,101.82265026935002,28.54097046218955,12.970139007873419,50793.6507936508,0.0,793.6507936507987,0.0,1423274.4501431684,3696076.0384649546,18405510.397834815,25149933.166972756,77748.03975309021,151854.98886544709,180
50000.0,iir_o2_bw5000,2,5000.0,17.685737809319708,12.842408272283553,39.81626002853326,28.89673984444972,23.16184483519053,17.355080075645276,1.7902269833775508,0.47835083169713083,1.0241068689672,0.06078558016926366,29.788888888888888,21.02724725802583,28.788888888888888,21.02724725802583,-2.743082099213122,2.0933193868397995,154.73888888888888,127.16238524902799,77.36944444444444,63.581192624513996,17962771.473188277,24572458.154079817,890244.7055939408,1859330.8781321296,73.82281287510493,80.67800808833083,15.714385805858821,6.238623360499113,17962771.473188277,24572458.154079817,799853.7999052817,1789335.1626738198,103.81247898866529,132.8162614161504,33.38816986068708,13.160662867125964,50793.6507936508,0.0,793.6507936507987,0.0,772202.1061000564,1794236.3812485484,17962771.473188277,24572458.154079817,118042.59949388435,194389.63651772865,180
50000.0,iir_o3_bw6000,3,6000.0,18.381279206878535,13.352824936345227,41.46107598285819,29.991159229832366,23.85638879583694,17.71231720955703,1.8099371525061823,0.5085743256970213,1.0254597697849708,0.06259521909375075,29.91111111111111,21.13491878514381,28.91111111111111,21.13491878514381,-2.7531718445274787,2.102382349179559,159.2111111111111,140.084531100001,79.60555555555555,70.0422655500005,18323796.651138585,25059533.880813345,1072134.6122123287,2367737.3393879714,76.62656974989956,90.90566693322526,15.48405750304441,6.434540855418735,18323796.651138585,25059533.880813345,983865.7587106503,2314382.8020938793,107.22227766813609,145.30766889094787,32.878540488036215,13.548541412692117,50793.6507936508,0.0,793.6507936507987,0.0,955639.4509429258,2320473.5180951767,18323796.651138585,25059533.880813345,116495.16126940292,202952.732599919,180
50000.0,iir_o4_bw6500,4,6500.0,18.68353067692055,13.57823799753091,42.393453367520834,30.61929589950474,24.31757524744299,17.98562856211051,1.8139962516063382,0.5101804060217275,1.0285462428415948,0.0653482751547557,30.094444444444445,21.731910790747502,29.094444444444445,21.731910790747502,-2.7704072315379387,2.1646250462960563,162.37777777777777,142.29048718602905,81.18888888888888,71.14524359301453,18369782.27970765,25115963.491396613,1309737.6178635953,3038122.1610749695,82.01249557523425,168.02972401384824,14.827738415982859,6.683490787348417,18369782.27970765,25115963.491396613,1224062.3592462845,2995393.32080473,105.65879301152789,210.8083838220351,31.322781507661816,13.780607025646425,50793.6507936508,0.0,793.6507936507987,0.0,1197487.462181637,3002144.473966329,18369782.27970765,25115963.491396613,112250.15568195813,205137.02921336977,180
50000.0,iir_o5_bw6500,5,6500.0,18.546405458360773,13.484641493053903,41.5967602494355,30.0769820154368,24.14489592983747,17.750317837533448,1.789749113501878,0.5000637848785413,1.0285355461897112,0.06452027293330836,32.227777777777774,24.390865254912597,31.227777777777778,24.390865254912597,-2.986796337273416,2.433015797925468,161.45555555555555,139.64933426673454,80.72777777777777,69.82466713336727,18371303.71190993,25115546.234743707,867248.6909211918,2029876.754924262,95.90996831193212,136.56017054124905,16.166750382188845,6.407633108942364,18371303.71190993,25115546.234743707,816234.4250995361,2005763.2316480551,127.77291846754565,209.48166391680618,33.90961017406569,13.212601532018216,50793.6507936508,0.0,793.6507936507987,0.0,803382.546243159,2009370.173381008,18371303.71190993,25115546.234743707,63866.14467803301,121773.41066749678,180
50000.0,iir_o6_bw6500,6,6500.0,18.47132048346363,13.438397253012548,41.183717415293806,29.806468151897427,24.04058662604903,17.639089137738193,1.7781063272629454,0.488819268347018,1.0277146275135118,0.06310493661294958,32.3,24.709688688524565,31.3,24.709688688524565,-2.995491004301364,2.465675075028785,158.62777777777777,138.47949369421127,79.31388888888888,69.23974684710564,18371223.224314343,25113269.575406194,658007.2041070993,1529123.3563322255,112.22343845324829,153.85344220153578,16.967612254399818,6.236949110705959,18371223.224314343,25113269.575406194,621840.1265690033,1511773.0066658303,140.54507830397603,212.2798338176886,35.33433050859887,12.72460017608091,50793.6507936508,0.0,793.6507936507987,0.0,615604.4543332628,1513683.609540108,18371223.224314343,25113269.575406194,42402.749773836505,82248.61672236177,180
50000.0,iir_o8_bw4500,8,4500.0,17.705610309653967,12.896353483161285,38.185017207660955,27.89535007186052,22.73366997155858,16.70681964372204,1.756174169594355,0.47321470556193695,1.0261888980627611,0.06167908107814288,32.31111111111111,24.667008905975482,31.31111111111111,24.667008905975482,-2.999498863702164,2.46154068135208,167.81666666666666,113.00583240003402,83.90833333333333,56.50291620001701,18247257.893131875,25007272.31094434,19717.146518124293,43267.09830738105,4548.026441887379,6545.916190930031,32.222873080806444,6.900687690208555,18247257.893131875,25007272.31094434,18482.517575715156,42213.61678278764,5876.136471767286,9252.196493369416,65.90279417536061,14.175532936904832,50793.6507936508,0.0,793.6507936507987,0.0,18429.939920567536,42233.51033290452,18247257.893131875,25007272.31094434,1287.2065975567564,1959.3006156340089,180
50000.0,iir_o8_bw5500,8,5500.0,17.958595830411483,13.105491995549098,39.27720458363715,28.657677546033856,22.888523072170383,16.903489405392257,1.8023951798529794,0.5185542616336528,1.0286237989336235,0.06411431206246732,32.455555555555556,26.83496473058737,31.455555555555556,26.83496473058737,-3.0086803347051974,2.6914036160709367,158.96666666666667,119.07083943799702,79.48333333333333,59.53541971899851,18312406.87630606,25049260.843635004,68964.9311192481,122776.41928208161,1713.826969154925,5182.734694331763,26.65644105449378,6.508487476795452,18312406.87630606,25049260.843635004,66069.29203162709,119961.51293158256,2352.268610110698,7983.330049316044,54.50002445776293,13.454955987521462,50793.6507936508,0.0,793.6507936507987,0.0,65926.34527111793,120033.87572928632,18312406.87630606,25049260.843635004,3038.5858481301675,4713.513416264907,180
50000.0,iir_o7_bw4500,7,4500.0,17.682315086722134,12.880194914966404,38.09461077443241,27.826521381288096,22.751940366171798,16.721404891665237,1.7513301047686285,0.4709479718718719,1.026247262561593,0.06164986529690716,32.483333333333334,24.540577502049093,31.483333333333334,24.54057750204909,-3.0173506280643436,2.4490268165752855,167.93333333333334,112.97879367929652,83.96666666666667,56.48939683964826,18246597.55476415,25005263.71493448,19151.494699637187,41573.74991432932,4274.516090222777,5659.256950392135,32.18504723155,6.80398484007359,18246597.55476415,25005263.71493448,17914.342537245288,40456.57013709448,5164.017572655796,6827.667119605741,65.75248748448067,13.77631202268645,50793.6507936508,0.0,793.6507936507987,0.0,17813.478934608338,40494.44592836456,18246597.55476415,25005263.71493448,1338.0157650288506,2044.9818363083332,180
50000.0,iir_o7_bw5500,7,5500.0,17.951818407579044,13.09906607833287,39.200555190535546,28.58707105352528,22.955260299124056,16.938647775723723,1.7916529210326009,0.5083231202094416,1.0286509814312612,0.06433731471970915,32.672222222222224,26.69878129069643,31.67222222222222,26.69878129069643,-3.0315666110281185,2.6762416524428962,158.56666666666666,119.38558254008629,79.28333333333333,59.692791270043145,18313236.77981833,25051438.576342456,69120.59003579691,123983.86463284305,1641.0416763458654,4749.956088636085,26.54820988300484,6.54004608071439,18313236.77981833,25051438.576342456,65685.07172899366,120935.95852707734,2179.3836371417747,6286.237744096575,54.52660360709407,13.608487826979939,50793.6507936508,0.0,793.6507936507987,0.0,65581.203808415,120988.71053015246,18313236.77981833,25051438.576342456,3539.386227381917,5686.425123892265,180
50000.0,iir_o7_bw6500,7,6500.0,18.427228966801945,13.41324522314441,40.959345455566464,29.647022464837566,23.95873637814243,17.585830962515978,1.7745822399077087,0.4814970969589597,1.0268891375264613,0.06192292177982679,32.74444444444445,25.020689142477554,31.744444444444444,25.020689142477554,-3.040377629792715,2.4980877943356745,154.9,136.62222514010898,77.45,68.31111257005449,18371032.766802065,25111473.666523352,548992.6018210644,1258826.6308252262,134.43876374415075,201.1711687102444,17.52917285345559,6.206718277717161,18371032.766802065,25111473.666523352,519937.6236905598,1244741.89423674,159.82397305060277,237.29378380371895,36.35009632438265,12.594188884553843,50793.6507936508,0.0,793.6507936507987,0.0,517353.5882500871,1245599.0477905895,18371032.766802065,25111473.666523352,31639.01357097725,61230.083132358115,180
50000.0,iir_o6_bw4500,6,4500.0,17.650564474580698,12.861029372813462,37.974713592750234,27.745915708783702,22.776839416944053,16.738516828971317,1.7441589110337758,0.46694788115975283,1.0262868018982831,0.0616316357138078,32.81666666666667,24.8239555862824,31.816666666666666,24.8239555862824,-3.0516122488503847,2.47802989450591,167.07777777777778,114.08648368846009,83.53888888888889,57.043241844230046,18245838.359276004,25001206.477761917,18306.388718490085,38787.40220604121,4163.415690846188,5806.21469451694,32.13584139587618,6.705734209607719,18245838.359276004,25001206.477761917,17048.163484030192,37565.569332735366,4894.897866963565,6732.120208758616,65.64524424506122,13.425295364613286,50793.6507936508,0.0,793.6507936507987,0.0,16885.717274535647,37626.71781187323,18245838.359276004,25001206.477761917,1420.671443954439,2191.4737968161808,180
50000.0,iir_o8_bw6500,8,6500.0,18.40016028707769,13.398511099605157,40.84407756779538,29.542409598243385,23.898065590183275,17.562704349561727,1.7751468109262833,0.47746124525578604,1.026244393424582,0.06105439041041741,32.916666666666664,24.700863984165533,31.916666666666668,24.700863984165533,-3.057522109208176,2.467131774174873,152.50555555555556,134.1916205670678,76.25277777777778,67.0958102835339,18370926.07561587,25110315.58070076,488281.402795315,1104050.0514562947,148.5541739418796,228.44832786583243,17.907456845346655,6.147285681809578,18370926.07561587,25110315.58070076,463154.59965522494,1091770.198016594,174.25898456918586,257.05609738463124,37.08010075749942,12.490745880278249,50793.6507936508,0.0,793.6507936507987,0.0,462576.4166509398,1091994.3586758077,18370926.07561587,25110315.58070076,25704.986144375216,49103.30663777442,180
50000.0,iir_o8_bw5000,8,5000.0,17.857084882904303,12.99797800317446,38.711275372324025,28.26016098855633,22.80768583576537,16.851428245088382,1.7877508500382413,0.5179676234747536,1.0267713737019513,0.06174128652507552,32.95,27.153047505332,31.95,27.153047505332,-3.0602463478894326,2.7167362344682875,162.77777777777777,115.4670165270094,81.38888888888889,57.7335082635047,18292604.252579506,25038711.64454238,35775.13729062986,70886.30629860502,2039.515768338337,2994.25139050186,29.27238918145811,6.278473222561498,18292604.252579506,25038711.64454238,34154.36630153661,69425.46869855246,2309.678469186437,3433.5103816088254,59.45047678388162,12.588677955572601,50793.6507936508,0.0,793.6507936507987,0.0,34153.14459676719,69426.07022869788,18292604.252579506,25038711.64454238,1621.992693862661,2477.792275888133,180
50000.0,iir_o7_bw5000,7,5000.0,17.843181199016424,12.993622518499398,38.66534730131431,28.229661722733134,22.843132695950093,16.864035517713493,1.7813027130919024,0.5105914692198885,1.0270841294893336,0.06203752134117578,33.0,27.209306656272666,32.0,27.20930665627267,-3.065913525932835,2.722349206411218,163.51111111111112,116.6697333994381,81.75555555555556,58.33486669971905,18289620.446343735,25035925.396699905,34556.34295694076,65882.05362834533,2103.558828529566,3336.4255045738278,29.2779533120299,6.269500665644966,18289620.446343735,25035925.396699905,32780.81175999148,64252.43846739527,2486.661786368071,4205.088516700552,59.59038423219191,12.646795092805359,50793.6507936508,0.0,793.6507936507987,0.0,32779.42867539582,64253.143911569736,18289620.446343735,25035925.396699905,1776.9142815449381,2733.9569295915285,180
50000.0,iir_o6_bw5500,6,5500.0,17.94432258719877,13.09171875955556,39.10732397812788,28.507653185607108,23.032349950584134,16.978132279877965,1.7784049062856186,0.495565419258968,1.0286627149409862,0.06480524037856596,33.02777777777778,26.57180228359353,32.02777777777778,26.57180228359353,-3.0686499845460635,2.6618307289840657,160.00555555555556,120.54570969299554,80.00277777777778,60.27285484649777,18314061.312809583,25053803.458619203,72540.46086789522,133467.98153757546,1355.324862490583,3035.3299857359743,26.315876605596586,6.554510630084637,18314061.312809583,25053803.458619203,68193.09948812894,129937.7300133202,1848.5954828979343,4356.560444273722,54.29945397195775,13.620347100657506,50793.6507936508,0.0,793.6507936507987,0.0,67940.5837620179,130048.41964625592,18314061.312809583,25053803.458619203,4599.877105877332,7849.293345710297,180
50000.0,iir_o6_bw5000,6,5000.0,17.822566087503592,12.984498730988651,38.58666804855508,28.172196053992902,22.890027019370436,16.878584965934774,1.7716255497491675,0.5001068109875244,1.027454991851202,0.06246816001289903,33.044444444444444,27.005652671726832,32.044444444444444,27.005652671726832,-3.071396227594545,2.7006700527117693,163.59444444444443,117.27752966095755,81.79722222222222,58.63876483047878,18287333.03526162,25033588.559760686,33356.81922107819,60438.24757589075,2183.3374238519746,3527.6376725536,29.260596568319613,6.312753407118298,18287333.03526162,25033588.559760686,31311.73277742128,58539.77618532756,2756.5802352328997,4789.0348713997,59.80151777509031,12.879760660576846,50793.6507936508,0.0,793.6507936507987,0.0,31295.770975913692,58547.1124835261,18287333.03526162,25033588.559760686,2061.0482451644993,3240.16390729691,180
50000.0,iir_o8_bw6000,8,6000.0,18.096661509713787,13.216080367571543,39.80559084041987,28.89809806870055,23.23920198065755,17.172753577639103,1.79018755602556,0.48741626160606233,1.0271350326118156,0.06355163620688356,33.172222222222224,25.829659136804842,32.172222222222224,25.829659136804842,-3.081378594641849,2.585749266670561,161.01666666666668,123.31168099734536,80.50833333333334,61.65584049867268,18335784.459532287,25071829.541846544,167744.5915227977,341604.5908703209,475.96384797337095,943.7206604349307,22.762418145036474,6.095056532603643,18335784.459532287,25071829.541846544,159854.16453804335,336395.28152580775,663.7137815871156,1596.1508652327489,47.02261606937171,12.797351753842642,50793.6507936508,0.0,793.6507936507987,0.0,159592.8595918519,336499.9011658194,18335784.459532287,25071829.541846544,8151.731930945804,14145.432777728876,180
50000.0,iir_o7_bw6000,7,6000.0,18.10356018162169,13.214852322872584,39.734628025670915,28.852552984664484,23.30516084100297,17.199680722669612,1.77924717950133,0.47910471508644054,1.0270200535284884,0.063297507564736,33.266666666666666,26.02611494668147,32.266666666666666,26.02611494668147,-3.092158292886196,2.604025450781183,160.86111111111111,124.1516806973936,80.43055555555556,62.0758403486968,18337921.870448854,25075095.39537561,179937.01150286273,373430.2944769914,425.24750343076175,654.6029395343535,22.49139384061268,6.160500199002743,18337921.870448854,25075095.39537561,170483.34667120405,367459.9303511528,546.6006431786224,903.6872728028079,46.52663916017508,12.742023774231644,50793.6507936508,0.0,793.6507936507987,0.0,169923.47159536555,367680.90212524176,18337921.870448854,25075095.39537561,10013.53990749719,18146.100848133876,180
50000.0,iir_o5_bw5000,5,5000.0,17.79125336405366,12.967954844382385,38.45702868610973,28.0764596297555,22.954073780312022,16.896449456232837,1.756780223756544,0.4845205602422841,1.027909617903798,0.06310667105588602,33.34444444444444,27.12279591688239,32.34444444444444,27.12279591688239,-3.1030338302924405,2.7115879711050903,163.2888888888889,118.92730462962672,81.64444444444445,59.46365231481336,18284867.885286428,25029745.76701857,33967.130456418396,58995.788627884715,2469.8304362432536,5246.12139558754,29.106274392213653,6.499780110993978,18284867.885286428,25029745.76701857,31247.5091109878,56647.303106996565,3493.414969501366,8393.339639401856,60.02398369792432,13.42680328827296,50793.6507936508,0.0,793.6507936507987,0.0,31185.119529092048,56678.94109059609,18284867.885286428,25029745.76701857,2782.0109273263442,4623.151580241952,180
50000.0,iir_o5_bw4500,5,4500.0,17.602693272058048,12.834009196869951,37.798882345915,27.634096004153403,22.809898866531988,16.76107363365404,1.7331835395241317,0.46005705890015147,1.026373365082367,0.06171324877688131,33.43888888888889,25.34062119517629,32.43888888888889,25.34062119517629,-3.115237154200462,2.5300507611784213,167.33333333333334,114.13037727423747,83.66666666666667,57.06518863711874,18242029.84837726,24990409.642448675,17213.651053522353,34593.729917474506,4207.785591606275,6836.272296345719,32.03624543724351,6.625252056474302,18242029.84837726,24990409.642448675,15799.054786900315,33222.765002901084,5396.309318629688,10071.499534497785,65.7084989834824,13.366862094900439,50793.6507936508,0.0,793.6507936507987,0.0,15620.798262045499,33287.27176222025,18242029.84837726,24990409.642448675,1592.8527914768533,2512.3684588285496,180
50000.0,iir_o6_bw6000,6,6000.0,18.117904199947464,13.216696379156186,39.684215771606766,28.81791721467853,23.387587354097594,17.23705872395329,1.767369344848148,0.46996230393026645,1.0269489083157772,0.06326286553613385,33.50555555555555,25.964629404953214,32.50555555555555,25.964629404953214,-3.1174726918789393,2.597166223807424,160.76666666666668,126.349081923033,80.38333333333334,63.1745409615165,18340123.343668412,25078955.205076404,208884.86076268306,443957.1663457314,624.6259241124013,2217.999962940192,21.907255116375055,6.587265406648384,18340123.343668412,25078955.205076404,195319.23857467115,436957.3355333542,729.3964528142486,2379.4014942696053,45.4927179840991,13.424835332956475,50793.6507936508,0.0,793.6507936507987,0.0,195105.3343198287,437050.528376222,18340123.343668412,25078955.205076404,13779.526442854372,25935.57883032583,180
50000.0,iir_o3_bw5500,3,5500.0,17.977029909017098,13.083012780537969,39.51916379291847,28.714945117267458,23.41227187430546,17.289950121405244,1.755911845999792,0.4758293301374365,1.0269778484181002,0.06512228674343605,33.6,23.959136534184346,32.6,23.959136534184346,-3.128640074986578,2.3812310930265186,162.39444444444445,136.0704507478708,81.19722222222222,68.0352253739354,18283866.28734537,25011387.279947177,424525.55872096244,913941.3493830838,192.96290683846576,240.57609901484358,19.297360904087217,6.503676165510064,18283866.28734537,25011387.279947177,385804.5301418592,890560.1932014722,272.9409448385458,387.099436658714,40.53356257999621,13.69684359533909,50793.6507936508,0.0,793.6507936507987,0.0,373529.93332336005,893041.9883953265,18283866.28734537,25011387.279947177,50995.62539760236,90073.81159673427,180
50000.0,iir_o4_bw6000,4,6000.0,18.2154562754622,13.25669262126849,40.188342328716644,29.124602284088812,23.636906119583585,17.394051651685814,1.7669525453482795,0.477677659291696,1.0273609708557425,0.06380920105510925,33.7,24.820225128289923,32.7,24.820225128289923,-3.1369809007634335,2.4740857611219114,158.93333333333334,135.68702074172523,79.46666666666667,67.84351037086262,18341951.822637625,25084390.08075812,475679.8789813046,1060021.2450235086,184.56662786249092,289.65858107929836,18.75911821768029,6.505978185808836,18341951.822637625,25084390.08075812,440241.21133860253,1041302.7155799806,260.5850911397837,476.605868925425,39.28842076240523,13.60942135408035,50793.6507936508,0.0,793.6507936507987,0.0,430663.9629823942,1043716.2584817217,18341951.822637625,25084390.08075812,45015.91599891033,83572.70097624799,180
50000.0,iir_o2_bw4500,2,4500.0,17.196576691063445,12.52529600914413,37.654113055074816,27.39513473600902,22.76042341990581,16.94598796359547,1.7266863742935388,0.4550786297116041,1.0260935779870461,0.0621335126187612,33.733333333333334,23.217841338603836,32.733333333333334,23.217841338603833,-3.145547087612876,2.2997981832777854,151.5388888888889,122.8949846419909,75.76944444444445,61.44749232099545,17782605.640717823,24332633.27074645,403829.81749944313,834124.5266532053,166.53234439740993,199.90823390946315,19.02784808898238,6.427508248342245,17782605.640717823,24332633.27074645,360966.9421203328,801742.0065172806,237.19478334566747,332.77446113010603,40.0304085495464,13.532601430549018,50793.6507936508,0.0,793.6507936507987,0.0,346974.67047012754,804049.9954537539,17782605.640717823,24332633.27074645,56855.147029315616,94644.01026246457,180
50000.0,iir_o5_bw5500,5,5500.0,17.93771792712612,13.083634419799974,39.01045327162881,28.42572098945333,23.111372505054817,17.005894017358425,1.7621473476047398,0.47790927965725116,1.0287414722471844,0.06578664917130901,33.833333333333336,26.43734027646985,32.833333333333336,26.43734027646985,-3.1509964107473585,2.642687813901658,164.31666666666666,124.28699330143365,82.15833333333333,62.14349665071683,18314721.80038064,25055830.928422984,88310.69873529008,171334.03677860877,986.4508316012598,1560.3610955548927,25.568838226754067,6.584646148416733,18314721.80038064,25055830.928422984,82086.50525557212,166583.3015851616,1253.9657536253999,2105.01060100675,52.79912418869172,13.405964974719033,50793.6507936508,0.0,793.6507936507987,0.0,80978.74172217249,167021.4482985894,18314721.80038064,25055830.928422984,7331.957013117587,13365.989426535114,180
50000.0,iir_o8_bw4000,8,4000.0,17.39757585342411,12.700332212911988,37.194845438056994,27.13342591993149,22.68854577655376,16.61892279267438,1.7073527112205518,0.4254027708389922,1.026857121394095,0.05981397939839408,33.772222222222226,23.83013222242065,32.772222222222226,23.83013222242065,-3.151136821287721,2.3727355980028597,164.75,112.07334365290389,82.375,56.03667182645194,18173299.191059165,24941958.62655043,8639.075463367382,17997.89268382701,9322.034441798705,14570.806379983102,35.068109698596814,7.124263704091336,18173299.191059165,24941958.62655043,7539.948096987556,16951.52002712264,12469.443041761204,19756.23468403782,72.34661467806889,14.561205030259949,50793.6507936508,0.0,793.6507936507987,0.0,7362.841707537591,17007.16565527561,18173299.191059165,24941958.62655043,1276.2337558297913,1956.7285405526195,180
50000.0,iir_o7_bw4000,7,4000.0,17.37739041612376,12.691502733422071,37.11515184119427,27.109171046043464,22.69285155045545,16.6237071907362,1.7027312143743958,0.42308499629627677,1.026432922222141,0.059336107162088335,33.90555555555556,23.70858864773034,32.90555555555556,23.708588647730338,-3.165152343748194,2.3612607900154203,164.92222222222222,112.14353609446945,82.46111111111111,56.07176804723473,18182090.530785356,24945181.441979457,8715.16631700668,18255.377317567803,9141.859256668122,13202.260860986156,35.073496795992085,7.1298961368645255,18182090.530785356,24945181.441979457,7623.663059339244,17203.626614717698,12099.556225467099,17216.11256282617,72.32732029349607,14.571824981348174,50793.6507936508,0.0,793.6507936507987,0.0,7434.124477070009,17263.47108744328,18182090.530785356,24945181.441979457,1281.0418399366724,1966.9199524997637,180
50000.0,iir_o5_bw6000,5,6000.0,18.148246131169095,13.22630539135483,39.76084314841402,28.830938964384494,23.501730095238525,17.290443973085587,1.759587535872153,0.4666357362804751,1.0271295308182775,0.06335600902657718,34.11666666666667,25.641332511413946,33.11666666666667,25.641332511413946,-3.179508912199223,2.5595037244468437,159.8111111111111,131.24989125353898,79.90555555555555,65.62494562676949,18342140.153965596,25083122.54652395,281007.22038885584,613714.8600755576,297.9156559390227,501.13126943003454,20.641917069221194,6.39559946080253,18342140.153965596,25083122.54652395,261166.31752876553,603637.6792850369,395.42705522354146,688.8851503662202,43.01886127290642,13.22638876214915,50793.6507936508,0.0,793.6507936507987,0.0,258657.09264971735,604386.6016386868,18342140.153965596,25083122.54652395,22350.12773913854,42637.07137715367,180
50000.0,iir_o6_bw4000,6,4000.0,17.344492202652038,12.675161043615514,36.994801864604,27.058477706629585,22.694488957710185,16.630813742049813,1.6968679696587623,0.42079135393987116,1.0260593295011238,0.058956353674438244,34.21666666666667,23.83304944420785,33.21666666666667,23.83304944420785,-3.197123514831212,2.374192849112434,164.85555555555555,112.34245938759699,82.42777777777778,56.171229693798495,18185342.40882234,24939759.588052046,8729.286034952187,18316.121326484124,9407.452878845981,13649.979171571884,35.09998954797422,7.190294789452022,18185342.40882234,24939759.588052046,7653.963555464433,17243.781678754494,12060.264724519973,16973.903496208295,72.27976543614285,14.596821165031994,50793.6507936508,0.0,793.6507936507987,0.0,7437.577930737905,17313.716197220278,18185342.40882234,24939759.588052046,1291.708104214281,1990.3716230806685,180
50000.0,iir_o4_bw4500,4,4500.0,17.523662158839265,12.788393356599803,37.52681043542161,27.457933651535917,22.84741816230284,16.78812391755686,1.7169928376369092,0.4504686240150091,1.0268745239211097,0.06240949388142281,34.333333333333336,26.116413212884833,33.333333333333336,26.116413212884833,-3.20672321857066,2.60653894995469,165.7277777777778,115.69043796431458,82.8638888888889,57.84521898215729,18222791.31044523,24955380.47441853,18200.807550065078,33567.509171290614,4331.863889156779,8624.112085495186,31.5665926287052,6.695911270043664,18222791.31044523,24955380.47441853,16121.047805436077,31950.395005880593,6243.497437810982,13463.389514025981,65.45836135324242,13.783806996706165,50793.6507936508,0.0,793.6507936507987,0.0,15948.493110183394,32009.175825797338,18222791.31044523,24955380.47441853,2252.314439881683,3751.5523800273413,180
50000.0,iir_o4_bw5000,4,5000.0,17.743260642162053,12.93893143906383,38.26552110158699,27.94290936543979,23.021411449774334,16.91667347328737,1.7366356341252904,0.4655486259211018,1.0282563959919258,0.06409705838422539,34.477777777777774,26.43247020366541,33.477777777777774,26.43247020366541,-3.218721299711137,2.639304945249561,163.1,121.7759688615893,81.55,60.88798443079465,18276038.056393594,25014760.028838973,47787.71280005839,88569.13895999799,1415.3572299956697,1951.039620295355,27.84225592529435,6.368628605750944,18276038.056393594,25014760.028838973,43382.07693887662,85059.07129983869,1942.9164003574178,3057.0780274699364,57.58004397229862,13.078059893123903,50793.6507936508,0.0,793.6507936507987,0.0,42297.88579958998,85466.61439695914,18276038.056393594,25014760.028838973,5489.8270004684155,9835.015345287105,180
50000.0,iir_o5_bw4000,5,4000.0,17.289858179412924,12.645195825132317,36.80433917456346,26.957981305023786,22.69958461371405,16.64582962222784,1.6881061315488652,0.41747350572776887,1.025765849276469,0.05871506767452652,34.53333333333333,23.986122617302915,33.53333333333333,23.986122617302915,-3.230051337738573,2.390319602765212,164.66666666666666,112.50673474565195,82.33333333333333,56.25336737282598,18175490.114233408,24914709.981491137,8586.732739010033,17876.551330284314,9774.624200979375,15954.996637254633,35.09162305190138,7.2232250082480185,18175490.114233408,24914709.981491137,7548.61813515338,16767.73584585087,12437.148830068285,19862.317225313815,72.16984962017912,14.600474684533438,50793.6507936508,0.0,793.6507936507987,0.0,7273.03137919123,16855.44342481845,18175490.114233408,24914709.981491137,1313.701359818802,2044.2174958127453,180
50000.0,iir_o4_bw5500,4,5500.0,17.938550691302698,13.076481176213361,38.98072587218118,28.37703583012943,23.191401177000444,17.04324216631861,1.747086316164167,0.4606534798278366,1.0284449883987832,0.06605045357135127,34.894444444444446,26.262213912347566,33.894444444444446,26.262213912347566,-3.2587698698969283,2.618698383622586,162.32222222222222,128.5761585741826,81.16111111111111,64.2880792870913,18312115.31083653,25052421.61348024,152099.597092459,315877.3291239993,509.36476559478615,654.6219819666867,23.312631204304807,6.448046899400332,18312115.31083653,25052421.61348024,138409.3125809572,308259.79527098074,681.240925075778,951.4037603754191,48.410662698610736,13.325133441747388,50793.6507936508,0.0,793.6507936507987,0.0,136041.13446001706,308874.2987112799,18312115.31083653,25052421.61348024,16058.462632441953,29827.95234030377,180
50000.0,iir_o4_bw4000,4,4000.0,17.194621929187633,12.587562438045733,36.48587034635095,26.760038387361966,22.697924022547372,16.664806071861676,1.6748605353404076,0.4125068070806818,1.025590209194424,0.05890738198643699,35.138888888888886,24.57772163959003,34.138888888888886,24.57772163959003,-3.2924908881048167,2.449868122489636,164.0888888888889,112.6197085706364,82.04444444444445,56.3098542853182,18131073.01605148,24840587.429103576,8450.130861319925,16923.03750859105,10907.49695417197,30307.291030809844,34.78079480960641,7.126363674406688,18131073.01605148,24840587.429103576,7360.751498068744,15799.77204849225,12626.020920285147,30970.0171312388,71.54098910148952,14.15475966621994,50793.6507936508,0.0,793.6507936507987,0.0,7043.3119286144565,15899.11059580066,18131073.01605148,24840587.429103576,1406.818932705468,2244.2175876333176,180
50000.0,iir_o3_bw5000,3,5000.0,17.67672198339796,12.888252209319372,38.17438081913415,27.838974498954244,23.030437591620164,16.918285134126506,1.7215806864756464,0.44676738108158,1.0281453657639237,0.06508498810162514,35.272222222222226,25.54016019416553,34.272222222222226,25.54016019416553,-3.299794939698842,2.540586132045365,160.22222222222223,125.43433170569023,80.11111111111111,62.71716585284511,18227790.66818131,24942466.197628256,148421.92767223934,307349.50929595117,531.5753934881224,701.7579902221438,23.538202159745506,6.542596942102223,18227790.66818131,24942466.197628256,133079.34124577104,298279.4408438006,726.1079420880967,1062.1314877517525,48.917788982543485,13.584708969127608,50793.6507936508,0.0,793.6507936507987,0.0,128543.22739588316,299142.35981219896,18227790.66818131,24942466.197628256,19878.700276356205,35419.24531063839,180
50000.0,iir_o3_bw4500,3,4500.0,17.386351721232902,12.69923737477127,37.136162726264494,27.169604939159413,22.859291026934326,16.805734154910933,1.6952684445599902,0.4360779701474974,1.0278939149236532,0.06402089305486343,35.93333333333333,26.115685904822218,34.93333333333333,26.115685904822218,-3.369384956339697,2.600745508673564,159.4388888888889,118.31159332912802,79.71944444444445,59.15579666456401,18139654.581952132,24830442.853170667,47352.46819024525,93308.01967797201,1364.415509315194,1680.774216799823,27.936552778963925,6.396858683116359,18139654.581952132,24830442.853170667,41632.63943762159,90215.57977878135,1807.29389642431,2281.138007062133,57.884406134760994,13.08629472638754,50793.6507936508,0.0,793.6507936507987,0.0,40269.4359874406,90471.82808815461,18139654.581952132,24830442.853170667,7083.0322028046485,12536.156692962099,180
50000.0,iir_o2_bw4000,2,4000.0,16.700932188256225,12.208063459865054,35.70681531596119,26.00650535280685,22.400236708512434,16.605020192202222,1.664236325310087,0.40825620127275974,1.0273190851209177,0.06286615236418984,36.33888888888889,24.294322827845253,35.33888888888889,24.294322827845253,-3.4138003525757195,2.411305978684988,148.90555555555557,118.56689398331916,74.45277777777778,59.28344699165958,17504964.529235348,23961564.257028908,164183.73215491086,334023.0421922309,410.11523069087434,546.2071326623529,22.730930613126297,6.627881956920968,17504964.529235348,23961564.257028908,146237.22249258918,320995.50222369004,589.3489643554675,912.9971482312952,47.40619570515111,13.899834077816957,50793.6507936508,0.0,793.6507936507987,0.0,139877.68043380426,322009.44416199194,17504964.529235348,23961564.257028908,24306.051721106618,40983.71060827751,180
50000.0,iir_o3_bw4000,3,4000.0,17.018356050314615,12.46843634504716,35.96711703157655,26.38707368173161,22.658563911268896,16.66699280204526,1.655949051610046,0.4056367098846158,1.0264191334720134,0.061093885780718976,36.81111111111111,25.639919314336503,35.81111111111111,25.639919314336503,-3.4622855022961354,2.5529824303368582,160.72222222222223,114.48964021126336,80.36111111111111,57.24482010563168,17986748.130821332,24629764.312973585,15158.986129308185,28755.629178170915,3383.939085641101,3998.087356871836,32.113019557375445,6.333984443623946,17986748.130821332,24629764.312973585,13373.570983849477,27526.355258962234,4832.232438755149,6658.899333155761,66.47191552542549,12.993418313559104,50793.6507936508,0.0,793.6507936507987,0.0,12543.928370187708,27724.457272422304,17986748.130821332,24629764.312973585,2615.057759120475,4442.712823474529,180
50000.0,iir_o4_bw3500,4,3500.0,16.694151726663943,12.305505921527823,34.8881774915219,25.741560943702527,22.54401039321419,16.623950714681126,1.6078315093256512,0.3572476293899877,1.0236589730364731,0.05440991560429992,38.22222222222222,25.610436846744093,37.22222222222222,25.610436846744093,-3.609817642263138,2.548155416587199,158.65555555555557,110.50222183474814,79.32777777777778,55.25111091737407,17945495.34683062,24592584.07918997,4347.6977045997555,7494.990437662154,12622.344020957376,23770.07083474143,36.64291391676075,6.789465392883002,17945495.34683062,24592584.07918997,3436.0658599368307,6439.588716426273,16487.265096352334,29303.864469223165,75.83921753335173,13.534774913675202,50793.6507936508,0.0,793.6507936507987,0.0,3186.7303886851437,6485.9511846854775,17945495.34683062,24592584.07918997,1160.9673159146118,1825.9916329510543,180
50000.0,iir_o5_bw3500,5,3500.0,16.80120186595202,12.386446476821606,35.16222338614715,25.991737974303398,22.6268007155643,16.65731323007367,1.6093863834033888,0.3531402620877697,1.0234342314882068,0.05396683839227575,38.45,25.328076368211754,37.45,25.328076368211754,-3.6322796534001562,2.51929709994402,158.9777777777778,110.53743548264015,79.4888888888889,55.268717741320074,18055988.09161849,24753840.79918255,4243.7604766173645,7189.608133852631,13063.481623232497,23136.78530170671,36.78617496089477,6.687554008107934,18055988.09161849,24753840.79918255,3300.042252902671,6031.824043149948,16178.690672415867,26981.530289279977,76.16273659494064,13.129905486207534,50793.6507936508,0.0,793.6507936507987,0.0,3026.791340448125,6071.473766735657,18055988.09161849,24753840.79918255,1216.9691361692387,1897.793150529165,180
50000.0,iir_o6_bw3500,6,3500.0,16.864240039799157,12.430784601503625,35.32062037921269,26.132655966305414,22.681495250444783,16.678564755410154,1.6094597640099715,0.3509715997056338,1.0234316115637827,0.05391416332499958,38.638888888888886,25.001846610881884,37.638888888888886,25.001846610881884,-3.651099225466249,2.4863282032142378,160.96666666666667,110.44222433562773,80.48333333333333,55.221112167813864,18108235.751445584,24835348.816276606,4154.773046197531,6887.030783961198,12078.384632018155,19973.882306761232,36.78928937840744,6.473808701051945,18108235.751445584,24835348.816276606,3206.8393561828266,5683.491644838808,15640.799865103167,25918.22186343732,76.25556356781232,12.804651727564242,50793.6507936508,0.0,793.6507936507987,0.0,2894.3559035142807,5706.0812441247035,18108235.751445584,24835348.816276606,1260.4171426832497,1962.5454763081232,180
50000.0,iir_o7_bw3500,7,3500.0,16.90180655372668,12.45359839471829,35.41475264140089,26.205316807711704,22.71764448253621,16.689156435690382,1.6093112214386192,0.3499857450811702,1.0235564371113675,0.05398263620097378,38.71666666666667,24.664514350710913,37.71666666666667,24.66451435071092,-3.6588490767171757,2.452776321422078,162.08333333333334,110.95269891556511,81.04166666666667,55.476349457782554,18132397.900646072,24877773.77176118,4088.791505528007,6657.183230386428,11494.738691035072,18519.30179696197,36.783898323454096,6.323241536632664,18132397.900646072,24877773.77176118,3139.604751143012,5426.5480463449185,15205.458499215109,24784.151419732076,76.30581657458721,12.589534498270972,50793.6507936508,0.0,793.6507936507987,0.0,2795.339739251964,5434.35951828485,18132397.900646072,24877773.77176118,1293.4517662760422,2014.0255098704474,180
50000.0,iir_o8_bw3500,8,3500.0,16.92332999954948,12.46275238188069,35.467319727185036,26.233569524429264,22.738103402036117,16.690740650027298,1.6092001488990406,0.34971905138831766,1.0237036369864696,0.05412385434309768,38.733333333333334,24.80552290278209,37.733333333333334,24.80552290278209,-3.6604958607901827,2.4670239930774347,163.37222222222223,110.69667805018805,81.68611111111112,55.34833902509403,18142725.711209476,24900433.305020936,4051.370084009084,6510.962796989465,11077.456639233915,17560.800067471086,36.76837232150971,6.212552162308788,18142725.711209476,24900433.305020936,3103.151861885063,5265.356618122704,14666.803782739917,23259.10302647256,76.28031631232612,12.403512880194759,50793.6507936508,0.0,793.6507936507987,0.0,2732.967656554133,5263.7291826152905,18142725.711209476,24900433.305020936,1318.402427454951,2053.272608951564,180
50000.0,iir_o3_bw3500,3,3500.0,16.50026931453297,12.15242645068374,34.39032657149795,25.293904983041067,22.40079902490926,16.556176946212524,1.6024474646363955,0.36469905055098845,1.024684478925906,0.05632342191576723,38.733333333333334,25.702770322178058,37.733333333333334,25.702770322178054,-3.6618038145295264,2.5556191078801245,157.77777777777777,111.27305764722487,78.88888888888889,55.63652882361244,17699990.793338064,24248128.85729441,5793.3885099661675,10010.952871233312,7183.725282567496,10355.86038958005,35.232203313062634,6.459140226809343,17699990.793338064,24248128.85729441,4982.243962299331,9205.15520663461,9750.572925191802,15859.859156050647,72.61394616531983,12.970379906061503,50793.6507936508,0.0,793.6507936507987,0.0,4511.926492656003,9304.247122413712,17699990.793338064,24248128.85729441,1281.4620173101655,2066.4869642015565,180
50000.0,iir_o2_bw3500,2,3500.0,16.12411302261912,11.832678418326692,33.7641857073156,24.602568358486,22.00058306058418,16.34180677455069,1.609994894505878,0.3812096955375679,1.0281382386536984,0.06303999307111101,39.6,26.2811613392708,38.6,26.281161339270803,-3.7472095797265204,2.6108451076250883,142.7,115.85195233717555,71.35,57.92597616858777,17063805.99637682,23371167.226637002,59425.35570611935,117671.90341120586,940.5551482022701,1084.0037062802144,26.749561152094138,6.187108303749398,17063805.99637682,23371167.226637002,52894.69174424726,113248.48564973092,1289.1198174438612,1680.604909746589,55.32770290057102,12.880723234379927,50793.6507936508,0.0,793.6507936507987,0.0,50338.30378644029,113682.74463146494,17063805.99637682,23371167.226637002,9087.05191967907,15555.42837501418,180
50000.0,iir_o3_bw3000,3,3000.0,15.767980539474575,11.684953160064808,32.21567964739838,23.588487683968047,21.932598775603104,16.415582468283144,1.5559244625820612,0.36819783310244975,1.026620877305971,0.056567867895769806,41.88333333333333,24.880109171831112,40.88333333333333,24.880109171831112,-3.9836642758920404,2.472493904012006,145.56666666666666,110.17482805718446,72.78333333333333,55.08741402859223,17133047.770082634,23496711.947297774,3359.42844704443,4541.396612295627,6320.709516996091,5298.682634845533,36.108252905173316,5.079217471004079,17133047.770082634,23496711.947297774,2698.123592397736,3643.7011570838827,8185.022270333555,6725.0133786355755,74.48082865146077,9.937492530182656,50793.6507936508,0.0,793.6507936507987,0.0,2518.4371254480684,3677.8142766849933,17133047.770082634,23496711.947297774,840.9913215963613,1323.5484187432423,180
50000.0,iir_o4_bw3000,4,3000.0,15.963321471945722,11.863832560715904,32.62833274477268,24.027783689116234,22.177991999976598,16.61573546660238,1.5534411143653102,0.3591100547410784,1.0254551143512325,0.054914037384316494,42.01111111111111,24.4711639420834,41.01111111111111,24.4711639420834,-3.996784631352486,2.431394140763249,145.1611111111111,109.26975302494667,72.58055555555555,54.63487651247333,17494964.16201932,23993158.821802977,3163.3249965493665,4304.472472257393,6616.679950007675,7014.028154611611,36.156344590943945,5.171395805576308,17494964.16201932,23993158.821802977,2387.2755961300754,3122.818356440732,8826.589679937215,10536.22786522008,74.75401149040168,9.997191869940053,50793.6507936508,0.0,793.6507936507987,0.0,2236.025574658682,3142.698671588363,17494964.16201932,23993158.821802977,927.2994218906845,1445.1433666738415,180
50000.0,iir_o5_bw3000,5,3000.0,16.079354561079477,11.971567839864012,32.87195445467166,24.310015815398177,22.310693327665003,16.71797250419196,1.551466290032395,0.35295287389759183,1.0247269730432815,0.053966604888100476,42.1,24.482829463676907,41.1,24.48282946367691,-4.005954464903584,2.4322697114456395,144.70555555555555,108.41208869194416,72.35277777777777,54.20604434597208,17701562.200720854,24277387.11499913,3238.648057606603,4423.319629520534,6353.880583365858,7658.24038132576,35.97676566570758,5.234537034373085,17701562.200720854,24277387.11499913,2390.857954527209,3121.43687973701,8732.253520783317,12752.834020735541,74.47943637173951,10.127809405177844,50793.6507936508,0.0,793.6507936507987,0.0,2238.257694724237,3135.9386231109943,17701562.200720854,24277387.11499913,1000.3903628823662,1557.5806858160367,180
50000.0,iir_o6_bw3000,6,3000.0,16.156577767895097,12.045265133458232,33.02785694862326,24.512776470462846,22.397166421428054,16.78298131634393,1.5491235582010117,0.3477752148815029,1.0240193015913341,0.053274615053426046,42.227777777777774,24.35854857927477,41.227777777777774,24.35854857927477,-4.019103120546726,2.4202526434881104,143.30555555555554,109.12660359152335,71.65277777777777,54.563301795761674,17843961.432210505,24473955.631151218,3315.047071152178,4534.080895646289,6015.803872064886,7146.691305278442,35.81947670278855,5.3276046634593754,17843961.432210505,24473955.631151218,2412.9331623273683,3156.6183251099737,8260.465513012243,11632.789736535473,74.20656296017485,10.294544697195647,50793.6507936508,0.0,793.6507936507987,0.0,2259.1981460311113,3167.2463731706957,17843961.432210505,24473955.631151218,1055.8489251210667,1645.6447343987124,180
50000.0,iir_o7_bw3000,7,3000.0,16.213700878874974,12.101724954458868,33.13987711710343,24.673362586308812,22.46275898751187,16.82980360874784,1.546517387542147,0.3429086977625958,1.0233450329533849,0.05268649037267043,42.266666666666666,24.101183354892466,41.266666666666666,24.101183354892466,-4.023410293166448,2.394634834964815,143.27777777777777,108.58758304044193,71.63888888888889,54.293791520220964,17958670.313539922,24631974.54888217,3373.790302490479,4610.854809961164,5750.357136389912,6546.527922559909,35.69737211014728,5.436793295971599,17958670.313539922,24631974.54888217,2429.7805860473263,3178.670411622138,7919.893602555299,10701.665823015206,73.99125293598735,10.516734272980557,50793.6507936508,0.0,793.6507936507987,0.0,2273.3944149117056,3186.082553830623,17958670.313539922,24631974.54888217,1100.3958875787737,1717.3685311807212,180
50000.0,iir_o2_bw3000,2,3000.0,15.39156746616399,11.338647147221176,31.564869140805953,22.85053295187011,21.448722477969525,16.043257776346078,1.5650305635436295,0.3859583407570906,1.0312070415110566,0.06291283541461407,42.522222222222226,26.567181745005055,41.522222222222226,26.567181745005055,-4.045874484864976,2.6392912764312304,138.47222222222223,113.01225674149283,69.23611111111111,56.50612837074642,16344297.395157507,22408235.85924467,19587.525033358907,36061.98528089717,1906.5982284836284,1568.624675946285,30.669946133065963,5.42333834327944,16344297.395157507,22408235.85924467,17489.17945811058,34746.9005147205,2361.92729322907,2166.846948996135,62.92705907273469,10.953149944768207,50793.6507936508,0.0,793.6507936507987,0.0,16594.124654791118,34944.61083208789,16344297.395157507,22408235.85924467,2993.400378567787,5182.87746545688,180
50000.0,iir_o8_bw3000,8,3000.0,16.25999301880603,12.149009066072187,33.22773877865374,24.80972959299691,22.518574875890017,16.87710303333394,1.5440304844549255,0.3384435550252541,1.0226270403886968,0.052253224129130346,42.53333333333333,24.080962136720526,41.53333333333333,24.080962136720526,-4.0504983498485005,2.3929256569237762,143.4,108.14508153040464,71.7,54.07254076520232,18060028.004958495,24770283.352125376,3413.099562520322,4651.67279446189,5560.7144875215545,6072.744662245809,35.621034272253375,5.402322725124691,18060028.004958495,24770283.352125376,2438.4883921308306,3178.2980604076947,7676.805923429606,9982.937395844543,73.8568146017962,10.455371092675637,50793.6507936508,0.0,793.6507936507987,0.0,2276.1492330872397,3182.3453795785085,18060028.004958495,24770283.352125376,1136.9503294330825,1776.9727622065338,180
50000.0,iir_o2_bw2500,2,2500.0,14.428600971852616,10.65312950333919,28.88307518792849,20.684078473811237,20.55005448624962,15.538036999733515,1.5294491700873554,0.420130328719497,1.0346785434315195,0.06748406533023324,45.00555555555555,25.920268211554205,44.00555555555555,25.920268211554205,-4.300013381825481,2.5837478511532743,125.2388888888889,112.58974639447389,62.61944444444445,56.294873197236946,15150846.926349765,20805159.73746716,6731.993144354356,10137.354589852921,3640.9320012394023,3390.3389258439934,33.803895529473344,4.695356830178137,15150846.926349765,20805159.73746716,6007.122208249915,9667.223474517057,4438.979895599219,4181.552906701411,69.22347773966358,9.407341375700023,50793.6507936508,0.0,793.6507936507987,0.0,5785.354066163358,9742.864698678102,15150846.926349765,20805159.73746716,946.6390781909984,1612.9497441878927,180
50000.0,iir_o3_bw2500,3,2500.0,14.747165825906349,10.964329172286902,29.302332575718538,21.141317179429436,21.10794793575869,16.038784908358632,1.5187832797774505,0.4295611123184991,1.0306840914353699,0.06330014006710419,45.794444444444444,25.93970172126037,44.794444444444444,25.93970172126037,-4.3815092273652185,2.5892094132078087,130.09444444444443,107.48754363182036,65.04722222222222,53.74377181591018,16012301.625743834,22020352.921782773,2908.2930256452382,3891.9256992636965,4993.956667704187,3207.566603752721,35.78385300988497,3.9320097945460266,16012301.625743834,22020352.921782773,2395.3575769991007,3215.385638195018,6111.569311804128,3769.918306166023,73.44880301479698,7.577198954266466,50793.6507936508,0.0,793.6507936507987,0.0,2374.12894295181,3228.4810878865183,16012301.625743834,22020352.921782773,534.1640826934281,815.1331188233295,180
50000.0,iir_o5_bw2500,5,2500.0,15.01804493350095,11.214322124648634,29.74908061381564,21.521132564508886,21.570075440402814,16.480221751767104,1.5234295868103367,0.45937051653962435,1.029586634263594,0.06267149460494377,45.87777777777778,25.630955349520484,44.87777777777778,25.630955349520484,-4.390151705958262,2.559775300236249,128.19444444444446,107.02728191965183,64.09722222222223,53.51364095982591,16666461.086341763,22919939.261841685,3272.227709540762,4596.414801613861,4677.980563660422,3318.6965903895184,35.366732695800785,4.203524887102593,16666461.086341763,22919939.261841685,2712.3278560211356,3851.0903458385046,5674.562080272784,4044.0486172486953,72.53691494698724,8.100010709675317,50793.6507936508,0.0,793.6507936507987,0.0,2691.3170729656576,3863.5208888447805,16666461.086341763,22919939.261841685,580.9106365751043,878.154973582733,180
50000.0,iir_o4_bw2500,4,2500.0,14.91275565712999,11.121768484683848,29.564683386893183,21.372890430716573,21.398130082627695,16.316946345405363,1.5194275153485226,0.44406288833495994,1.029827795473666,0.06260842961764802,45.955555555555556,25.715422023704594,44.955555555555556,25.715422023704594,-4.3980786448363265,2.5672547317653014,129.2888888888889,108.08027685275697,64.64444444444445,54.04013842637848,16434463.628077399,22607209.653749127,3092.414355834142,4293.590597552224,4848.115018794894,3479.5972334653165,35.562142929471015,4.076785644549968,16434463.628077399,22607209.653749127,2544.7020566892656,3566.7753376175574,5927.3661568141015,4132.393214171453,73.01785081193323,7.845421841084454,50793.6507936508,0.0,793.6507936507987,0.0,2527.2620793234614,3577.029749548709,16434463.628077399,22607209.653749127,565.1522765106803,855.5703641930501,180
50000.0,iir_o6_bw2500,6,2500.0,15.093093723641926,11.273706952738717,29.899566176256357,21.630212618938074,21.677794264005012,16.573409741050952,1.5289058536130278,0.47279654164404816,1.0296383026889138,0.0627712343305848,46.227777777777774,25.55022014042314,45.227777777777774,25.55022014042314,-4.424659624852868,2.5526186878517505,126.9,107.36145287879542,63.45,53.68072643939771,16796100.703541044,23085506.133195616,3403.279023308056,4807.12863266362,4552.3408863115355,3184.524382126937,35.224042232491186,4.298465028626933,16796100.703541044,23085506.133195616,2834.3288697561757,4049.28527154047,5465.305139844098,3833.0117508877206,72.18786857473131,8.271921282931123,50793.6507936508,0.0,793.6507936507987,0.0,2811.7199278378566,4062.7733600892016,16796100.703541044,23085506.133195616,591.5590954701994,893.612864294239,180
50000.0,iir_o7_bw2500,7,2500.0,15.150671931088292,11.314410424445665,30.032202240834824,21.71934797461144,21.74657319057888,16.62513341737773,1.5351135104046219,0.48471224385385075,1.0298324796705072,0.06299897295349717,46.74444444444445,25.783828941512247,45.74444444444445,25.783828941512247,-4.475641959814751,2.5771526710851203,126.66666666666667,107.09046976778,63.333333333333336,53.54523488389,16864561.754789513,23164020.954796217,3497.517366013015,4959.382805901013,4459.623150637691,3071.9699405634587,35.12254858375722,4.369117331056675,16864561.754789513,23164020.954796217,2921.4592608745484,4192.192815656943,5335.011017835113,3684.1142976828755,71.95646261297918,8.419517641293105,50793.6507936508,0.0,793.6507936507987,0.0,2898.5987085933593,4205.745949240562,16864561.754789513,23164020.954796217,598.918657419656,904.0587753710502,180
50000.0,iir_o8_bw2500,8,2500.0,15.196447060011046,11.3434553215441,30.150831726383977,21.796695894087303,21.792260920242402,16.65249543635116,1.541420684401627,0.4954790034625129,1.0300932933177163,0.06332738705739649,46.81666666666667,25.958814608258248,45.81666666666667,25.958814608258248,-4.482117609963897,2.5958348052538636,126.3,106.8571280264254,63.15,53.4285640132127,16895674.96379802,23190054.320625193,3566.5047362673413,5073.245652344541,4393.26683345859,2984.8247585831573,35.05003054091308,4.425216515328283,16895674.96379802,23190054.320625193,2986.074970561716,4298.639009574237,5247.315886336953,3578.6365998663714,71.79204034370551,8.542722030105399,50793.6507936508,0.0,793.6507936507987,0.0,2962.513029147704,4312.0979551325045,16895674.96379802,23190054.320625193,603.9917071196377,911.0370114330323,180
60000.0,iir_o2_bw7000,2,7000.0,15.283611406851742,11.834657212210965,33.09604174894532,24.510669495790236,21.251735974806795,17.18299549991974,1.657216116094886,0.3643222523906306,1.0247381702086826,0.07812334258779566,28.194444444444443,26.03566467146872,27.194444444444443,26.03566467146872,-2.599683096376575,2.5810359605683977,191.38888888888889,136.17920287198007,95.69444444444444,68.08960143599003,16977326.554798298,24703854.264455434,825559.0261403475,1164912.031091962,54.74123852107806,104.11279365575554,13.231313074756876,5.689178593405884,16977326.554798298,24703854.264455434,814985.2941452676,1159268.5376096957,60.35787184650371,121.21355268883131,26.69817831173131,11.666679943133799,60317.460317460325,0.0,317.4603174603253,0.0,11203.282157660347,24782.09120010023,814355.7439826871,1159678.5533194987,16977326.554798298,24703854.264455434,180
60000.0,iir_o2_bw6500,2,6500.0,15.021661826213952,11.675709779915364,31.79796077809768,23.53603491469347,21.12492263058453,17.09779092603546,1.6032926611407576,0.3621244458473557,1.024825929391631,0.0790106230686188,31.81111111111111,27.871771203916175,30.81111111111111,27.871771203916175,-2.969300749306035,2.7610346436191975,194.62777777777777,136.4294906828983,97.31388888888888,68.21474534144915,16929937.72765983,24653604.008605152,508370.6263087547,722041.9690483793,93.20254102606044,190.41645754494735,15.419224273782339,5.733362919422692,16929937.72765983,24653604.008605152,502629.9430565921,719064.3757334522,107.45843959196114,261.22908630604786,31.080563984083064,11.810514760410477,60317.460317460325,0.0,317.4603174603253,0.0,6066.909901802835,13361.710347928341,502303.71640695195,719277.4313646209,16929937.72765983,24653604.008605152,180
60000.0,iir_o3_bw7000,3,7000.0,15.167471538668206,11.808952009063931,31.554177690084195,23.570669962262055,21.73786933984451,17.602696295703534,1.5441730405008205,0.3442883448035092,1.0248064233245051,0.07923548197677296,32.56666666666667,29.17718937609085,31.566666666666666,29.17718937609085,-3.0536652731216147,2.891223664416418,198.0,144.71775651342625,99.0,72.35887825671313,17160837.374089297,24914699.800557528,399330.58325200365,594642.5310255302,122.03795541079768,288.30252532966296,16.830257905142982,5.511821789699753,17160837.374089297,24914699.800557528,399185.9177903053,594567.1658160841,123.9630353072143,301.8319558774046,33.67489146175231,11.051086434185311,60317.460317460325,0.0,317.4603174603253,0.0,144.66546169837332,276.98969206189736,399185.9177903053,594567.1658160841,17160837.374089297,24914699.800557528,180
60000.0,iir_o4_bw7000,4,7000.0,15.117047286839501,11.792398527589022,30.898130939291974,23.147621278071114,21.839054697910942,17.638681618076856,1.5079013927648204,0.3483684612303498,1.0243231087286535,0.07917997899405457,35.43888888888889,32.804680802553435,34.43888888888889,32.80468080255344,-3.3468839095890908,3.252906928988893,202.31666666666666,146.8073063424662,101.15833333333333,73.4036531712331,17198540.5512454,24952568.261322502,240463.29035041112,368199.2923026975,170.11190081721244,302.17057863913226,19.141885756947225,5.08080602127038,17198540.5512454,24952568.261322502,240439.9256499005,368180.359707954,170.64817095521596,304.8096891262245,38.28884568375817,10.168948894113152,60317.460317460325,0.0,317.4603174603253,0.0,23.364700510604056,41.81997851572978,240439.9256499005,368180.359707954,17198540.5512454,24952568.261322502,180
60000.0,iir_o2_bw6000,2,6000.0,14.796120760771636,11.533685682270779,30.649924373944952,22.64022344117739,20.9670435245047,16.925986586534226,1.5576226223366758,0.35650449460391487,1.0254177953238193,0.08016744166074644,36.522222222222226,30.6813603370045,35.522222222222226,30.6813603370045,-3.447210702376656,3.0402502407380414,192.11111111111111,137.06112851016226,96.05555555555556,68.53056425508113,16857380.71605639,24572437.087678317,293630.12617557624,419622.67523246293,154.3935402050268,276.0353361393936,17.840822651846533,5.683246154571528,16857380.71605639,24572437.087678317,290624.3090913943,418135.82529151207,174.22501263770556,339.785562209628,35.91638993868181,11.703258708651811,60317.460317460325,0.0,317.4603174603253,0.0,3141.094366883536,6870.987394019163,290489.0318086927,418224.08013184025,16857380.71605639,24572437.087678317,180
60000.0,iir_o8_bw4500,8,4500.0,14.617281632762754,11.409415700722477,30.150069713006182,22.621492330513547,19.048682296244206,15.175369345394545,1.635886584107602,0.33964778407723406,1.026219494412809,0.07148281644962812,36.82222222222222,37.57720626641009,35.82222222222222,37.57720626641009,-3.464850933371593,3.739083863825418,206.7,124.75736899004578,103.35,62.37868449502289,17222916.596421253,25090815.070430007,1448.1378376328191,3080.465078751348,53816.74427890236,146054.55133395837,39.490269128254845,7.896434701213912,17222916.596421253,25090815.070430007,1440.2211427525735,3067.843657260681,66771.4323973789,218815.27851728187,79.15498889474695,16.101913218688285,60317.460317460325,0.0,317.4603174603253,0.0,7.916694880245466,13.657840621552293,1440.2211427525735,3067.843657260681,17222916.596421253,25090815.070430007,180
60000.0,iir_o7_bw4500,7,4500.0,14.603912083163573,11.402025608274167,30.065843118614197,22.55060472777074,19.08244632237439,15.205461000083146,1.629058435188406,0.3385440538128149,1.026461245304804,0.07185944914021777,37.272222222222226,37.90119919029044,36.272222222222226,37.90119919029044,-3.5108071686189697,3.7708758429706966,206.81666666666666,124.82785800484687,103.40833333333333,62.41392900242344,17212761.707765818,25077158.33712153,1461.228404339819,3138.011416974497,58684.84037339496,160741.73313030467,39.513631497778945,8.036110679648125,17212761.707765818,25077158.33712153,1453.223664009102,3125.2431343995568,75223.1086062013,241026.29366327703,79.22702964842493,16.446721992498777,60317.460317460325,0.0,317.4603174603253,0.0,8.00474033071681,13.786526622252916,1453.223664009102,3125.2431343995568,17212761.707765818,25077158.33712153,180
60000.0,iir_o5_bw7000,5,7000.0,15.095466027976112,11.785523516581835,30.563551531125142,22.925188029579992,21.80082991439262,17.554130923037835,1.4946464365774015,0.3535477943363882,1.023504421386749,0.07668568293856426,37.19444444444444,34.13775858403929,36.19444444444444,34.13775858403929,-3.524855336441995,3.3882159981912143,206.8,147.6063540440924,103.4,73.8031770220462,17211055.877404206,24963453.60263709,173540.8086239018,265585.03146940394,416.2396067310125,1444.0052515084317,20.957178875077293,5.64558727952023,17211055.877404206,24963453.60263709,173521.76957646266,265570.62716946163,420.2497214324511,1475.907024585873,41.92210449103099,11.304933808006897,60317.460317460325,0.0,317.4603174603253,0.0,19.03904743915363,33.60548749494314,173521.76957646266,265570.62716946163,17211055.877404206,24963453.60263709,180
60000.0,iir_o6_bw4500,6,4500.0,14.58461636498968,11.390883574350747,29.940524528349542,22.44179777640679,19.13313615497565,15.252852774598953,1.6190719847139765,0.3375371339580185,1.0268223517183395,0.07244889271085878,37.83888888888889,38.2888410730051,36.83888888888889,38.2888410730051,-3.568894190544437,3.8090637643772283,207.12222222222223,125.48492110688734,103.56111111111112,62.74246055344367,17193892.8683915,25051510.6005429,1470.589796889361,3171.487031255957,48595.459585549586,111787.5187400218,39.46884422720856,7.961469679438617,17193892.8683915,25051510.6005429,1462.475284045939,3158.5069554410275,54692.25501641972,138076.21740435314,79.08018055178415,16.135510523186728,60317.460317460325,0.0,317.4603174603253,0.0,8.114512843422178,13.952249048449517,1462.475284045939,3158.5069554410275,17193892.8683915,25051510.6005429,180
60000.0,iir_o6_bw7000,6,7000.0,15.085951274680285,11.783774406139106,30.38602269258549,22.810794439665358,21.754257150760726,17.476718402006014,1.4884896667019414,0.35661375322514,1.0230335350020812,0.07505520514243996,37.75555555555555,34.91724009875658,36.75555555555555,34.91724009875658,-3.5821319800829396,3.4682759000100147,210.11666666666667,150.4792446572806,105.05833333333334,75.2396223286403,17218022.185716994,24969535.79597851,142459.1254936453,214527.27806491285,1682.2120558944994,11372.208144543689,22.183986982790064,6.399806212024988,17218022.185716994,24969535.79597851,142441.684972186,214515.218792623,1915.3607002023673,14069.447151277227,44.39347212522689,12.883405944148645,60317.460317460325,0.0,317.4603174603253,0.0,17.440521459308766,31.71059975663554,142441.684972186,214515.218792623,17218022.185716994,24969535.79597851,180
60000.0,iir_o8_bw4000,8,4000.0,14.45078872417991,11.308643124757518,29.754632461721258,22.35892306600624,18.997513218632136,15.089102202623412,1.6114618875695161,0.31241863212178717,1.0281027604130863,0.0738864016456784,38.15555555555556,38.41944663289546,37.15555555555556,38.41944663289546,-3.60070754184182,3.8188891956136066,204.85555555555555,117.63731414164718,102.42777777777778,58.81865707082359,17161584.12705654,25057306.725251418,1108.5128334162748,2310.5823784032527,62531.9932531252,350904.19416377496,40.47171814729456,7.115885007595411,17161584.12705654,25057306.725251418,1100.046178387714,2298.303362215368,68844.18135469787,425991.3275054057,81.0360289251948,14.295803661868197,60317.460317460325,0.0,317.4603174603253,0.0,8.466655028560714,13.401869578584375,1100.046178387714,2298.303362215368,17161584.12705654,25057306.725251418,180
60000.0,iir_o7_bw7000,7,7000.0,15.081742017670893,11.784376735949571,30.295429541188962,22.753696839768693,21.725907368419897,17.420861111528495,1.485128743404333,0.35846582967874874,1.0226915700710606,0.07398859819412594,37.94444444444444,34.91085570504322,36.94444444444444,34.91085570504322,-3.601682942881823,3.4682711128989214,208.67777777777778,143.46232081017249,104.33888888888889,71.73116040508624,17223277.572945006,24974584.73025271,127060.82059121151,188472.97950876877,657.9505567087067,2324.1647902170025,22.59466817662312,5.744354432364973,17223277.572945006,24974584.73025271,127044.26441435117,188462.1792586867,671.1056444550557,2403.25029248954,45.20518905573769,11.520935964679524,60317.460317460325,0.0,317.4603174603253,0.0,16.55617686033857,31.30862943713923,127044.26441435117,188462.1792586867,17223277.572945006,24974584.73025271,180
60000.0,iir_o7_bw4000,7,4000.0,14.435531454522089,11.29816141287354,29.67786258452744,22.283570181879313,19.00775781283105,15.106532477811012,1.6077881253229331,0.31497133587545145,1.0284664510283092,0.0746472703387933,38.266666666666666,38.37867773944189,37.266666666666666,38.37867773944189,-3.6123820030461826,3.81421193541908,205.0888888888889,117.6787734920879,102.54444444444445,58.83938674604395,17135017.349324975,25016479.397441525,1118.7181785841935,2334.07787899045,56184.007462175934,243885.15087354355,40.46712551142336,7.169214108227156,17135017.349324975,25016479.397441525,1110.2462361384185,2321.7937181393386,59192.17982931943,273460.81534685794,81.02428117384851,14.390897663468246,60317.460317460325,0.0,317.4603174603253,0.0,8.471942445775216,13.408022600966758,1110.2462361384185,2321.7937181393386,17135017.349324975,25016479.397441525,180
60000.0,iir_o8_bw5000,8,5000.0,14.695459005653873,11.46074676876543,30.065132673429318,22.48395063619721,19.299517174141496,15.411507773540102,1.619708835351191,0.3571653722654929,1.026103716732847,0.0724995186872467,38.3,37.435367019846545,37.3,37.435367019846545,-3.615720701693748,3.727203967686051,205.72222222222223,127.13293335574964,102.86111111111111,63.56646667787482,17231978.847554274,25064239.240674593,2371.519796202757,4887.208270164028,16787.093947373512,28411.491531407075,37.07631850232033,7.190588465420041,17231978.847554274,25064239.240674593,2363.197859676952,4872.983538159298,17004.212724906847,29195.790472223533,74.19598013277644,14.406243913919262,60317.460317460325,0.0,317.4603174603253,0.0,8.321936525805095,15.18863902248474,2363.197859676952,4872.983538159298,17231978.847554274,25064239.240674593,180
60000.0,iir_o5_bw4500,5,4500.0,14.554329444375291,11.372316854989213,29.741442866112397,22.263572131067257,19.21240972546474,15.325569084578722,1.603462852308757,0.33698004801950754,1.0273250738465394,0.0733383378579149,38.28888888888889,38.361044149706636,37.28888888888889,38.361044149706636,-3.6161699035345407,3.814862620664476,207.25,126.41272631464633,103.625,63.20636315732317,17155418.568093717,24999342.152360033,1493.6505095523046,3162.4865648385353,50179.099580020935,126983.92428759567,39.43795166211674,7.969551728128003,17155418.568093717,24999342.152360033,1485.4031345919404,3149.1505945718573,51963.15249190899,132722.42500095128,78.96452939846289,16.019766498713054,60317.460317460325,0.0,317.4603174603253,0.0,8.247374960363754,14.180206106079927,1485.4031345919404,3149.1505945718573,17155418.568093717,24999342.152360033,180
60000.0,iir_o8_bw7000,8,7000.0,15.080097093940871,11.78604479899532,30.253495615206734,22.73680402879503,21.700899117605655,17.378066841558066,1.483884960393461,0.3600293792839646,1.0224231658669878,0.07312964635307309,38.17777777777778,35.144578569892815,37.17777777777778,35.144578569892815,-3.625307225495493,3.4926216379526775,209.61666666666667,143.41732186974662,104.80833333333334,71.70866093487331,17227722.590773985,24979207.294734832,119384.96616517432,176044.55315340456,1239.188195967424,9946.121266467859,22.945313922489934,5.766695221218661,17227722.590773985,24979207.294734832,119368.89324638229,176034.25592570376,1428.2479748679716,12413.451533346768,45.91398707941858,11.605248089875861,60317.460317460325,0.0,317.4603174603253,0.0,16.086220581953725,31.476098357636424,119368.87994459237,176034.26499589064,17227722.590773985,24979207.294734832,180
60000.0,iir_o6_bw4000,6,4000.0,14.411292030538986,11.280865626107252,29.559392664333966,22.169914258666257,19.025521888576485,15.132893987819266,1.6018455688738236,0.31838820406363105,1.0289384556294543,0.0756524129674512,38.52777777777778,38.31688376716353,37.52777777777778,38.31688376716353,-3.639410646035348,3.807524862978501,205.19444444444446,117.7712059554609,102.59722222222223,58.88560297773045,17090221.72986785,24950446.941325083,1139.4912404139354,2374.191598197276,57564.308659128714,231051.82123207048,40.442429788343375,7.270666481213675,17090221.72986785,24950446.941325083,1130.9987835817292,2361.858358222122,60226.918507520975,254778.56065450335,80.97412114802478,14.593409210528124,60317.460317460325,0.0,317.4603174603253,0.0,8.49245683220645,13.443410319808521,1130.9987835817292,2361.858358222122,17090221.72986785,24950446.941325083,180
60000.0,iir_o3_bw6500,3,6500.0,14.968144190076773,11.673704486652307,30.430097884450653,22.64809078779607,21.40911190136829,17.27520348075496,1.5113736558797526,0.34726239484612537,1.0246425195596927,0.07983241475130788,38.394444444444446,33.63748527893771,37.394444444444446,33.63748527893771,-3.641805001004527,3.337267364011158,200.5,145.16153591216883,100.25,72.58076795608442,17156663.319315296,24921603.073938526,192221.9945048336,288348.19214693154,202.6458433906235,283.33688290202724,19.99265704505752,5.226974484778993,17156663.319315296,24921603.073938526,192156.26273346232,288310.4539825843,203.408425315076,285.4233912205003,39.995219403650005,10.465843205338501,60317.460317460325,0.0,317.4603174603253,0.0,65.731771371259,116.18455614937606,192156.26273346232,288310.4539825843,17156663.319315296,24921603.073938526,180
60000.0,iir_o7_bw5000,7,5000.0,14.688804178328626,11.458013419728841,29.988261863277685,22.420609731081164,19.35112986154966,15.456799806824245,1.611933584310496,0.35565334774450513,1.0262354115920098,0.07280969500370106,38.62222222222222,37.270287948300364,37.62222222222222,37.270287948300364,-3.6490536603827017,3.710080273600135,204.82777777777778,127.41551393203603,102.41388888888889,63.70775696601802,17229234.892720506,25061749.357115112,2313.5512608526146,4745.163794755553,20776.778334403778,48739.82356946865,37.28163669612704,7.409196852664763,17229234.892720506,25061749.357115112,2305.1674016369957,4730.759248903061,21405.249595557016,53283.279378053885,74.61270368709145,14.858309852905833,60317.460317460325,0.0,317.4603174603253,0.0,8.38385921561888,15.31090843767503,2305.1674016369957,4730.759248903061,17229234.892720506,25061749.357115112,180
60000.0,iir_o5_bw4000,5,4000.0,14.370933228847397,11.25145735787147,29.367912616700536,21.989638833099182,19.05231102908288,15.171780208766165,1.5921407107103975,0.3232345322512071,1.0295683015101769,0.07702825425986029,38.888888888888886,38.24938585535209,37.888888888888886,38.24938585535209,-3.67703219051788,3.800038322597497,205.71666666666667,118.46208525286944,102.85833333333333,59.23104262643472,17010530.50897889,24838157.106703043,1176.4911953537235,2427.398959520779,90464.75549075403,568080.9572026171,40.40679315803153,7.519618180067918,17010530.50897889,24838157.106703043,1167.9660014166273,2414.9368358403185,105653.96744760306,755542.9210104359,80.90925168346743,15.127911385306751,60317.460317460325,0.0,317.4603174603253,0.0,8.525193937096198,13.513264778254014,1167.9660014166273,2414.9368358403185,17010530.50897889,24838157.106703043,180
60000.0,iir_o6_bw5000,6,5000.0,14.678442033224977,11.453337904107693,29.87523379347837,22.32506598761024,19.426250495417058,15.52487521905364,1.600710851493875,0.35362792182006475,1.0263735169006247,0.07313495045186712,38.98888888888889,37.497260814504,37.98888888888889,37.497260814504,-3.687347188432598,3.731788501169872,204.0222222222222,127.63127563482944,102.0111111111111,63.81563781741472,17222278.99924485,25053848.28671697,2253.2149093086477,4494.2558536044135,30270.423565325993,92938.86239662302,37.56247606111608,7.726456071294498,17222278.99924485,25053848.28671697,2244.7561333231506,4479.649020014275,32375.50546137723,110202.76027151388,75.18572911916024,15.52313339735564,60317.460317460325,0.0,317.4603174603253,0.0,8.45877598549703,15.481056277927898,2244.7561333231506,4479.649020014275,17222278.99924485,25053848.28671697,180
60000.0,iir_o6_bw6500,6,6500.0,14.919410594327637,11.6493419869183,29.577537717395572,22.029814940261616,21.07982127551821,16.935288903483926,1.4856844097990634,0.34911349890184423,1.0236742316198768,0.07608270052732082,39.09444444444444,36.538293560833935,38.09444444444444,36.538293560833935,-3.716296979910921,3.632522179216985,209.61666666666667,146.52619172125918,104.80833333333334,73.26309586062959,17233348.892689615,25001095.831891235,43544.52825086339,64440.29652243033,1040.7588719351581,1836.7439531393804,26.72430011138208,5.2457336868214695,17233348.892689615,25001095.831891235,43532.604497232125,64435.142534572464,1048.156776369423,1865.4616746445454,53.465613666707355,10.510253899063343,60317.460317460325,0.0,317.4603174603253,0.0,11.923753631261603,24.81498919822686,43532.604497232125,64435.142534572464,17233348.892689615,25001095.831891235,180
60000.0,iir_o4_bw4500,4,4500.0,14.501350418362808,11.337833603737929,29.40229525567545,21.950421565860694,19.335348699314316,15.448241816384469,1.5791984908105667,0.33822341498775216,1.0279962222426637,0.07467883148645872,39.28888888888889,38.377351457647336,38.28888888888889,38.377351457647336,-3.719822270317941,3.8149990583190796,208.9611111111111,128.66093171866058,104.48055555555555,64.33046585933029,17070008.02708707,24885912.704525087,1749.6417863097793,3292.0805455413283,47104.650936328544,177803.73654424687,38.741195376182844,7.383066274106611,17070008.02708707,24885912.704525087,1741.22988556918,3278.0653976673234,49338.56083339228,191953.16611903647,77.54906900905624,14.822937776891267,60317.460317460325,0.0,317.4603174603253,0.0,8.411900740599034,14.590654742383997,1741.22988556918,3278.0653976673234,17070008.02708707,24885912.704525087,180
60000.0,iir_o7_bw6500,7,6500.0,14.913555483012086,11.644916553690894,29.56219437719844,22.027724394221515,21.02706317655286,16.898291386272696,1.4867317027411282,0.34825906447371197,1.0236907414668417,0.0762096621385721,39.144444444444446,36.92225294127467,38.144444444444446,36.92225294127467,-3.721112542842627,3.671159221931558,209.16666666666666,147.1386493172512,104.58333333333333,73.5693246586256,17238625.44622503,25006075.234519303,35886.64561432743,54110.27147546265,1206.6909903965332,2239.9299587672394,27.43323954212797,5.096919362331872,17238625.44622503,25006075.234519303,35874.995241303855,54105.72174139746,1215.3811073603188,2273.9393626557053,54.885645316997284,10.212915179565213,60317.460317460325,0.0,317.4603174603253,0.0,11.65037302357722,24.690657656672787,35874.995241303855,54105.72174139746,17238625.44622503,25006075.234519303,180
60000.0,iir_o4_bw4000,4,4000.0,14.29955251465404,11.199497091041806,29.036639773922495,21.683838075522658,19.10422977632841,15.244002040171853,1.5747380307505914,0.329819518748218,1.0304143909549128,0.07892807121654316,39.388888888888886,38.44554865064404,38.388888888888886,38.44554865064405,-3.7297651743710056,3.8183975883097987,206.49444444444444,119.27975178897913,103.24722222222222,59.63987589448956,16861377.33403468,24637773.74005031,1275.9516386009468,2526.9623102354903,49022.486771913864,141311.63252636566,40.00900005986564,7.2016159161522415,16861377.33403468,24637773.74005031,1267.3921221038258,2514.174241984858,49745.73923060895,144040.50686649053,80.0886757012359,14.427602300591465,60317.460317460325,0.0,317.4603174603253,0.0,8.559516497120976,13.654064801454872,1267.3921221038258,2514.174241984858,16861377.33403468,24637773.74005031,180
60000.0,iir_o8_bw6500,8,6500.0,14.909425901609708,11.641440916866964,29.568176724533892,22.036371988586765,20.987161105435916,16.87269217736022,1.4884737518493478,0.3480871364144475,1.023767288191593,0.07652707221270898,39.26111111111111,37.33217401432214,38.26111111111111,37.33217401432214,-3.7324877935287066,3.7127743209069184,209.92777777777778,146.65564236119562,104.96388888888889,73.32782118059781,17242362.96010169,25009866.54498057,31676.03418799328,49730.72448591482,1586.6527963665117,3280.849622349733,28.04014412518409,5.3295547929801215,17242362.96010169,25009866.54498057,31664.461759617745,49726.33521942654,1601.7601801181413,3337.0354078205423,56.10354899092307,10.684880317870443,60317.460317460325,0.0,317.4603174603253,0.0,11.572428375534034,24.70462645363159,31664.461759617745,49726.33521942654,17242362.96010169,25009866.54498057,180
60000.0,iir_o8_bw3500,8,3500.0,14.165649911847845,11.126056428814536,28.73598379910489,21.46499688639103,19.06697398855773,15.186761812905688,1.5624098886445899,0.3086216017025987,1.0328873517616797,0.08493492329934745,39.43333333333333,38.47746202387682,38.43333333333333,38.47746202387682,-3.7349949472324973,3.8157248694932226,204.63333333333333,110.65598712240346,102.31666666666666,55.32799356120173,16892144.338177,24706991.934814848,1301.3683749514462,2163.1459422438097,42875.92600717448,107915.90242039245,40.361256277877665,6.5566519909633625,16892144.338177,24706991.934814848,1291.8300940840504,2149.559310846283,43439.11910762703,109483.52702698651,80.79657147654727,13.125899413607765,60317.460317460325,0.0,317.4603174603253,0.0,9.538280867395882,14.100892740582037,1291.8300940840504,2149.559310846283,16892144.338177,24706991.934814848,180
60000.0,iir_o7_bw3500,7,3500.0,14.14339996750162,11.105962846510506,28.659950210465876,21.38668342241843,19.051546490017845,15.179595039860322,1.5611945236835525,0.3139474433136868,1.0330737348331462,0.08536798175827913,39.49444444444445,38.47113075962638,38.49444444444445,38.47113075962638,-3.7413946113564256,3.814996328389137,204.75,110.81576007754607,102.375,55.40788003877304,16826797.402176972,24611532.233480275,1286.4292473864477,2155.3242239034407,42529.09219197125,104558.38745609617,40.37291747971093,6.572987404839949,16826797.402176972,24611532.233480275,1276.964452975335,2141.857560301915,43101.76233127353,106090.0197080624,80.82025769204374,13.159581907154353,60317.460317460325,0.0,317.4603174603253,0.0,9.464794411112715,14.003218392636112,1276.964452975335,2141.857560301915,16826797.402176972,24611532.233480275,180
60000.0,iir_o5_bw6500,5,6500.0,14.928151408302488,11.655228063065309,29.660274013491314,22.08487890046837,21.16405419232496,17.006907546260923,1.4862186032764928,0.34995832067488847,1.0237707567730843,0.07634611336228933,39.361111111111114,36.32807737084975,38.361111111111114,36.32807737084975,-3.742861113181671,3.610628102789836,205.55,147.75781464176268,102.775,73.87890732088134,17225014.420628056,24993496.270881236,59016.71378442342,88369.38235169278,4586.310981102857,38855.45881336772,26.020526576257776,6.691037365331636,17225014.420628056,24993496.270881236,59004.075615764064,88362.70835574945,4845.305670692914,41339.070081367645,52.07541991265709,13.460017853770593,60317.460317460325,0.0,317.4603174603253,0.0,12.667494204943525,25.578608512034158,59004.046290218466,88362.7280462322,17225014.420628056,24993496.270881236,180
60000.0,iir_o7_bw5500,7,5500.0,14.747978232101852,11.503045496335274,29.685520479151805,22.126336412650215,19.833210854292172,15.890749198769672,1.5672127107084117,0.36071318396124363,1.026490918192679,0.07576992781195291,39.51111111111111,37.72992660855606,38.51111111111111,37.72992660855606,-3.745076155516062,3.75504560600658,211.94444444444446,139.08020764619064,105.97222222222223,69.54010382309532,17237307.695906185,25040472.767258085,3790.2130492822007,6501.371438061043,13773.727857929336,37825.060671729916,35.36668271851655,7.21706920728334,17237307.695906185,25040472.767258085,3781.0218408589835,6485.990384538633,13916.790478013572,38404.21706227815,70.7647368482364,14.452558015997466,60317.460317460325,0.0,317.4603174603253,0.0,9.191208423217542,17.553652280099374,3781.0218408589835,6485.990384538633,17237307.695906185,25040472.767258085,180
60000.0,iir_o8_bw5500,8,5500.0,14.750149003165424,11.502906800102627,29.749540498900615,22.182554176611042,19.77339903286995,15.82584604090136,1.574215317823337,0.36275700998768895,1.0266824897170421,0.07604687860603432,39.522222222222226,37.896869102494065,38.522222222222226,37.896869102494065,-3.7451385514305837,3.771833585308339,212.36111111111111,138.71605030883657,106.18055555555556,69.35802515441829,17238958.453432865,25040383.238386255,3868.1131426070674,6995.139249711303,17675.260204846913,75340.0574516796,35.30811955757215,7.446820213256663,17238958.453432865,25040383.238386255,3858.911204683408,6978.9695667578635,18675.024545636366,86384.6261317075,70.65227206542819,14.93331054599195,60317.460317460325,0.0,317.4603174603253,0.0,9.20193792365915,17.4566159475779,3858.911204683408,6978.9695667578635,17238958.453432865,25040383.238386255,180
60000.0,iir_o5_bw5000,5,5000.0,14.660947080017412,11.444485535393534,29.69415794693702,22.163436688958985,19.53544826515513,15.629403264002434,1.5843992319598261,0.3513284282393049,1.0265126014913988,0.07351220604906954,39.544444444444444,37.71420345370871,38.544444444444444,37.71420345370871,-3.745312975920827,3.752455202644858,204.3388888888889,128.19804702618669,102.16944444444445,64.09902351309334,17204537.89208864,25032050.955220718,2346.2223069288925,4262.650187180715,29266.37462744814,117470.73763275734,37.37941505467654,7.373141961689287,17204537.89208864,25032050.955220718,2337.668918915751,4247.90727720243,31986.160359907393,146218.92827896055,74.81501862239938,14.811348410121287,60317.460317460325,0.0,317.4603174603253,0.0,8.553388013141475,15.74486819225272,2337.668918915751,4247.90727720243,17204537.89208864,25032050.955220718,180
60000.0,iir_o2_bw5500,2,5500.0,14.591490202252057,11.399817977408667,29.651236629438014,21.839280895928553,20.586047460272184,16.56472551345978,1.5293722725461196,0.3486104193795778,1.0265295842274358,0.08028588172358221,39.516666666666666,34.1728231724483,38.516666666666666,34.1728231724483,-3.7507090988941325,3.3877641694081224,190.34444444444443,136.51235735998458,95.17222222222222,68.25617867999229,16746384.75155349,24443134.33055753,158030.72816787605,227142.2920940424,261.628187004531,413.14424687577934,20.51524115806945,5.542188938029418,16746384.75155349,24443134.33055753,156519.61436808095,226445.31471536693,294.8399209970464,522.3586747321597,41.26005568909352,11.420559497511876,60317.460317460325,0.0,317.4603174603253,0.0,1544.2171293529566,3341.0405645586216,156486.51103852308,226466.84007804087,16746384.75155349,24443134.33055753,180
60000.0,iir_o6_bw3500,6,3500.0,14.108954550716735,11.076156686170163,28.54640289413046,21.27672835302988,19.02830237633714,15.167722063896642,1.5588576580940452,0.3203562232655883,1.033309887482258,0.08593639690086528,39.6,38.518456723756316,38.6,38.518456723756316,-3.7524360108384256,3.8198244365923437,204.86111111111111,110.93391076410201,102.43055555555556,55.46695538205102,16731160.605898494,24477967.15952403,1268.440051853932,2148.447990511412,45392.712399496624,118140.14616091074,40.39864626228355,6.649178379996064,16731160.605898494,24477967.15952403,1259.0775282407435,2135.1517660352915,46314.24838191815,121970.54721114876,80.87420925436787,13.320236502013211,60317.460317460325,0.0,317.4603174603253,0.0,9.362523613188388,13.867154978911428,1259.0775282407435,2135.1517660352915,16731160.605898494,24477967.15952403,180
60000.0,iir_o4_bw6500,4,6500.0,14.942298753729222,11.663350739546798,29.89429576443278,22.258582255118633,21.28756800161083,17.128247233484544,1.4916408568473967,0.3494254941106641,1.0240466387891372,0.07743143112375964,39.7,35.544432811772566,38.7,35.544432811772566,-3.7757538471511705,3.5293575968930004,205.49444444444444,149.22033864782003,102.74722222222222,74.61016932391001,17208023.899245694,24977102.46274705,94800.85606989235,144492.14028856234,615.1925586441537,1347.3495133245656,23.516379880024704,5.6371743849678495,17208023.899245694,24977102.46274705,94785.89567543686,144481.98988751834,622.0417093624154,1379.9625266508156,47.04582469168669,11.297323373091631,60317.460317460325,0.0,317.4603174603253,0.0,14.960394455491805,29.450737354425353,94785.89567543686,144481.98988751834,17208023.899245694,24977102.46274705,180
60000.0,iir_o4_bw6000,4,6000.0,14.819007848259526,11.568700676707643,29.387470059786917,21.78122265063044,20.69971243805925,16.62756180871424,1.5011975239419566,0.34729206390354617,1.0248936900520251,0.07642059874681405,39.72222222222222,36.98634136472689,38.72222222222222,36.98634136472689,-3.7763275016779114,3.675534725984762,204.47222222222223,145.30774241659438,102.23611111111111,72.65387120829719,17207923.413102917,24992972.72147097,32537.628964263982,48903.67604314099,1793.9872049914657,4007.3010742797615,28.069321761896067,5.7951964838169046,17207923.413102917,24992972.72147097,32526.45660905975,48896.46879122473,1865.6537991222249,4493.679708114685,56.1716256670735,11.655314981530038,60317.460317460325,0.0,317.4603174603253,0.0,11.172355204229607,23.025827121214444,32526.45660905975,48896.46879122473,17207923.413102917,24992972.72147097,180
60000.0,iir_o6_bw5500,6,5500.0,14.744356763903369,11.502809033712632,29.591402583090343,22.03917949499731,19.917206555874824,15.981634272179374,1.557637214754139,0.35835423906329356,1.0262570976433862,0.075431683337254,39.827777777777776,37.783096122155456,38.827777777777776,37.783096122155456,-3.7781899172424405,3.7597644382721693,211.15555555555557,139.88526113144493,105.57777777777778,69.94263056572247,17233462.069975946,25038283.533754684,3999.169826494594,6353.050914887276,16470.27156043115,47629.610826652795,35.31088014508427,7.235607116905742,17233462.069975946,25038283.533754684,3989.9821499004042,6339.296310675173,17045.45614738433,50069.54851797252,70.6688893464616,14.52993889366976,60317.460317460325,0.0,317.4603174603253,0.0,9.187676594189378,17.712866549710647,3989.9821499004042,6339.296310675173,17233462.069975946,25038283.533754684,180
60000.0,iir_o5_bw3500,5,3500.0,14.054500363848408,11.031482935747473,28.367769144787832,21.11457947928406,18.997361618136477,15.156152892998703,1.554116140958465,0.32758977482517443,1.0336264170503062,0.08674035111626366,39.894444444444446,38.735674551114464,38.894444444444446,38.73567455111447,-3.782768179009823,3.841692645117055,205.10555555555555,111.38250051725961,102.55277777777778,55.69125025862981,16587653.147909956,24287101.75394224,1251.8231997934809,2147.6621618556183,54310.98874083607,184983.16772180342,40.41670735887072,6.788796636939591,16587653.147909956,24287101.75394224,1242.5993976600728,2134.590134467264,58399.21067429511,223667.8306115064,80.91924574905664,13.634301715652443,60317.460317460325,0.0,317.4603174603253,0.0,9.223802133408135,13.685719516247493,1242.5993976600728,2134.590134467264,16587653.147909956,24287101.75394224,180
60000.0,iir_o5_bw5500,5,5500.0,14.737636977912661,11.501266205680928,29.455076428017016,21.900433566665495,20.035323036304554,16.103572655975416,1.5442768183733748,0.3555317286090778,1.026043059948226,0.07512653275810417,40.25,37.89354022866501,39.25,37.89354022866501,-3.8224382490693145,3.770317989605169,209.35,142.04501902624958,104.675,71.02250951312479,17223350.216587838,25028678.897086587,5204.9572358458045,7596.291990340193,8208.741894283501,15984.332683481529,34.30058270188458,6.359385150940996,17223350.216587838,25028678.897086587,5195.733492653975,7585.193413782158,8328.421855307593,16425.32268646431,68.63593950213289,12.749127666971894,60317.460317460325,0.0,317.4603174603253,0.0,9.223743191828753,18.01706964245386,5195.733492653975,7585.193413782158,17223350.216587838,25028678.897086587,180
60000.0,iir_o4_bw5000,4,5000.0,14.628096344023735,11.42569309736408,29.39410200650633,21.87992138528344,19.695134307926466,15.789767608086086,1.5604532817475776,0.3493168858456177,1.026731564973806,0.07413002878359178,40.333333333333336,37.81460212772591,39.333333333333336,37.81460212772591,-3.8278114947122015,3.7604651710039345,206.95,130.2231121519813,103.475,65.11155607599065,17156824.2692318,24971898.96069022,3522.853384224222,5332.3768979834795,19304.413917033427,57492.79331352432,36.25882393079941,6.971582001691784,17156824.2692318,24971898.96069022,3514.1163521359176,5318.724094611222,21926.04247320573,78946.64080147297,72.59872528804385,14.085575796322477,60317.460317460325,0.0,317.4603174603253,0.0,8.73703208830449,16.38526115757352,3514.1163521359176,5318.724094611222,17156824.2692318,24971898.96069022,180
60000.0,iir_o4_bw3500,4,3500.0,13.964888063436842,10.962776086321957,28.068137939245297,20.85756512728712,18.95757627947879,15.1533856245294,1.54465565932048,0.3359421357295046,1.0341065106444727,0.08797627005017218,40.394444444444446,38.63545383434395,39.394444444444446,38.63545383434395,-3.8344284814314693,3.831656960680471,206.85,115.85323382499728,103.425,57.92661691249864,16363950.12621163,24002266.62510818,1253.9006205564137,2169.896291767382,67174.73049506317,389459.19983458525,40.30438496567394,6.822538516666702,16363950.12621163,24002266.62510818,1244.869921977965,2157.089770634869,87056.92911622854,646450.10066702,80.70200255937468,13.752831815039336,60317.460317460325,0.0,317.4603174603253,0.0,9.030771111456835,13.456700514895688,1244.8698494449568,2157.089812726759,16363950.12621163,24002266.62510818,180
60000.0,iir_o5_bw6000,5,6000.0,14.817633212374941,11.565371406354444,29.381557251116703,21.79913921045932,20.550570770596053,16.49720836964842,1.5078763552570043,0.3481307566911159,1.0250355951701193,0.07627416804455524,40.333333333333336,37.327330589509714,39.333333333333336,37.327330589509714,-3.836421675530562,3.711589275255555,208.9777777777778,144.6484065400902,104.4888888888889,72.3242032700451,17229212.53519851,25014821.96456118,17182.155073163034,25387.2423286787,4152.395368875366,17598.87453487894,30.162605520908205,5.693561267787537,17229212.53519851,25014821.96456118,17171.886137857407,25381.740590093334,4242.806589885985,18249.80438758012,60.34697794202191,11.41231964856877,60317.460317460325,0.0,317.4603174603253,0.0,10.268935305627583,21.079945623713556,17171.886137857407,25381.740590093334,17229212.53519851,25014821.96456118,180
60000.0,iir_o3_bw5500,3,5500.0,14.687147122599132,11.47353384065947,29.145042694783736,21.54835100498577,20.42917149885914,16.439194140807636,1.5080526232621145,0.3487052048032442,1.0259448350477478,0.07653232522826217,40.59444444444444,36.6145096284532,39.59444444444444,36.6145096284532,-3.8622947602398727,3.635861353088351,200.52777777777777,140.09563495548898,100.26388888888889,70.04781747774449,17098728.384354346,24880340.54974313,32660.832156929482,49003.63248351927,1534.8006021193335,4143.172443328176,27.79104306506326,5.440434758629311,17098728.384354346,24880340.54974313,32643.652292594146,48989.557683866566,1579.507112101818,4457.887307554372,55.60608442023823,10.922921218779925,60317.460317460325,0.0,317.4603174603253,0.0,17.179864335335424,29.902342061102125,32643.652292594146,48989.557683866566,17098728.384354346,24880340.54974313,180
60000.0,iir_o4_bw5500,4,5500.0,14.723167050277358,11.4951709695266,29.280634550730813,21.716257820478713,20.20043904004186,16.259858831857557,1.5265526080321634,0.35206446970531585,1.0258889010226386,0.07517259402502345,40.67777777777778,37.430107016080754,39.67777777777778,37.430107016080754,-3.8679000708521416,3.721749557690092,207.08333333333334,141.00140159373112,103.54166666666667,70.50070079686556,17193949.420543887,24995292.971429076,10192.486918937257,14835.88897091621,3947.75267985511,6284.074406415519,32.199028726993156,5.657921068926629,17193949.420543887,24995292.971429076,10182.954559931977,14827.000457047881,3965.2170169392807,6312.647183453826,64.42114993507755,11.32684366314823,60317.460317460325,0.0,317.4603174603253,0.0,9.532359005279185,19.073720228682376,10182.954559931977,14827.000457047881,17193949.420543887,24995292.971429076,180
60000.0,iir_o6_bw6000,6,6000.0,14.815698433046295,11.561551942735967,29.41574559810384,21.831184136347645,20.469296864034998,16.426770864636076,1.5140043714485836,0.35055739802426217,1.0253088382525974,0.07667453018221769,40.75555555555555,37.56746218169964,39.75555555555555,37.56746218169964,-3.8777296110100408,3.7369838653580976,210.87222222222223,144.71382009634638,105.43611111111112,72.35691004817319,17237478.22843594,25021737.508477885,11500.672096454113,17533.933940558705,2786.4290529249683,4424.3383214092755,31.203626792268697,5.31419335192779,17237478.22843594,25021737.508477885,11490.574185968688,17528.51971918429,2805.659300228104,4500.108110352542,62.42902675779657,10.643390255758387,60317.460317460325,0.0,317.4603174603253,0.0,10.097910485426087,20.625756207668083,11490.574185968688,17528.51971918429,17237478.22843594,25021737.508477885,180
60000.0,iir_o3_bw5000,3,5000.0,14.557646909885383,11.380765704843633,28.94355255467215,21.41586502762521,19.958693563497672,16.05368251133111,1.5258111229238374,0.3480776589264376,1.0272078875546016,0.07571764493008315,40.955555555555556,37.04456356381821,39.955555555555556,37.04456356381821,-3.895341082171249,3.6803513747311065,209.65555555555557,135.54715612365013,104.82777777777778,67.77357806182506,17018712.105645295,24797866.684748195,11862.99323133996,17630.984327178623,5873.719436032638,35442.576778851995,31.968758108795953,5.7534060543836345,17018712.105645295,24797866.684748195,11851.480524768649,17618.10766738254,5989.674034889653,36704.41169207004,63.96451012302047,11.529836591721306,60317.460317460325,0.0,317.4603174603253,0.0,11.518312385646361,21.43590972309834,11851.474918954313,17618.111459235788,17018712.105645295,24797866.684748195,180
60000.0,iir_o7_bw6000,7,6000.0,14.814455715936765,11.558529110621583,29.45381049407229,21.851166561956955,20.411154374464484,16.374778878911787,1.5192047637739174,0.35211639588627885,1.0256441012379205,0.07727624968604098,40.96666666666667,37.50141896756716,39.96666666666667,37.50141896756716,-3.8980363083331255,3.731469590421789,210.17777777777778,144.79973284473158,105.08888888888889,72.39986642236579,17241287.55170309,25023993.43389301,9059.74288876563,14580.26209376491,3911.090110419052,8689.364276646485,31.93040210072224,5.621740829979746,17241287.55170309,25023993.43389301,9049.6591695027,14573.987250385257,3942.4969764759876,8813.104141833239,63.88308526769391,11.258633365839408,60317.460317460325,0.0,317.4603174603253,0.0,10.083719262929813,20.41188608966757,9049.6591695027,14573.987250385257,17241287.55170309,25023993.43389301,180
60000.0,iir_o3_bw4000,3,4000.0,14.163073719271917,11.102967289665921,28.419202045403324,21.1208119910034,19.199967692597212,15.379203785795825,1.5427093284803182,0.3381055127431986,1.0315029886644234,0.08157402267757673,41.03888888888889,38.69481854200584,40.03888888888889,38.69481854200584,-3.8998427985581143,3.842163952122058,209.2111111111111,122.21498545247877,104.60555555555555,61.107492726239386,16564642.053923212,24254661.830725566,2067.2370247204944,3483.7470763977976,94395.37336732735,461710.0779041876,38.77917986839949,7.496281537341234,16564642.053923212,24254661.830725566,2058.4423331728913,3470.026849844939,96101.37258453274,468697.14513154613,77.62356746202418,15.03072726222665,60317.460317460325,0.0,317.4603174603253,0.0,8.794691547603314,14.730849864757275,2058.4423331728913,3470.026849844939,16564642.053923212,24254661.830725566,180
60000.0,iir_o3_bw6000,3,6000.0,14.815441117014693,11.565927556567258,29.61395675816558,21.941795469531876,20.922740517577964,16.819231273473346,1.5014217931901006,0.3482629498951947,1.0250657923853599,0.07790348178443629,40.96111111111111,35.707277302950715,39.96111111111111,35.707277302950715,-3.9000815064277075,3.5447481817512405,202.36111111111111,148.17842799779666,101.18055555555556,74.08921399889833,17139018.24599282,24914074.63839094,83412.22586100666,125533.33497529128,607.5811287792211,1619.2109399507242,23.757115802165515,5.427057371194124,17139018.24599282,24914074.63839094,83380.79726127605,125512.58536687831,617.6731899458812,1686.4212043057455,47.53013264015676,10.881396991453686,60317.460317460325,0.0,317.4603174603253,0.0,31.428599730610774,52.39980242096069,83380.79726127605,125512.58536687831,17139018.24599282,24914074.63839094,180
60000.0,iir_o8_bw6000,8,6000.0,14.814068230757565,11.556444228814449,29.4831508331513,21.86222550653532,20.374385847914574,16.33890732732602,1.5227050212172293,0.3528105387018223,1.0259858732469345,0.07792860847806768,41.09444444444444,37.71085187120074,40.09444444444444,37.71085187120074,-3.9102497167932166,3.7528435492593797,210.55555555555554,145.7514231260369,105.27777777777777,72.87571156301846,17243180.658052623,25024494.246533863,7931.346518914292,13218.648213632176,4883.624015270845,13240.904339159288,32.361932999486974,5.895580697164227,17243180.658052623,25024494.246533863,7921.24862403111,13211.00638392043,4899.974121244265,13294.008400620429,64.74241131905644,11.796191178093745,60317.460317460325,0.0,317.4603174603253,0.0,10.09789488318166,20.23636451359809,7921.24862403111,13211.00638392043,17243180.658052623,25024494.246533863,180
60000.0,iir_o3_bw4500,3,4500.0,14.396123080663799,11.266751848436748,28.804648454482813,21.37631822386337,19.534320986522154,15.66673301370086,1.5412675561164457,0.3426026323090603,1.0289605539406852,0.07691722392437232,41.355555555555554,38.59858193797531,40.355555555555554,38.59858193797531,-3.9323707630097076,3.835783656987348,213.35555555555555,132.3855307045037,106.67777777777778,66.19276535225185,16864192.518884428,24620317.20289203,4412.840425084625,6704.469881314647,57563.7711848733,281041.51444711,36.30784380234644,7.641277421477363,16864192.518884428,24620317.20289203,4403.494667226634,6690.409529977833,72326.66727846552,368692.04047174176,72.76595077855019,15.62526695637233,60317.460317460325,0.0,317.4603174603253,0.0,9.407321250923152,17.149786634365906,4403.433103833702,6690.450220228263,16864192.518884428,24620317.20289203,180
60000.0,iir_o3_bw3500,3,3500.0,13.806524445772205,10.851168474618577,27.520850839312548,20.404855630705402,18.901662357183284,15.164414712441024,1.524795296231536,0.344539610110047,1.034885684506936,0.089990389608995,41.74444444444445,38.97228957141519,40.74444444444445,38.9722895714152,-3.9727480407625126,3.8653716875086794,206.28333333333333,117.83258055014389,103.14166666666667,58.916290275071944,15991159.522943912,23537308.899665117,1442.5368260366372,2458.0228025901283,88231.92438910429,476873.0196522632,39.77084311151074,6.953450605712924,15991159.522943912,23537308.899665117,1433.7489511351016,2445.3912447711077,89656.29658231557,484957.19533606694,79.60868652494997,13.92772447529448,60317.460317460325,0.0,317.4603174603253,0.0,8.787874901535668,13.480317555447213,1433.7489511351016,2445.3912447711077,15991159.522943912,23537308.899665117,180
60000.0,iir_o2_bw5000,2,5000.0,14.387321619230049,11.262017532890958,28.77386082652246,21.128076381769496,20.210848676206915,16.253923900849358,1.5096895568307196,0.352495354974843,1.0280131019894785,0.08009385125505081,41.81111111111111,36.23369043833213,40.81111111111111,36.23369043833213,-3.9832125438578836,3.5929959592471867,198.57777777777778,137.77716425245353,99.28888888888889,68.88858212622677,16575927.12014313,24238351.89970254,78758.72130289905,113838.0987961106,476.00006432608427,700.7308992029351,23.47789996440832,5.364446412079839,16575927.12014313,24238351.89970254,78043.48554272042,113526.65431266896,535.3948937411907,924.424963086478,47.17313342363379,11.049529835607899,60317.460317460325,0.0,317.4603174603253,0.0,715.2357601786334,1519.148789893687,78043.48554272042,113526.65431266896,16575927.12014313,24238351.89970254,180
60000.0,iir_o8_bw3000,8,3000.0,13.656536631001874,10.733725026528903,26.934559544991007,19.63421705012164,18.985707747081214,15.220684014734378,1.5175843893000829,0.40438490981989245,1.0385664639941752,0.0969393076337257,42.327777777777776,38.923765995596455,41.327777777777776,38.923765995596455,-4.032923731232592,3.8538364198268904,211.56666666666666,134.1345984554071,105.78333333333333,67.06729922770354,15842359.35469227,23187450.86475642,1552.815730733739,2409.1244696056524,21577.053568453397,53824.14310550229,39.3597465223306,5.410224082408998,15842359.35469227,23187450.86475642,1542.7983348670334,2394.9759760447655,21693.63965777748,54055.23770818433,78.7798544854406,10.811742143404636,60317.460317460325,0.0,317.4603174603253,0.0,10.01739586670581,14.421283380823306,1542.7983348670334,2394.9759760447655,15842359.35469227,23187450.86475642,180
60000.0,iir_o7_bw3000,7,3000.0,13.61704112721169,10.702673466651385,26.848461137508572,19.590616173011767,18.938757958156664,15.183101595992596,1.5140679590322668,0.3986119814173507,1.0384147673477384,0.09656817809901871,42.73888888888889,39.677381070213514,41.73888888888889,39.677381070213514,-4.074490581415789,3.92915188364119,210.23888888888888,133.51054459596665,105.11944444444444,66.75527229798332,15759030.976579338,23113109.716855552,1526.2507910166053,2369.1905376981817,22227.567693086396,56067.660476284946,39.40907143690957,5.444721408992446,15759030.976579338,23113109.716855552,1516.333565528906,2355.2078317085843,22351.792569160178,56320.83611748719,78.87904298141744,10.881384810170005,60317.460317460325,0.0,317.4603174603253,0.0,9.917225487699078,14.254012865969317,1516.333565528906,2355.2078317085843,15759030.976579338,23113109.716855552,180
60000.0,iir_o6_bw3000,6,3000.0,13.568281248222668,10.666370129384728,26.738795567296954,19.537332504809008,18.87589637318861,15.136084374472633,1.510156244460595,0.39172560602452217,1.0383019823901454,0.09627606013492677,43.05555555555556,40.080885011000596,42.05555555555556,40.080885011000596,-4.1066518852394145,3.9698863009617344,209.37222222222223,133.03668711276285,104.68611111111112,66.51834355638142,15650275.442962434,23012709.544893198,1489.701320086399,2314.9398145348728,23212.11917884131,58865.39364583855,39.479153387285955,5.505735237452707,15650275.442962434,23012709.544893198,1479.9239014458544,2301.183555317178,23349.343778432933,59151.07335051165,79.01999429543812,11.004554171030112,60317.460317460325,0.0,317.4603174603253,0.0,9.777418640544314,14.027715061465779,1479.9239014458544,2301.183555317178,15650275.442962434,23012709.544893198,180
60000.0,iir_o5_bw3000,5,3000.0,13.504656603345353,10.621743516004294,26.58936218750666,19.464513073055326,18.788622629090494,15.07966603289448,1.5058667284519494,0.38447855057414415,1.0382633450785415,0.096121898878951,43.24444444444445,40.30063312673747,42.24444444444445,40.30063312673748,-4.126092045676526,3.9924128892446613,207.0388888888889,129.4065251775778,103.51944444444445,64.7032625887889,15503725.039994987,22870947.282306638,1439.5001802850638,2241.992045955931,25004.442288539216,63340.31018593106,39.580867253414674,5.62308857430588,15503725.039994987,22870947.282306638,1429.9234684343126,2228.556337046906,25169.524312635887,63696.396022834924,79.22465098718465,11.241537223802393,60317.460317460325,0.0,317.4603174603253,0.0,9.576711850751428,13.713947589355564,1429.9234684343126,2228.556337046906,15503725.039994987,22870947.282306638,180
60000.0,iir_o2_bw4500,2,4500.0,14.157787778036765,11.104290466350314,28.04966963103243,20.586785353322025,19.802616125238977,15.987094851386974,1.5010497163804137,0.35692349079515573,1.0301822137510281,0.08147037793082597,43.327777777777776,37.127717146479675,42.327777777777776,37.127717146479675,-4.13608150941336,3.682716295704799,205.67777777777778,139.99874921849704,102.83888888888889,69.99937460924852,16312466.825074079,23914615.220401958,36208.653882255625,52703.94364513872,956.8910446565649,1380.9462919953842,26.755955079315523,5.222566560680698,16312466.825074079,23914615.220401958,35898.86132520923,52565.222461753816,1033.5381090533015,1625.0652577575554,53.68934665393736,10.673052563997919,60317.460317460325,0.0,317.4603174603253,0.0,309.7925570463873,636.7500507280625,35898.86132520923,52565.222461753816,16312466.825074079,23914615.220401958,180
60000.0,iir_o4_bw3000,4,3000.0,13.413634817084017,10.56224351515289,26.364739928638148,19.347627340636393,18.665921480473045,15.00424015101794,1.4999170765115877,0.37675533982744946,1.0383962211689055,0.09619432055542829,43.94444444444444,40.75512405282485,42.94444444444444,40.75512405282485,-4.196887368449686,4.038934155144764,208.12222222222223,132.5401870354485,104.06111111111112,66.27009351772425,15295567.813075354,22652933.205415674,1373.1483340003958,2146.1230619121575,28627.909884617435,73502.42600870237,39.7122488591207,5.831827644609357,15295567.813075354,22652933.205415674,1363.8839435764382,2133.175381167778,28860.3224193345,74079.12289674052,79.48898335197755,11.663185010628258,60317.460317460325,0.0,317.4603174603253,0.0,9.264390423957732,13.251267197157766,1363.8839435764382,2133.175381167778,15295567.813075354,22652933.205415674,180
60000.0,iir_o2_bw4000,2,4000.0,13.870447679960881,10.90609262324339,27.343532457351333,20.115561218036966,19.33837317079862,15.6275417812878,1.495256550067447,0.3571248830012849,1.032517413523704,0.08496076566184926,44.56111111111111,38.26140081145259,43.56111111111111,38.26140081145259,-4.259982659128342,3.7974274401427692,213.1,130.15981152534314,106.55,65.07990576267157,15903450.628155954,23404504.840577606,15434.283197639377,22803.93607704751,2360.953221261,4208.5640308985485,30.377078832045623,5.323234933871247,15903450.628155954,23404504.840577606,15308.975510315147,22741.710713127697,2453.7650793055504,4345.6522909576,60.89631648412918,10.78323680287751,60317.460317460325,0.0,317.4603174603253,0.0,125.30768732423209,242.28055318062007,15308.975510315147,22741.710713127697,15903450.628155954,23404504.840577606,180
60000.0,iir_o3_bw3000,3,3000.0,13.261904665022424,10.470168297429389,25.967495450493242,19.117930599147048,18.492498249820105,14.926045331860463,1.489887241138124,0.3709440884972134,1.0386544626172092,0.09649506527626629,44.93888888888889,41.020115502683645,43.93888888888889,41.020115502683645,-4.29785558067736,4.066302763319812,205.24444444444444,129.04750423333124,102.62222222222222,64.52375211666562,14965362.754287241,22267455.766591698,1327.714001329235,2082.945462490158,33675.74401959456,108773.07647681689,39.67805628702958,5.977538161367961,14965362.754287241,22267455.766591698,1318.9650065026515,2070.7853132717282,33925.52252005697,109604.41198601191,79.41798100643868,11.953248703095325,60317.460317460325,0.0,317.4603174603253,0.0,8.748994826583628,12.630011669097511,1318.9650065026515,2070.7853132717282,14965362.754287241,22267455.766591698,180
60000.0,iir_o2_bw3500,2,3500.0,13.484507483752411,10.64242678442042,26.45194787576293,19.512241627102203,18.841063367577515,15.271538666925718,1.4866697998392944,0.3631238160568875,1.0352406613675615,0.09107010103694396,45.388888888888886,39.14168346192324,44.388888888888886,39.14168346192324,-4.343857466380663,3.8837275694987055,212.72222222222223,127.99445935789204,106.36111111111111,63.99722967894602,15271639.483976211,22610618.09893219,6306.702274392356,9696.994486473432,34751.738076847556,234203.12413084894,34.5247479657875,6.766709904749963,15271639.483976211,22610618.09893219,6258.219758137701,9666.442753925403,48630.79154754994,387396.5688348236,69.21897899113019,13.7940777324142,60317.460317460325,0.0,317.4603174603253,0.0,48.487489335178914,84.01777534352392,6258.214785057177,9666.445990051445,15271639.483976211,22610618.09893219,180
60000.0,iir_o2_bw3000,2,3000.0,12.949879888175905,10.286793733910594,25.128669326412005,18.55784505454546,18.239208023526285,14.883319137418875,1.4691765039772084,0.37879937108059486,1.038335501371433,0.09717045993399084,46.6,41.47026935315786,45.6,41.47026935315786,-4.467773894668212,4.114180145348497,202.59444444444443,130.49663182888685,101.29722222222222,65.24831591444342,14318902.906809147,21410623.437493887,2728.7368557795867,4456.159558080161,37861.2229536489,143826.89740256034,37.78052845272862,6.9890396864512345,14318902.906809147,21410623.437493887,2709.033898695784,4438.668853493296,51354.63642600424,216359.20351763198,75.8122796921667,14.446911264612519,60317.460317460325,0.0,317.4603174603253,0.0,19.71672210802108,30.10085890047714,2709.0201336715654,4438.677297812102,14318902.906809147,21410623.437493887,180
60000.0,iir_o2_bw2500,2,2500.0,12.208215605037354,9.818662654603637,23.269589072062963,17.272091622318175,17.453213728133697,14.42116144040473,1.4381149464578338,0.40288957197340386,1.0410453097225596,0.09483104044393352,51.62777777777778,43.59617001213384,50.62777777777778,43.59617001213384,-4.97603356109583,4.327249913818423,200.07222222222222,132.4047894691266,100.03611111111111,66.2023947345633,12951909.970453087,19676181.204478808,1435.6071207807677,2316.560102909541,31516.076426596017,117658.51983239956,39.04076644127712,5.958627004063133,12951909.970453087,19676181.204478808,1425.723846403802,2305.1711225590902,34288.5050858933,136422.32231906767,78.18426351263436,12.014871747764579,60317.460317460325,0.0,317.4603174603253,0.0,9.883274376965788,14.63048093071403,1425.723846403802,2305.1711225590902,12951909.970453087,19676181.204478808,180
60000.0,iir_o3_bw2500,3,2500.0,12.47537161119669,9.954400184230282,23.803395932653974,17.500959825645353,17.825077306804967,14.569184015317743,1.4382528366034557,0.40346876507916724,1.0423550990244674,0.09550688789391887,52.81111111111111,44.38465547029329,51.81111111111111,44.38465547029329,-5.094092193322787,4.404497392186181,208.74444444444444,145.5547708244065,104.37222222222222,72.77738541220324,13389769.268002562,20375277.955881,1230.8120492830933,1842.5643857371676,23256.56474159134,64815.15152287134,39.4141139477806,5.379859043897218,13389769.268002562,20375277.955881,1222.75124192124,1831.6653689854254,23418.38625075791,65296.97108849971,78.88943463084605,10.754630186714198,60317.460317460325,0.0,317.4603174603253,0.0,8.060807361853106,11.13601115242646,1222.75124192124,1831.6653689854254,13389769.268002562,20375277.955881,180
60000.0,iir_o4_bw2500,4,2500.0,12.590071023377288,9.996013744529105,24.00692606979625,17.521973236223374,18.016078302957673,14.643514599295074,1.4376204544975166,0.4140459618592692,1.0427605482718436,0.09602176541037959,54.00555555555555,45.038096502418284,53.00555555555555,45.038096502418284,-5.2138735940821785,4.469116918500382,208.54444444444445,147.02260390276334,104.27222222222223,73.51130195138167,13532114.107423889,20604704.03678586,1336.027840580744,2014.8587120983434,21356.325528157347,59241.62730891853,39.21069809807501,5.283208357588012,13532114.107423889,20604704.03678586,1327.402708733551,2003.1711773739503,21493.71967873396,59636.526500839194,78.48196656996205,10.559799409296348,60317.460317460325,0.0,317.4603174603253,0.0,8.625131847193057,11.892074261725147,1327.402708733551,2003.1711773739503,13532114.107423889,20604704.03678586,180
60000.0,iir_o5_bw2500,5,2500.0,12.644297078919939,10.007990727059115,24.105922682470563,17.515104008853406,18.119533709615393,14.684981604259114,1.4369686903810588,0.42203850377113095,1.043060534658196,0.09657320629075183,54.644444444444446,44.70656935244587,53.644444444444446,44.70656935244586,-5.278061449062288,4.435091257037327,204.48333333333332,149.91895296492888,102.24166666666666,74.95947648246444,13579679.269477503,20690349.890625715,1403.302847539238,2120.7920671203365,20730.599885560565,58640.9352950388,39.075048966621324,5.2460138970688295,13579679.269477503,20690349.890625715,1394.3691997870878,2108.683237357776,20859.56496575468,59018.34184084149,78.21000341430539,10.484757832103671,60317.460317460325,0.0,317.4603174603253,0.0,8.933647752150183,12.317391633758104,1394.3691997870878,2108.683237357776,13579679.269477503,20690349.890625715,180
60000.0,iir_o6_bw2500,6,2500.0,12.67001546346083,10.008787911821196,24.15473060480732,17.508310629959535,18.17375323295948,14.70430031203795,1.4363495929446874,0.4274629952070918,1.043217645858438,0.09706152010340881,55.172222222222224,44.695972417449454,54.172222222222224,44.695972417449454,-5.3310951999261,4.434555810551611,204.9777777777778,150.50210026766496,102.4888888888889,75.25105013383248,13591510.477183782,20727791.556041643,1442.0103939352268,2181.782056379053,20205.084582657702,56890.10397081468,38.9977448876395,5.219058238135315,13591510.477183782,20727791.556041643,1432.907649956867,2169.449265910165,20328.682595934915,57249.540072078446,78.05501987085556,10.430568833933213,60317.460317460325,0.0,317.4603174603253,0.0,9.102743978359655,12.547295184556422,1432.907649956867,2169.449265910165,13591510.477183782,20727791.556041643,180
60000.0,iir_o7_bw2500,7,2500.0,12.679889326389883,10.004333830082347,24.17225601090244,17.503294786519852,18.19381451250012,14.702482038704114,1.435552416919157,0.4304013740690119,1.043308727627462,0.0974659722095365,55.5,44.99987585333589,54.5,44.99987585333589,-5.364095836063186,4.465260096897575,200.05,145.10756076078232,100.025,72.55378038039116,13587980.400345324,20747475.539573498,1463.5194916398634,2216.52427407745,19754.402315460145,54775.321630315935,38.95587107741819,5.195134916889943,13587980.400345324,20747475.539573498,1454.328360947062,2204.079481332538,19874.01979143801,55116.76416938816,77.97107062103598,10.382579875447608,60317.460317460325,0.0,317.4603174603253,0.0,9.19113069280147,12.664864128524734,1454.328360947062,2204.079481332538,13587980.400345324,20747475.539573498,180
60000.0,iir_o8_bw2500,8,2500.0,12.682022821797348,9.998539230173881,24.175617295472527,17.503471137561107,18.20360110175987,14.700521779142298,1.4344166565103829,0.4315004033566133,1.0432805647263974,0.0974928219451503,55.98888888888889,44.95124471016538,54.98888888888889,44.95124471016538,-5.413227888411791,4.460716298449507,197.33333333333334,142.822662239443,98.66666666666667,71.4113311197215,13578242.783530312,20759642.106576174,1476.1321773451791,2237.5588169543903,19427.09797261756,53085.50568896366,38.93315114577407,5.1746710362828505,13578242.783530312,20759642.106576174,1466.8934655972278,2225.0573050343123,19544.142266682447,53414.42638534199,77.92552163172475,10.341585628275672,60317.460317460325,0.0,317.4603174603253,0.0,9.238711747951607,12.72636151745626,1466.8934655972278,2225.0573050343123,13578242.783530312,20759642.106576174,180
